customer_id,region,age,txn_freq_month,avg_txn_value_tzs,mobile_login_freq_month,savings_balance_tzs,loan_active_flag,days_since_last_txn,_true_segment
CUS00000,Zanzibar,37,46.81290521291349,76467.14111410879,42.176008855065504,205752.00219173805,0,1.2206793462649748,high_freq_trader
CUS00001,Morogoro,24,9.185456912039136,14140.706005065013,6.358675619438412,1067811.0201922075,0,5.591451882945903,rural_saver
CUS00002,Mbeya,18,10.725825415336082,34097.10253893186,12.458576192327289,250412.67333637783,1,5.6163501774501645,loan_active
CUS00003,Tanga,44,0.535294787708669,8103.080774779965,0.3548786260616873,113187.20893109997,0,99.81193092386144,dormant
CUS00004,Mwanza,49,22.2275372195704,38844.06300963908,23.52577696535749,444918.5751979293,0,2.3569088492157046,urban_digital
CUS00005,Mbeya,30,15.511551669044302,17709.288532577488,9.794628566620123,172496.5164738324,1,6.945584722871481,loan_active
CUS00006,Tanga,52,69.93525920936649,94678.54966925539,29.479563127699365,87724.98397762293,0,1.5979920891908845,high_freq_trader
CUS00007,Arusha,26,72.67931818849928,107090.71823699302,32.709508090130626,559714.3126548515,1,0.8070806126941892,high_freq_trader
CUS00008,Dodoma,25,29.54070268908314,24947.290981938542,27.498366376764313,409285.83706119464,0,1.4783796626418404,urban_digital
CUS00009,Arusha,48,5.677541137638397,24446.89773008677,6.770119254097281,1006343.686498637,0,13.37680476277154,rural_saver
CUS00010,Dar es Salaam,42,4.340363235584942,14612.80566183899,0.3560835408638394,1236930.6330782685,0,10.320330498492343,rural_saver
CUS00011,Mwanza,27,10.479554169254598,28366.5055833554,12.506305559164016,170364.33004101797,1,4.0237824493227965,loan_active
CUS00012,Dar es Salaam,18,0.5629180276104164,6362.13778995053,0.0,40023.1045556492,0,81.79185246510369,dormant
CUS00013,Morogoro,48,71.86877545650647,21529.714076416654,36.429078759772516,206970.23181691262,1,1.2808309039013677,high_freq_trader
CUS00014,Morogoro,39,4.57519025329568,17932.91168666741,4.391636775762922,386538.187445033,0,4.244899491039202,rural_saver
CUS00015,Arusha,26,29.653820693974463,39065.07741406071,28.13626325570251,287926.5052113809,0,1.4361253234475415,urban_digital
CUS00016,Zanzibar,31,0.7143738937267728,12309.914170878732,0.19702327144894016,73420.43269777333,0,75.99481330889196,dormant
CUS00017,Mbeya,40,26.20308465525031,36640.08104993464,26.142414643279167,646929.2375409518,0,0.3484740047606423,urban_digital
CUS00018,Mbeya,29,50.216562854465586,97551.0288775081,46.2474526248735,109357.07438916611,0,1.8372158411976476,high_freq_trader
CUS00019,Dar es Salaam,48,0.03302977367686821,5958.236604370882,0.0,76502.36522271771,0,59.46497692787358,dormant
CUS00020,Dar es Salaam,18,55.192452962759866,63916.245409567135,36.58958729588959,0.0,1,0.9149404044349208,high_freq_trader
CUS00021,Zanzibar,43,8.323732721727096,19102.99647498828,6.504087127397325,884183.5871987587,0,4.115023860372379,rural_saver
CUS00022,Mbeya,18,11.144186189500275,18485.981675770636,5.503437927342557,150442.49109034165,1,3.351401583564793,loan_active
CUS00023,Zanzibar,47,4.3645122819206925,48723.87434143576,13.615200517605738,66056.2531268954,1,4.994000713058921,loan_active
CUS00024,Tanga,30,65.03040729948727,93705.57740458696,48.76123265050077,190393.12871981694,0,0.9910756808538042,high_freq_trader
CUS00025,Mbeya,31,28.437209426970945,45412.88995182633,18.75786178732737,760359.1819800895,1,1.7817665554528261,urban_digital
CUS00026,Dar es Salaam,57,6.716207225318431,4404.480298913335,5.781819629858917,696902.8957163508,0,8.087340301935383,rural_saver
CUS00027,Tanga,26,26.33597074723799,59866.19861608151,24.195225427822802,683083.766058698,0,2.847851626300124,urban_digital
CUS00028,Zanzibar,26,22.095708861884887,37337.08571547574,24.498551881620454,555836.2428899341,1,3.30473169982152,urban_digital
CUS00029,Dar es Salaam,34,0.0,16121.491963036417,0.39140084973654804,64394.06960154734,0,48.195832299379035,dormant
CUS00030,Dodoma,54,66.11097581295702,83681.05773663937,48.605644998611155,646774.6688464244,0,0.4889563770116516,high_freq_trader
CUS00031,Dar es Salaam,30,20.21177658514842,33644.72182206352,10.146238657603497,84676.50990426229,1,6.780054315486368,loan_active
CUS00032,Dodoma,42,5.479846921090001,18043.948857646283,3.624010123833558,829510.2019506461,0,13.181421655172306,rural_saver
CUS00033,Dar es Salaam,31,7.606628447248534,14000.729689494377,2.584404273662566,1096195.8696705345,0,4.309485405001003,rural_saver
CUS00034,Dodoma,23,5.834205953036893,12447.710664857606,6.963471189084254,1043951.711070665,0,11.053701046608639,rural_saver
CUS00035,Mwanza,40,28.0715771991794,45156.64710810528,17.164430579828835,492094.506045921,0,2.4134795440557215,urban_digital
CUS00036,Tanga,36,24.51208910820877,50626.43523050262,23.089605353257415,26075.995029008714,0,3.0789886401423785,urban_digital
CUS00037,Morogoro,35,9.170522428370575,11196.935234947596,4.004298160855372,508795.12283162365,0,9.666669492013543,rural_saver
CUS00038,Tanga,34,36.125802793033735,52937.74073574577,19.621856337516302,470544.4151825368,1,1.3758789449370599,urban_digital
CUS00039,Tanga,18,0.0,14465.127014254904,0.3530362913289458,22844.748297692735,0,61.02735170675093,dormant
CUS00040,Mwanza,59,3.8010762264389926,20081.616012703496,8.463572290984782,1117918.9539596876,0,8.272162497384333,rural_saver
CUS00041,Tanga,34,57.7350155776275,142890.74575156262,51.14815607688049,38880.53529805897,1,0.6654774379130888,high_freq_trader
CUS00042,Mwanza,22,59.27622896263496,164905.97738495358,31.382177004201928,334345.4903496585,0,0.9992139977654019,high_freq_trader
CUS00043,Zanzibar,35,6.212972389205364,17556.99498087186,4.655201168542257,1071060.2711736273,0,13.747866167657367,rural_saver
CUS00044,Morogoro,18,45.938899777400664,74999.868132222,38.24295078466068,337851.8747012171,1,0.5321334004078242,high_freq_trader
CUS00045,Dodoma,43,57.180591554705174,53258.363948242375,31.995794526740863,240914.71907335462,0,1.1898760942493485,high_freq_trader
CUS00046,Zanzibar,42,4.9011459604492025,12814.863461949992,5.074859540278155,685801.4708295963,0,14.785993912745163,rural_saver
CUS00047,Mbeya,35,33.55386772836456,21272.655295591645,30.769177733965535,678412.4233167485,0,2.3871617791163624,urban_digital
CUS00048,Mwanza,59,0.3623453938189727,9468.577507544822,0.20647562732863434,76036.28300195337,0,43.270867108956,dormant
CUS00049,Dodoma,45,24.243517218565646,42135.795323238264,19.587095333249618,667169.1345771648,1,1.81438906519295,urban_digital
CUS00050,Mbeya,38,23.807419487111105,54463.33343118265,28.111146577801783,810991.2189438588,0,5.241259076976785,urban_digital
CUS00051,Mbeya,19,22.74445351550959,43835.290489510306,31.13163488450017,941906.9231252538,1,2.78519230672962,urban_digital
CUS00052,Dodoma,41,65.84594181390804,58964.94054867506,28.10023045295393,335873.8026865858,0,1.4516885492404024,high_freq_trader
CUS00053,Dodoma,25,0.0076737075038118,7580.093261261334,0.0,0.0,0,89.81285419686148,dormant
CUS00054,Mbeya,29,70.46998202571665,117708.68944700097,35.04546140301442,388546.66418329487,1,0.07706056268658801,high_freq_trader
CUS00055,Dodoma,38,54.71893187295442,139383.57794613813,27.793144138138626,357430.67030572065,0,1.4541307046336622,high_freq_trader
CUS00056,Arusha,39,6.758688698361227,10275.5519119887,2.468824173423353,1178175.1522037657,0,11.921231268896749,rural_saver
CUS00057,Tanga,42,1.7137360221688047,8409.691242875646,0.7385522578180799,27790.11902483864,0,74.15827896727227,dormant
CUS00058,Dar es Salaam,36,30.383969849577184,35803.33583866607,19.952412714347002,797656.8806205317,0,3.5121435581219203,urban_digital
CUS00059,Dodoma,32,26.13280453461044,61211.89126534163,27.565346409257934,403508.94826648175,0,2.491930201356309,urban_digital
CUS00060,Dodoma,43,0.48678502262965123,12290.133458840779,0.5277111434955106,89896.19745255295,0,36.36927787253267,dormant
CUS00061,Mwanza,25,2.946828286624632,11725.52179345014,2.319029675342162,906509.4513179748,0,18.090357618659603,rural_saver
CUS00062,Arusha,48,0.7632786252467871,10235.19140856926,0.4162877314544243,61969.38904217702,0,81.07485004902657,dormant
CUS00063,Dar es Salaam,37,47.2781532288208,109893.02702201373,47.13898699609162,347245.09307276836,1,1.0940370171495186,high_freq_trader
CUS00064,Morogoro,41,0.5606202723385216,500.0,0.27588048182823777,29952.48276636288,0,51.27104043614885,dormant
CUS00065,Arusha,34,0.4850844595277261,5740.786595590294,0.38885087538862206,79743.0827995254,0,58.46068312906118,dormant
CUS00066,Morogoro,36,0.9340332494255863,500.0,0.28272907127837876,37121.25888357384,0,72.32340284489932,dormant
CUS00067,Arusha,35,9.847254440845436,13380.387630357245,4.583422018188213,1498423.925522734,0,17.258701395715875,rural_saver
CUS00068,Mbeya,34,38.69137735518956,54002.413499355825,25.535541812912108,586873.8636226826,0,2.075791549964353,urban_digital
CUS00069,Dar es Salaam,39,5.366754389876284,13746.087329111135,5.984953227166106,1267548.4365299568,0,7.325648570210041,rural_saver
CUS00070,Mbeya,18,37.16519238854353,58751.88369975072,17.740738939100442,547184.8060016276,0,1.7324874780847417,urban_digital
CUS00071,Mbeya,18,2.7622694134396197,10857.229232831989,4.574621205151986,1086226.446192227,0,14.702741612924065,rural_saver
CUS00072,Dodoma,48,20.941682691794686,31879.046799537085,12.92597723921947,44125.965858943644,1,5.00991339401814,loan_active
CUS00073,Mwanza,28,18.48847226435341,45369.03058241885,18.573823544289283,701099.208841655,0,3.287170242508088,urban_digital
CUS00074,Tanga,46,33.56335891413274,61330.81904972464,15.783765150722665,722468.9840196901,0,1.7412736136125626,urban_digital
CUS00075,Dar es Salaam,36,20.80294703465346,42859.782785869174,23.799379710983356,743107.6103407999,0,1.3154163111721449,urban_digital
CUS00076,Mbeya,26,34.0383428657185,72449.40000783777,16.462594001106126,663068.4035573156,1,3.0188112432067427,urban_digital
CUS00077,Zanzibar,19,0.20536457046800188,7695.204245120784,0.39695927905761225,64511.04180825541,0,74.88464907634433,dormant
CUS00078,Zanzibar,50,0.8638930751550946,7788.165345347888,0.6485204370044096,28767.8366156019,0,42.95450545298011,dormant
CUS00079,Morogoro,41,61.93130563939261,85008.25502067858,33.03722385874053,563664.9700021234,1,0.63730287118588,high_freq_trader
CUS00080,Mbeya,22,0.0,13098.36266152536,0.4872579342652067,76976.93215433329,0,86.16234023899308,dormant
CUS00081,Dar es Salaam,46,5.719849117550079,10123.818441236826,4.972310620152767,1142033.9491644306,0,11.487070562211454,rural_saver
CUS00082,Mbeya,42,56.43426315323829,78043.07154979513,43.78937512653441,242029.06909246367,0,0.4694039053322895,high_freq_trader
CUS00083,Dodoma,44,33.320140452436576,33172.12597239984,27.353071552532104,493452.86539294507,0,3.4169444157906472,urban_digital
CUS00084,Arusha,32,32.77523192813316,67905.4843014836,20.48060329475101,402825.0050014908,0,1.745498946593385,urban_digital
CUS00085,Mbeya,25,24.73257560863053,54405.11720877359,25.7620968950502,479860.6744461326,0,2.7232630598237697,urban_digital
CUS00086,Dodoma,20,54.08370893541098,34365.92032255043,31.27472020504572,188629.56593646324,0,0.5273086603200924,high_freq_trader
CUS00087,Dar es Salaam,18,6.342227797062542,17128.57297292454,4.804730696839645,903708.3395715778,0,15.217620387735598,rural_saver
CUS00088,Arusha,43,24.280278016642896,40112.31993217819,21.983523435396872,614996.2435979673,0,2.8120962126845996,urban_digital
CUS00089,Mwanza,37,7.2806047353314725,10969.662635242175,5.697731845270878,851887.009216421,0,11.820810898548567,rural_saver
CUS00090,Mwanza,21,26.633934224885035,44550.562980200404,20.40457260555769,722026.1007594219,0,2.166448843948228,urban_digital
CUS00091,Zanzibar,39,0.052858489058974,500.0,0.4694226775471221,13633.69928759701,0,77.65139419791305,dormant
CUS00092,Morogoro,22,7.20470567778504,8979.915430819703,3.869676763718618,1401084.1262363247,0,13.949292376107802,rural_saver
CUS00093,Arusha,37,7.437243250782106,14209.893856265795,5.121056550545688,710146.963544365,0,10.6565894403057,rural_saver
CUS00094,Zanzibar,25,6.987445428920497,12104.025077375503,1.3134310957795945,1387435.5119699384,0,11.789682844809514,rural_saver
CUS00095,Morogoro,45,0.7545587845254845,13364.462446725143,0.0,46270.015374532966,0,78.91864128887939,dormant
CUS00096,Mwanza,24,5.312797811199241,7180.9265433903765,5.2423951189058045,1237438.7895513715,0,11.620960365225725,rural_saver
CUS00097,Tanga,36,34.15855408328331,49649.95017377353,26.451842997009415,900423.0295989227,0,1.4479737318405779,urban_digital
CUS00098,Tanga,39,24.614120573432547,54397.6384232694,23.06300389548008,401493.4385005621,1,2.170338770806788,urban_digital
CUS00099,Mwanza,31,17.30573195679918,38202.91684007225,9.247109914832278,92702.47079109884,1,5.577676703318752,loan_active
CUS00100,Arusha,32,23.449113102205075,48421.82294773219,12.531356529406434,180277.35514343885,1,4.824081898037646,loan_active
CUS00101,Zanzibar,26,0.5507000167026284,8917.82589777865,0.4408609101047478,77639.90593633056,0,61.15691856614266,dormant
CUS00102,Arusha,65,36.70514007845895,54251.77907031778,22.046145289333396,578557.7662095526,0,2.031574122281383,urban_digital
CUS00103,Dar es Salaam,39,15.948782805813263,41625.98150425251,3.2540931752394293,111208.0005776932,1,7.45763000543321,loan_active
CUS00104,Morogoro,34,7.330624981621959,106850.58005790491,55.34531515703015,613.8620820310316,0,0.0,high_freq_trader
CUS00105,Morogoro,18,31.800345417064605,101153.44568099466,49.20671799321647,354583.05057323596,1,0.7941619438304692,high_freq_trader
CUS00106,Dar es Salaam,35,7.383728044674129,23748.769597231476,6.2591617084549185,303637.2511195962,0,6.616129032810639,rural_saver
CUS00107,Zanzibar,18,30.360494831083138,27836.96060109159,27.88564229637764,720220.7888040028,0,1.8274780140160158,urban_digital
CUS00108,Tanga,47,26.006427062277556,45088.61968956391,24.843737976140947,675775.3824040347,0,1.7356563027343295,urban_digital
CUS00109,Dodoma,28,14.522509633451778,38175.948908316765,9.255315749343527,98259.28668163429,1,6.045759333835209,loan_active
CUS00110,Dodoma,37,6.7722938019843815,15141.276857550227,3.3921306469597137,801557.1503560018,0,3.416795311643945,rural_saver
CUS00111,Mbeya,18,33.09802151469096,38622.51717231846,33.476918127383335,524052.8104300734,0,1.0063150801573353,urban_digital
CUS00112,Mbeya,52,9.065255784786256,21855.33695384331,5.201490325769516,631173.357667266,0,8.593123353913377,rural_saver
CUS00113,Morogoro,18,0.8294552922404361,16804.412555018374,0.37461667809570587,38089.07601263826,0,62.763902330804086,dormant
CUS00114,Zanzibar,40,26.328425363162772,58735.12006592857,26.994170863280345,604061.6013120812,0,2.2268730180127374,urban_digital
CUS00115,Mbeya,65,15.833675848166795,27030.42346718794,13.468727256448052,0.0,1,5.76569141773029,loan_active
CUS00116,Zanzibar,44,41.89951935201783,83965.76363246585,39.93671207900219,230612.57789151344,1,1.2362255071776505,high_freq_trader
CUS00117,Mbeya,48,60.20100850886091,169496.61222058785,41.21077546925393,329292.31477345567,1,0.728274836348288,high_freq_trader
CUS00118,Mbeya,40,3.329086299280255,4212.214128490226,4.06463094237515,1311223.3522424935,0,8.655501589494627,rural_saver
CUS00119,Dar es Salaam,42,0.8306375544415224,873.0700035955988,0.6403597346091656,72970.86577676327,0,97.64631885094691,dormant
CUS00120,Dodoma,33,0.8268413544056592,10082.883594806955,0.5605416964503587,0.0,0,44.97881132756971,dormant
CUS00121,Dar es Salaam,37,0.6940684616540898,9298.7266129154,0.6351317434368093,84454.85895741053,0,57.55229783412415,dormant
CUS00122,Tanga,58,22.91301071366897,42741.0355397572,25.608956845242474,0.0,1,2.566408677397475,urban_digital
CUS00123,Dar es Salaam,49,5.305137659027611,15662.596929140289,3.0257683792047456,1395597.5512330018,0,10.597936402958037,rural_saver
CUS00124,Zanzibar,50,31.510836744766458,44347.82321839114,29.551954861787316,1107696.6458855905,0,2.1167600878725663,urban_digital
CUS00125,Mwanza,56,4.801604529934155,13608.412201441695,0.9251141017467175,544839.6412080079,0,9.776252023758309,rural_saver
CUS00126,Arusha,48,7.071985609850449,10439.607449051031,2.5440390292717696,1312424.6049691963,0,10.112599640896812,rural_saver
CUS00127,Dar es Salaam,29,22.04003723965188,49704.36477669028,35.36329495446665,641071.1364502915,0,2.410368702671538,urban_digital
CUS00128,Dodoma,28,19.635304937479514,53412.43232246528,29.58917200274861,537818.6655854855,1,1.0384346088781704,urban_digital
CUS00129,Mwanza,44,0.0,15568.675321598424,0.4399478450248522,67171.85324088056,0,92.66799137864854,dormant
CUS00130,Mwanza,36,25.52134028321971,48270.6314756576,22.6548475786967,687692.724955332,0,1.6173397391357982,urban_digital
CUS00131,Mwanza,30,13.978652560963505,16096.277522912416,12.030647075554871,227227.36897942203,1,10.0567129504179,loan_active
CUS00132,Zanzibar,18,0.23064405172546615,3562.3158782430346,0.3625925719461021,56069.545416750654,0,58.774073304265016,dormant
CUS00133,Mbeya,34,7.852753495666493,11146.603701639166,3.9306872971740416,471991.9736106663,0,8.881635385929892,rural_saver
CUS00134,Mbeya,34,0.7398662577612559,13756.30033394488,0.5198132828308069,78864.93629438734,0,103.92208219886277,dormant
CUS00135,Dar es Salaam,44,34.05467143753033,57876.11143153988,27.242829189830175,309074.4805927794,1,1.725145895969516,urban_digital
CUS00136,Mbeya,40,14.893267904647201,46368.68633450563,15.260946514977125,245933.6374941765,1,7.411081128960573,loan_active
CUS00137,Dodoma,37,4.784941918089167,6754.668343204008,3.425057735888328,1297421.0896881754,0,18.07123748642357,rural_saver
CUS00138,Dodoma,50,89.37363304311489,94438.03063792628,40.17984236922989,108091.48681177554,0,0.7489374355297606,high_freq_trader
CUS00139,Morogoro,53,34.949336012775746,58584.61640652815,22.189044329725093,589804.8269389496,1,2.782518180672398,urban_digital
CUS00140,Mwanza,31,6.736293110396814,24874.455426786793,5.794388836066123,829560.1817656745,0,16.823761114835094,rural_saver
CUS00141,Dar es Salaam,40,8.373782689198162,15128.372268289997,3.566613491888159,1072820.8510684173,0,11.735076488857807,rural_saver
CUS00142,Mwanza,35,15.25698927158546,31721.089373687875,9.351461973424328,160834.0788196424,1,8.436199992479644,loan_active
CUS00143,Mwanza,41,0.06731116979674567,10866.524265892622,0.7100037536154847,98734.93537870268,0,79.06729049391421,dormant
CUS00144,Mwanza,32,5.692899355659924,17640.093398472614,4.627930304998429,917479.3161754461,0,11.807689133574595,rural_saver
CUS00145,Arusha,45,38.24417208202932,77526.5612261566,17.97816525732978,348105.7591247882,0,1.8967115849614449,urban_digital
CUS00146,Zanzibar,21,7.182505884096544,15860.155683902341,5.057871093915798,692374.1530114892,0,9.919621806496814,rural_saver
CUS00147,Mwanza,42,3.756867877444682,18820.54111841887,4.490709897144833,1083318.360022183,0,4.065733255793587,rural_saver
CUS00148,Dar es Salaam,18,0.4426607166678984,21123.146787999023,0.3533657129544201,1153003.4675774935,0,14.19561486068633,rural_saver
CUS00149,Mbeya,44,32.17226288716389,23302.047436875124,26.13384461108752,558645.5672896212,0,1.088313723671763,urban_digital
CUS00150,Dar es Salaam,49,42.61970594435543,121040.9315724685,36.72599754711854,89596.39838953657,1,0.9663286735954234,high_freq_trader
CUS00151,Mwanza,37,11.009271476067825,34150.10199063251,10.484151758654297,272104.2559989152,1,5.87503542673423,loan_active
CUS00152,Arusha,18,26.800722477410154,44393.31556974433,30.52296042839162,600741.0701594949,0,1.4354928343863131,urban_digital
CUS00153,Zanzibar,41,0.12481234583676049,13993.681102601291,0.23802022182975102,71132.35005668295,0,25.424869641983314,dormant
CUS00154,Zanzibar,31,27.031883773785317,39222.719725313895,24.90479978710566,500834.94923759444,0,2.9222479411719373,urban_digital
CUS00155,Arusha,18,0.016907313963781312,2120.5699355714596,0.36716781212041727,98403.22880676077,0,79.06332953482077,dormant
CUS00156,Mwanza,18,29.350700362230416,44359.88445303927,28.320218130371153,721346.6354823452,0,2.545242204428457,urban_digital
CUS00157,Zanzibar,35,0.40576329481321816,9643.884436120046,0.0,71137.29251172654,0,90.26677695063199,dormant
CUS00158,Morogoro,18,49.588516437275416,65515.5498952677,48.20745705264182,73316.59702561426,0,0.9174004204347816,high_freq_trader
CUS00159,Zanzibar,45,58.23940043845696,105339.6379002844,29.30871929718415,374795.3800877768,0,0.6781221930838466,high_freq_trader
CUS00160,Tanga,31,14.786459386128662,49160.16898492451,32.097175790366464,887988.6278201323,0,1.698319223869154,urban_digital
CUS00161,Mbeya,18,17.71903623958953,26927.56194540584,13.029695272201524,320652.8414402659,1,4.8762335297452095,loan_active
CUS00162,Dar es Salaam,26,19.931531522101523,54318.78662053891,23.70126910519778,775366.1792128106,0,2.8306235475398314,urban_digital
CUS00163,Dodoma,42,25.594009127185693,30635.34773492116,33.94679779290806,580723.6372883025,0,2.621157022483112,urban_digital
CUS00164,Arusha,36,0.23156543356460035,3792.2887120807072,0.22983584672461943,83035.77600137595,0,64.58536417203433,dormant
CUS00165,Morogoro,23,6.998045201435488,23214.240844265914,4.7075009567449895,1093197.8035593706,0,5.387938472269479,rural_saver
CUS00166,Morogoro,24,46.9932445247322,56696.35610770886,46.36367899896323,343507.5137495633,0,0.0,high_freq_trader
CUS00167,Dodoma,22,84.62175307126749,53768.9629837171,33.5007907315477,0.0,1,0.44937158959438384,high_freq_trader
CUS00168,Dar es Salaam,30,3.2549715656512053,18886.775313689315,5.422927303135094,1443610.1673236357,0,10.875277484187201,rural_saver
CUS00169,Arusha,46,12.405773433594112,39644.49957495421,14.068087225672764,229285.33526651998,1,3.3143754555647784,loan_active
CUS00170,Mbeya,31,27.735489177353216,41104.83724923582,20.45744256590541,488012.8411276896,0,2.3074107664940238,urban_digital
CUS00171,Tanga,26,10.891957222876057,21525.052444232122,2.557875770402415,817915.4835886128,0,10.583487913130398,rural_saver
CUS00172,Morogoro,47,30.63289914017018,62425.05758447177,17.431859454979183,374370.6525815866,0,1.5632044398921703,urban_digital
CUS00173,Dodoma,40,19.721611760591323,32356.343064865996,8.854746372852743,33863.56689876811,1,6.563480456095634,loan_active
CUS00174,Arusha,34,35.715984188069704,42470.043439725996,23.291104268998016,634009.1057121272,0,0.5297843779025211,urban_digital
CUS00175,Mbeya,58,21.648176392277822,19984.7309681512,23.31763144060823,889542.596654814,1,2.355376210670096,urban_digital
CUS00176,Morogoro,27,5.91411783408651,19766.517758213908,3.0975382221871453,745620.3482147554,0,1.7578842115027502,rural_saver
CUS00177,Arusha,18,10.99280610122402,23200.283183873245,9.182562253854869,291079.3848447794,1,9.187557701645435,loan_active
CUS00178,Dar es Salaam,29,13.227760020118588,24656.422299063015,13.953350964846079,172927.48378351412,1,3.72686134524033,loan_active
CUS00179,Mbeya,50,79.37095313249876,103673.98787540096,45.3585873673315,0.0,0,2.041605479529517,high_freq_trader
CUS00180,Dar es Salaam,39,5.764552070398484,31865.74167316406,5.1939221363251145,286888.12482902966,1,5.488556564551817,loan_active
CUS00181,Arusha,45,11.16102220134282,35341.57943540789,0.0,63203.095723473874,1,5.072887451652619,loan_active
CUS00182,Mwanza,32,2.1173717588053185,13094.223461487853,6.019371477037644,464564.0026880184,1,10.263898012424013,rural_saver
CUS00183,Dodoma,45,5.65679880324986,19274.79876582344,1.3473026639013108,833735.0380347425,1,9.444352749179599,rural_saver
CUS00184,Tanga,34,66.64993782098608,71282.9422867831,41.0935936266177,523566.2421150786,0,1.0725833901985062,high_freq_trader
CUS00185,Mbeya,27,0.0,13643.051417248818,0.067694429733545,80782.15910460599,0,62.57246783904978,dormant
CUS00186,Mwanza,45,8.426246500930933,19969.42301738962,4.417331797927965,1128345.164941896,0,9.96652948912444,rural_saver
CUS00187,Mwanza,31,23.839520012995884,62821.87613925424,22.420829158400878,604101.7128032668,0,2.023864421189582,urban_digital
CUS00188,Arusha,56,59.63971862629834,112345.4588389396,34.697182222906356,281064.4489090103,1,1.4322925977638281,high_freq_trader
CUS00189,Arusha,48,27.060768533709428,42147.79633913664,23.14483939191134,336671.71426839795,1,1.4693331102609068,urban_digital
CUS00190,Dar es Salaam,29,14.83436970318995,30153.558103842934,14.90613898242638,274094.17063138087,1,7.510764921815521,loan_active
CUS00191,Arusha,37,38.882416421888315,47893.67630400026,22.661864675519606,743669.5922661675,1,1.4285504290717355,urban_digital
CUS00192,Zanzibar,31,33.55936041530235,31076.554248481763,24.0617272871307,377122.0693898569,0,1.436899922519696,urban_digital
CUS00193,Zanzibar,32,52.21898250037913,91288.86408312398,30.824298173868563,364320.48267508653,0,0.9603979795059943,high_freq_trader
CUS00194,Morogoro,54,30.240642119293415,20658.36697402146,26.68408728298934,1220377.1607489726,0,1.8808749662836692,urban_digital
CUS00195,Mwanza,38,33.84980706660481,19132.717456997394,26.816994188313735,1114386.0290483348,1,0.8453980867282505,urban_digital
CUS00196,Dar es Salaam,52,0.0,12931.214757075439,0.01323522359162238,52227.309040760694,0,57.844399960163045,dormant
CUS00197,Mwanza,36,15.517285824468486,29407.9752627428,5.419088116453109,263.88108804510557,1,2.4974387329546266,loan_active
CUS00198,Dodoma,60,33.88140261233598,38275.782090933586,31.852718003595072,456499.91555435467,0,0.9204232796627481,urban_digital
CUS00199,Morogoro,35,2.4763660781276045,13269.18965682651,6.529559694100071,465916.3435723196,0,14.885888800830283,rural_saver
CUS00200,Morogoro,18,66.6031568512816,134022.5596531902,55.587412432809174,290704.91804482753,0,0.5400099444631518,high_freq_trader
CUS00201,Zanzibar,33,13.737129810043989,36026.89770954466,7.987989949124982,172385.62120152992,1,10.129026636585516,loan_active
CUS00202,Mwanza,18,5.129188745145221,20076.659121909262,4.479167288291044,1331800.731363413,0,9.006307168115868,rural_saver
CUS00203,Dodoma,24,16.985807857437386,49552.06999541088,17.188752600662703,851115.4731838766,1,1.7558130808983312,urban_digital
CUS00204,Morogoro,35,31.73355248962124,35346.026165491065,19.073109979650596,837669.9841210698,0,1.7650705717517279,urban_digital
CUS00205,Arusha,44,30.298078902710103,35197.825171494536,34.35199304455311,484076.006464755,0,1.8111311506955234,urban_digital
CUS00206,Mwanza,35,32.405340994156816,58762.22106180055,19.796881464179275,815127.0802557725,1,2.3475585935421637,urban_digital
CUS00207,Dar es Salaam,54,0.23827667875992292,6614.2549912596005,0.813426839679747,19872.964216093875,0,56.15762356298456,dormant
CUS00208,Arusha,43,31.747290555330174,70444.44298851029,21.747806810870735,625256.2274475138,0,2.143301168647696,urban_digital
CUS00209,Arusha,41,6.646948166984676,14712.226687670405,3.2192713508006703,631573.8037895702,0,5.315640057186374,rural_saver
CUS00210,Arusha,18,1.5372256974047287,13942.085954577193,0.0,33897.85818970091,0,83.42901481110675,dormant
CUS00211,Dodoma,19,0.6926579757367456,7959.932419534803,0.8742976225811345,42403.1389214766,0,98.36006770653182,dormant
CUS00212,Morogoro,45,21.83194421262095,53659.94351771388,29.418653903036873,408521.45478512155,0,0.6184208264709221,urban_digital
CUS00213,Tanga,35,54.78049801036626,83774.13235140493,30.961636813631586,202746.23795626115,1,1.4513619487479195,high_freq_trader
CUS00214,Mwanza,33,47.972306800192825,82130.7012520502,27.2205790306675,147876.04617896816,1,0.9287587878066975,high_freq_trader
CUS00215,Dodoma,46,59.568255645702045,106022.35396355309,18.61929934224479,330740.89854803623,0,1.7430194467575737,high_freq_trader
CUS00216,Morogoro,39,21.197849886719197,59905.66342353096,22.688427372095024,419109.354740791,0,1.7972306443361818,urban_digital
CUS00217,Dar es Salaam,37,29.233953525316036,55807.76499426528,29.46435809046356,756721.0188594598,0,2.6086824129137884,urban_digital
CUS00218,Zanzibar,29,21.195860310440146,34091.03859917861,10.132986065378645,287726.15338375315,1,8.243848255910462,loan_active
CUS00219,Arusha,27,8.926347000416996,19002.091789576072,4.631162508394726,803438.1869430166,0,9.91316616044919,rural_saver
CUS00220,Zanzibar,44,6.258084657174471,16327.120228198037,3.249209866159538,1171147.7065828552,0,13.87959077462165,rural_saver
CUS00221,Zanzibar,43,6.15592279492008,8821.270107170241,5.345458756995491,943839.4922870845,0,15.82908345311424,rural_saver
CUS00222,Zanzibar,18,0.6245852506440899,8654.889020232073,0.0,0.0,0,57.5488178183687,dormant
CUS00223,Zanzibar,55,12.278391038636254,32523.86966875574,9.138293786058169,97062.11214494842,1,4.316972371237199,loan_active
CUS00224,Mbeya,29,31.97287168894362,38276.3906772222,23.658261058190185,594337.3328695466,0,1.2308697822561454,urban_digital
CUS00225,Morogoro,45,9.526518064845643,34568.59655930557,10.472039012516495,0.0,1,4.918507284365614,loan_active
CUS00226,Zanzibar,46,30.707376313131,71757.54138233965,30.255547411560897,889786.8049501707,0,2.758156261774598,urban_digital
CUS00227,Mbeya,26,0.22038178330250313,8430.745277979877,0.1056817070765059,61939.53672688645,0,61.961818239603595,dormant
CUS00228,Mwanza,39,0.7067366465527523,7449.154236877731,0.0,6333.292360637315,0,52.054670170770734,dormant
CUS00229,Mwanza,48,29.313633082429817,57783.352460390386,27.764009114708855,814380.5912365315,0,2.2096793090914897,urban_digital
CUS00230,Tanga,53,33.516476750440596,49513.144410647896,30.35535935430071,130842.35149932065,0,1.694209534348269,urban_digital
CUS00231,Arusha,18,3.099641259579475,22055.835870746378,1.6571096279474622,557635.4263317531,0,8.727174111469662,rural_saver
CUS00232,Dar es Salaam,55,18.249389867462835,41794.02424726602,14.216166384654683,115323.57361777079,1,4.920834570055103,loan_active
CUS00233,Zanzibar,33,0.0,4172.222604043586,0.3016622528375393,17432.892952534912,0,69.83359285457765,dormant
CUS00234,Mwanza,34,11.711569456037656,35644.689261026724,12.512597111031253,131098.68439751986,1,4.093610532062529,loan_active
CUS00235,Mwanza,22,39.11616521598694,101538.84794903197,36.39199016442564,489230.2612216577,1,1.5850332021098277,high_freq_trader
CUS00236,Mwanza,34,5.257226717625147,8787.707562712954,2.589617582141348,1275631.6273525776,0,5.407466820782161,rural_saver
CUS00237,Dar es Salaam,36,67.02726770171738,46004.74341158769,27.175999347772493,373443.9215808604,0,0.7766012969305649,high_freq_trader
CUS00238,Mwanza,39,30.4939958195987,43299.38285347402,22.171216404762347,768914.1719432959,0,1.35298337804854,urban_digital
CUS00239,Tanga,33,38.30942344870829,54435.88401949895,30.07278427976972,477878.520740074,0,1.76462000718701,urban_digital
CUS00240,Tanga,18,47.90370050636531,121648.34066392045,47.066813102070334,254148.32080477392,0,1.111449581501919,high_freq_trader
CUS00241,Dodoma,34,58.25206712163078,88549.03680235511,44.98913679689321,205734.35982268,0,0.4591501411585397,high_freq_trader
CUS00242,Zanzibar,33,28.38330535301999,65204.97747149981,26.913732203290493,616306.0558462979,0,3.104183382169693,urban_digital
CUS00243,Zanzibar,31,3.821483759723397,22094.530243476518,4.784997874003228,687743.0111988162,0,12.03860305282512,rural_saver
CUS00244,Mwanza,35,0.23276468914369958,5382.905256062674,0.4016885697723344,39258.37162367944,0,65.92484530474508,dormant
CUS00245,Dodoma,41,14.093882806040458,31783.516513580355,10.795082709954874,209840.18101887184,1,6.403130943880937,loan_active
CUS00246,Dodoma,36,0.37966486068213934,5732.006656235032,0.0,32205.30477985754,0,75.39300190273138,dormant
CUS00247,Arusha,40,4.069086644176272,6695.040554964889,5.63881224172959,757675.6213902467,1,5.624611434810246,rural_saver
CUS00248,Morogoro,18,8.749815422935935,12984.630694969277,3.5688732506748364,1221489.5519667217,0,17.867474571650668,rural_saver
CUS00249,Dodoma,24,5.8049935421664856,11405.264840652182,3.470456458190532,774484.4791152229,0,9.549720372128037,rural_saver
CUS00250,Mwanza,33,0.4139074193524379,10059.136947849638,0.0,612.9893309005856,0,114.8548560167064,dormant
CUS00251,Mbeya,18,13.011022970872137,40480.87704082142,17.091159692364176,196394.70733834273,1,1.9632697049200178,loan_active
CUS00252,Arusha,32,5.202070449346167,13658.834002333668,0.5560974609067988,1145802.2760523323,0,15.973206248503022,rural_saver
CUS00253,Dar es Salaam,29,30.633835842509107,30216.63333498958,27.11838163239557,500361.515313126,0,1.710665011747016,urban_digital
CUS00254,Arusha,34,26.049043581977475,56396.158833796304,20.073462036821336,947004.5999547752,0,3.615430273178595,urban_digital
CUS00255,Arusha,37,54.117646638263764,81406.78321155363,46.41085789084439,524974.0195843216,0,0.7975718338290761,high_freq_trader
CUS00256,Dodoma,53,50.61506551597965,65211.242185632625,30.829592754170648,234364.00395238062,0,0.04409242012424763,high_freq_trader
CUS00257,Zanzibar,32,34.73146641444475,37977.791081680014,17.01563545358607,691966.0612929653,0,3.1101541158826773,urban_digital
CUS00258,Dar es Salaam,43,38.9878019234644,24276.414173082412,28.590731126039167,579898.2326371603,0,0.6301565347878555,urban_digital
CUS00259,Dodoma,52,1.3925639009829447,12032.20105144237,0.12183140131327949,19884.122491474558,0,47.63017132955227,dormant
CUS00260,Mbeya,30,23.330954294332805,62762.75842765569,26.625360204310333,665980.5763187921,0,2.6606729130022506,urban_digital
CUS00261,Morogoro,29,68.3520574397784,86400.69726947174,33.613321770089385,389974.0163190977,0,1.2444550058789023,high_freq_trader
CUS00262,Dar es Salaam,30,3.581757390638088,23675.369812571378,7.0932228215271484,1165135.4883785883,0,8.79872810735571,rural_saver
CUS00263,Zanzibar,59,24.204663781916214,67466.81610763744,23.761611591930638,953685.0657027691,0,2.5181848827845017,urban_digital
CUS00264,Morogoro,20,15.148753723294309,32359.95507732204,5.328992329606321,236587.44435481977,1,3.4597438347186253,loan_active
CUS00265,Tanga,21,37.3413676005846,58858.62372870819,23.842076253934344,369170.21288261435,0,1.6340682729528528,urban_digital
CUS00266,Zanzibar,26,17.427291925164738,37248.418417274705,16.7268093873503,475435.8326954351,0,1.6245998360247667,urban_digital
CUS00267,Dar es Salaam,29,28.391014398185387,68050.80986503225,22.257569609865516,676885.8875239318,0,3.5201061224168706,urban_digital
CUS00268,Zanzibar,44,34.303201899439,43521.83645089313,27.05789682510403,734202.4854422001,0,3.091906435761852,urban_digital
CUS00269,Tanga,35,25.658768235000814,49194.69538358472,21.690034988228696,609995.1949413191,0,2.247556984688794,urban_digital
CUS00270,Arusha,47,24.759078675565164,44339.66440331645,24.670022380839548,476728.58934697753,0,0.994448059105079,urban_digital
CUS00271,Morogoro,32,29.638564633789308,59065.35512972034,14.10373761658111,88464.05243319878,1,0.621435856397891,urban_digital
CUS00272,Mbeya,51,29.23393984356939,56044.973980087336,18.308680078623933,679926.1372320143,0,2.3475093099330846,urban_digital
CUS00273,Dar es Salaam,31,0.4482456757851369,15096.728894015076,0.0628834038953329,72284.82019866661,0,73.80663038878943,dormant
CUS00274,Tanga,57,0.8161576702337733,6803.306083241641,0.0,0.0,0,100.44844320568097,dormant
CUS00275,Dodoma,61,5.964943503435645,8536.825990010544,3.160832314697997,903427.3546083939,0,16.594298891895466,rural_saver
CUS00276,Dar es Salaam,27,6.956561401460355,14945.68126650902,1.4100660430511356,1363930.1688468154,0,8.84334240635755,rural_saver
CUS00277,Zanzibar,33,6.2937503462436375,7787.6657457717,6.174174378504868,868676.6876592981,0,9.195455288633521,rural_saver
CUS00278,Dar es Salaam,18,8.938412858540213,42597.56973018143,6.496640183907633,111086.21014406171,1,5.0020943721650735,loan_active
CUS00279,Dodoma,33,13.845970672559918,42952.30218643713,8.48664786190439,132021.45966293427,1,5.3248121016854535,loan_active
CUS00280,Dar es Salaam,33,21.816906985674372,44563.846515997146,28.97036585002948,389764.81054658187,1,0.6183686760649227,urban_digital
CUS00281,Zanzibar,51,22.89880219836482,46107.18720171813,17.98199892552274,393300.8937079187,0,0.9332207624426001,urban_digital
CUS00282,Zanzibar,62,23.601290012304425,50594.701471817745,19.81849290022039,751906.7491526438,0,2.0392279277617567,urban_digital
CUS00283,Morogoro,32,31.78255172788099,37885.15182804872,27.42524481825257,1027634.8940970416,0,1.1575179574312733,urban_digital
CUS00284,Morogoro,47,0.2914558864290245,6668.973206680501,0.0,92118.68160650037,0,46.54782803046761,dormant
CUS00285,Dar es Salaam,18,5.9396302857082945,10103.029165486154,1.3026486872520846,831000.2411916654,0,10.820924366811912,rural_saver
CUS00286,Morogoro,32,32.87821442132573,46386.59427797358,24.949181971762386,888215.3556480034,0,1.2741833052667761,urban_digital
CUS00287,Morogoro,49,5.818070210417343,10846.511316991135,0.0,731721.2997362886,0,10.545033225013968,rural_saver
CUS00288,Dodoma,43,9.910973087927577,18796.66885729234,6.765041284816451,1130032.287678936,0,17.40341453716507,rural_saver
CUS00289,Mwanza,18,26.768606968375796,44503.95262843308,22.31081334324869,724250.3221790112,0,1.8088937902200901,urban_digital
CUS00290,Morogoro,63,80.67707873727011,84488.13543534203,43.644643498692616,518668.0042067104,1,1.7221718510467157,high_freq_trader
CUS00291,Morogoro,18,34.522661190932595,47510.42990983969,31.125396663127226,366273.0228021256,0,3.4442503964023796,urban_digital
CUS00292,Dodoma,29,17.802288874794023,40321.761598451536,17.87690326728865,23363.56642222109,1,8.219262114063266,loan_active
CUS00293,Arusha,20,20.66797367824124,31945.7755503969,26.01761173726961,377533.61704372894,1,1.3370339530302466,urban_digital
CUS00294,Arusha,22,53.66629024368127,98417.67979390765,37.78117390455184,305131.51774991973,0,1.5412107258084742,high_freq_trader
CUS00295,Zanzibar,32,15.380472394612582,39706.49586104072,4.157098776112198,78751.3362393932,1,3.5616262080741183,loan_active
CUS00296,Tanga,18,11.19483048186607,42070.407250968994,3.5794671941663303,23622.504224446035,1,4.332222376977075,loan_active
CUS00297,Mwanza,40,52.71901388822922,79973.90456452276,36.853616423822835,322782.2224933937,0,1.7389181500041366,high_freq_trader
CUS00298,Tanga,52,50.31463775230414,92362.78733418933,40.99212254884484,482208.2211746671,1,1.3836693488602867,high_freq_trader
CUS00299,Dar es Salaam,55,1.145445726319704,8787.917218370401,0.2213152136951818,65198.17729038367,0,71.39099945745667,dormant
CUS00300,Tanga,19,60.941640938124145,79858.93418717907,36.32307931140859,118044.66222019389,1,0.5899943986802487,high_freq_trader
CUS00301,Zanzibar,41,28.763448693839504,58802.685101969444,13.238764676881818,1003653.1087584372,0,2.1410953821621392,urban_digital
CUS00302,Dar es Salaam,45,7.452258112231107,16369.419691298412,5.994769167412735,1055721.2138765438,1,12.08931017141839,rural_saver
CUS00303,Arusha,26,2.3884997484634747,28055.513391939206,2.8513117830455625,1348663.2045605206,0,14.244361030410317,rural_saver
CUS00304,Zanzibar,33,18.12872271544794,32468.094546055945,16.316012446359554,185093.45339336075,1,6.871885282603133,loan_active
CUS00305,Tanga,18,6.821103270116591,16118.074532198536,5.922314427435701,790228.7264587637,0,14.724907057659967,rural_saver
CUS00306,Morogoro,45,7.178701003276682,13330.575870032233,2.1753637508927572,1000963.267282794,0,14.156575325936725,rural_saver
CUS00307,Tanga,34,0.9340339492229222,7650.514918027333,0.09207583440353762,30942.979066330103,0,91.75706697736274,dormant
CUS00308,Morogoro,34,21.72290668161647,24781.645973890503,28.159157260481898,490644.3155471552,0,3.239706907069124,urban_digital
CUS00309,Zanzibar,32,26.97583512268678,49556.914507535526,30.195799992102174,334109.63706751843,0,3.031523774993701,urban_digital
CUS00310,Morogoro,49,5.725106014213753,17092.24684492461,4.689634155779577,1074705.7822101368,0,6.072110777537395,rural_saver
CUS00311,Arusha,18,6.372165787380596,7529.223467251665,3.770508587999819,958321.7630821705,1,8.559447745691946,rural_saver
CUS00312,Mwanza,25,31.643753349918665,46991.46377882462,15.771084175928777,670292.9723163961,1,2.516414282754405,urban_digital
CUS00313,Mbeya,30,4.458310747084386,12309.148917257977,4.0376501931620945,944387.5396274376,0,8.306721804013923,rural_saver
CUS00314,Zanzibar,24,11.015449571013866,11146.374242508957,2.884055982907615,1888156.2325104445,1,4.480077336385217,rural_saver
CUS00315,Mwanza,40,7.818123015610194,13945.188603146593,3.120408301021185,1382749.4906482748,0,13.89195774979683,rural_saver
CUS00316,Mbeya,38,5.111110952413803,18056.77210129104,6.418430785368921,940421.413055266,0,13.401948812807635,rural_saver
CUS00317,Dodoma,39,0.5686185644838124,2995.0448576200333,0.27297834125741843,56635.59456023501,0,66.67829757466943,dormant
CUS00318,Mbeya,34,28.127844942130668,54284.30269318522,27.315561905328657,633430.6575169682,0,3.7907227386811706,urban_digital
CUS00319,Mwanza,33,13.287395756503061,30115.883439344634,16.176232192002097,260883.5456308864,1,5.888786807155341,loan_active
CUS00320,Zanzibar,37,18.095589925068765,35737.96981769373,9.239108326707605,177048.47372050642,1,4.117684506109111,loan_active
CUS00321,Morogoro,22,7.205872042515849,11904.315212621956,5.4202727057530815,628106.5521148485,0,7.884299763417024,rural_saver
CUS00322,Dar es Salaam,44,8.031324566771325,10154.737619051015,2.6021673251866564,1276622.3131459926,0,9.247429259447614,rural_saver
CUS00323,Dar es Salaam,50,7.69347248838213,18694.729520617235,5.075059656387888,922076.733305843,1,6.740122773335916,rural_saver
CUS00324,Arusha,23,69.17765126071907,72667.3943199894,40.318654145785075,254982.73605224802,0,1.0888256883106513,high_freq_trader
CUS00325,Dar es Salaam,42,0.0,1744.7859991773157,0.18857216169160812,47447.15088725253,0,57.49398379675368,dormant
CUS00326,Zanzibar,23,59.21344149860445,104422.13276496626,38.53671367849834,181932.3547189341,0,0.36866274399083876,high_freq_trader
CUS00327,Mbeya,49,7.836465053066898,13307.721268790427,6.1250670326198335,563213.0434235054,0,11.523739787394282,rural_saver
CUS00328,Mbeya,40,1.333304454157461,8165.464654723492,0.8513236892360267,41310.063505237085,0,96.97535244725945,dormant
CUS00329,Arusha,28,13.949841754861326,31540.907860162515,26.333383990403824,337512.2295598953,0,2.9064581208123634,urban_digital
CUS00330,Tanga,26,48.372564531909624,78145.33460363153,32.27350144652652,284817.96629761235,0,0.8469949384515956,high_freq_trader
CUS00331,Dar es Salaam,41,36.34859907553187,32505.129164254635,24.363887849707744,836621.0817096139,0,1.5797421022997649,urban_digital
CUS00332,Mwanza,43,0.7105895418321131,5840.243285629041,0.48478498114442226,105874.76516157118,0,84.4340133012526,dormant
CUS00333,Dodoma,31,7.695116963224297,39602.246732062886,5.93296170064589,102809.04474417602,1,9.323883562377006,loan_active
CUS00334,Zanzibar,41,23.558955374234635,58830.9909468167,19.261614985788114,510516.17116206454,1,2.0427675653079596,urban_digital
CUS00335,Arusha,24,0.3017670589767456,14159.40594612098,0.1181439157097599,81536.77921177779,0,110.51396064731429,dormant
CUS00336,Mbeya,35,26.840721875450843,49663.50328973341,19.71327123722913,654058.9893415661,0,1.7549324284066348,urban_digital
CUS00337,Mbeya,38,61.96656922891248,75029.34136358039,35.558626205201975,282211.86167627544,0,0.7805753300266917,high_freq_trader
CUS00338,Mbeya,29,17.11142950794882,36234.40489309258,22.600360868985728,428776.96259387897,0,2.0188618467249517,urban_digital
CUS00339,Zanzibar,18,14.921105398135195,22847.465356972658,9.320731855619707,75039.32571233953,1,4.445192830487675,loan_active
CUS00340,Mwanza,22,21.231980749338845,62567.116854171996,28.15198874553771,863807.8671830462,0,2.6729874241644773,urban_digital
CUS00341,Dar es Salaam,33,20.733723027248484,35645.67974387391,19.97609126552763,120792.16191913967,1,8.945791709560961,loan_active
CUS00342,Mbeya,32,76.0325831671044,132417.29343081138,31.8164005745543,227250.2882563697,0,0.3850277558708882,high_freq_trader
CUS00343,Morogoro,41,0.5261831615950681,10224.956539893119,0.0,88602.98011871165,0,68.01811673320165,dormant
CUS00344,Dodoma,36,67.44855407074256,124269.91401909602,39.161140897735734,0.0,0,1.1003534290808006,high_freq_trader
CUS00345,Tanga,49,55.6677787832845,56431.15126793724,45.37187916007427,215441.2273653306,0,0.7687105763564577,high_freq_trader
CUS00346,Zanzibar,43,14.795419191133039,35790.998205458214,8.237455382454412,187029.3457803924,1,7.698636096901343,loan_active
CUS00347,Zanzibar,18,31.637381235306073,28437.08828026604,19.61940584150431,559002.5212801747,1,0.935462975244002,urban_digital
CUS00348,Arusha,48,0.0,6973.897770629599,0.2791720899543346,26208.386716082736,0,76.57850425366452,dormant
CUS00349,Tanga,33,27.030245415850978,53355.97057682058,25.016068811473463,319585.792151189,0,0.7643759006713164,urban_digital
CUS00350,Tanga,25,0.1274345913846554,9527.852133939234,0.0,50441.054758383114,0,86.44831165126388,dormant
CUS00351,Morogoro,31,28.10650583324305,47209.763674938884,31.73563139771384,303733.9878499726,0,4.80446249273608,urban_digital
CUS00352,Mbeya,29,0.0,5669.7994266073365,0.0,57227.6213736846,0,91.19569520556438,dormant
CUS00353,Zanzibar,31,0.9618270776844562,999.1381406157188,0.0,43156.54454853081,0,59.95330325066363,dormant
CUS00354,Dar es Salaam,40,3.4724993611869563,16071.567429607538,3.7015338296400224,1064757.14826991,0,10.826760289984094,rural_saver
CUS00355,Zanzibar,44,5.338267196391116,14167.008461751911,6.096528752781619,684169.3330449314,0,15.777901197492373,rural_saver
CUS00356,Arusha,29,48.23255027079094,35342.66885932671,48.63067931407953,316707.75919966196,0,1.5867811718778013,high_freq_trader
CUS00357,Tanga,48,66.29868437180393,62159.92920962807,39.12415272314346,463370.5775870042,1,1.6237131684118404,high_freq_trader
CUS00358,Zanzibar,52,6.015476668843239,3316.293118213058,1.7884554095693868,1129000.2337153468,0,8.6932296456522,rural_saver
CUS00359,Tanga,47,0.21249015177279296,5426.049163667482,0.28426627005134986,60527.38909430307,0,71.91506345207812,dormant
CUS00360,Arusha,44,11.00428083485764,36201.60933379044,11.780850840988077,117981.37520753147,1,6.679419873119933,loan_active
CUS00361,Morogoro,22,29.164624648292993,49516.85485784674,20.838041215753222,473845.65896175534,1,2.6355104445203326,urban_digital
CUS00362,Mbeya,30,29.08518054792899,16514.68735757489,21.130299181502917,792205.5353239812,0,2.117912669666031,urban_digital
CUS00363,Tanga,32,30.029633342963276,50583.478504780076,28.811778556671822,557948.4496453144,0,0.6678825705901377,urban_digital
CUS00364,Morogoro,28,0.0,608.5195207783327,0.0,95260.54723411915,0,69.58877596973447,dormant
CUS00365,Dar es Salaam,37,2.418897961096205,19680.565624648538,0.0,733562.1969625024,0,7.560441879213428,rural_saver
CUS00366,Arusha,38,51.28236474565356,44050.96292362564,33.59125366131649,187686.30185705062,1,1.4850292951038018,high_freq_trader
CUS00367,Mbeya,40,0.5791485186089579,11841.82030988668,0.26006043847892063,73733.92901592675,0,71.55559723811804,dormant
CUS00368,Mwanza,29,2.9941178255055187,1808.6096185444567,4.7550937071317065,1029354.9378117688,0,7.900269940981284,rural_saver
CUS00369,Arusha,18,17.10439509836185,40946.36225004079,16.87496063899644,124637.6304168133,1,3.6936141875416943,loan_active
CUS00370,Mwanza,23,78.62840407994968,100535.2726762135,43.62448884715442,767505.636198588,0,0.3488392974499839,high_freq_trader
CUS00371,Mwanza,32,25.624789632503365,40168.924766944714,21.064878044664752,321343.4989289206,0,2.298848044438394,urban_digital
CUS00372,Mbeya,36,7.515275659031486,17355.336374246956,4.551381465484095,1105499.421830048,0,12.680885827966366,rural_saver
CUS00373,Morogoro,25,5.5592110130077685,22651.989007269545,3.0441969204531327,1017394.0801282037,0,7.561768590945458,rural_saver
CUS00374,Mbeya,18,25.876887874780895,39093.39776189271,16.709347191805673,469700.9834961449,1,3.265943584148599,urban_digital
CUS00375,Dar es Salaam,34,31.847822288543966,38302.17856925139,26.265400373438816,597172.9481578744,0,1.8977642720378587,urban_digital
CUS00376,Arusha,48,21.72202486045122,34803.39812914913,14.342144532724802,225192.46926765257,1,6.334091095167306,loan_active
CUS00377,Dar es Salaam,48,5.084197411728824,18578.63640537386,2.054934333519173,544477.7870090232,0,6.172067732647543,rural_saver
CUS00378,Dodoma,46,6.236840642873042,12899.399708199142,3.910342231339587,509671.65104060667,0,5.669038744416162,rural_saver
CUS00379,Zanzibar,32,63.05028811869189,52945.73752798696,46.811905015310955,298935.03571362863,0,1.3733381519544654,high_freq_trader
CUS00380,Tanga,28,0.0,15391.238845798416,0.2948137671327037,47558.44386553349,0,66.89789656538821,dormant
CUS00381,Arusha,51,7.275100705941977,28213.223381040214,15.30709840181917,216570.5729165694,1,4.489968694680278,loan_active
CUS00382,Morogoro,18,68.9753067458626,83335.26590913483,38.67272115919136,349397.6597918151,1,1.0022525327546754,high_freq_trader
CUS00383,Mbeya,46,5.621359354864205,13484.719073171558,6.056136039920645,346650.90185668983,0,8.072981410541653,rural_saver
CUS00384,Mbeya,19,5.912906861270215,23980.47322826185,5.324426763812773,776933.1017431443,0,8.583724762522168,rural_saver
CUS00385,Arusha,33,10.881520117143333,39556.89918554921,14.903025794894484,0.0,1,7.748942431980831,loan_active
CUS00386,Dodoma,21,37.39350045675404,14956.803952766539,27.764911473533765,297044.27162318974,0,1.316600217354655,high_freq_trader
CUS00387,Mbeya,27,12.934568061695535,35336.10286911577,10.92309117982111,86866.82405820754,1,6.802893400670719,loan_active
CUS00388,Mwanza,37,22.781695826050576,38491.30188638052,29.374200878513037,573440.7094118681,0,2.9261077504485438,urban_digital
CUS00389,Arusha,32,21.169212304327168,45360.779505747894,7.577440993366668,152130.7344380986,1,2.4349107405920254,loan_active
CUS00390,Tanga,18,0.186904815437138,6388.45617129746,0.075031490585899,41387.095754132984,0,85.64465372529828,dormant
CUS00391,Mwanza,37,23.523276610609084,26767.20776930097,25.22030112990884,700663.4728108374,1,1.2125956067006127,urban_digital
CUS00392,Morogoro,49,0.26494287211556244,3447.0982009989903,0.5225789759126791,74540.83261171315,0,93.97790962167012,dormant
CUS00393,Mwanza,31,0.25320887433596617,10614.005286154052,0.1467262014699974,43280.53508762688,0,26.57644285221621,dormant
CUS00394,Mwanza,47,28.546539800710164,40079.40459163394,32.7809403404257,367506.7829349447,1,1.0951273900141467,urban_digital
CUS00395,Mwanza,33,8.956063588653928,11496.03694540529,2.5539849145535936,552861.4054218256,0,14.48401762766521,rural_saver
CUS00396,Morogoro,32,43.24680964431744,57333.435863593695,41.36503560307675,382400.6877669748,1,0.8393450447310586,high_freq_trader
CUS00397,Tanga,23,36.937828544743745,52788.553547468204,18.578601995823213,541465.7413296287,0,1.0474884319064934,urban_digital
CUS00398,Morogoro,41,9.013537184237121,10113.19690153524,6.15687215281736,769054.6564904951,0,12.24737767295429,rural_saver
CUS00399,Mwanza,19,1.9071406009032357,17198.536942073184,0.0,831945.9819904628,0,12.489181224233503,rural_saver
CUS00400,Dar es Salaam,41,3.660671207812966,11556.639798386826,4.37243172471627,290420.042986889,0,11.245717495200259,rural_saver
CUS00401,Dodoma,28,16.11862079163102,29583.457406011046,2.2552425589620393,160673.04652566582,1,3.093849269540044,loan_active
CUS00402,Mwanza,49,65.74949061555704,125433.33458585877,39.695519012463926,383109.7254668806,1,1.1227617904975173,high_freq_trader
CUS00403,Mwanza,22,24.75724914382746,42100.34859405155,29.294072335663973,581593.2415210701,1,4.551633273290123,urban_digital
CUS00404,Zanzibar,21,14.676499592252382,38466.88156025613,11.070470036124458,134820.5036794881,1,4.630479258947384,loan_active
CUS00405,Tanga,29,25.751096072113643,32800.09082286623,12.387723971292383,123227.77138547157,1,4.290472655289033,loan_active
CUS00406,Dodoma,42,18.700925272064495,43072.54631855077,21.964961728402848,834304.9018369555,1,1.422852822445145,urban_digital
CUS00407,Morogoro,18,49.218714398951015,126063.25985029523,33.04473244116263,384344.9767089205,0,0.9269385442922959,high_freq_trader
CUS00408,Morogoro,23,19.815076847417856,55317.16877755296,17.697029906000715,678405.3222119824,0,2.3771324843110273,urban_digital
CUS00409,Morogoro,22,10.122359104926293,42149.27134100402,7.482621557742414,0.0,1,6.297510595767729,loan_active
CUS00410,Arusha,22,0.7335679389526266,13571.287397267877,0.30502873717858425,79872.97494990593,0,78.07595361072404,dormant
CUS00411,Zanzibar,59,0.49589250979175514,10692.646420165871,0.24287647289698636,84566.56989958009,0,66.3592092097844,dormant
CUS00412,Zanzibar,38,40.733185025633475,48384.863954727596,26.763005901773084,838334.2871249275,0,0.6879999854222094,urban_digital
CUS00413,Mwanza,46,13.867473770101052,35111.23302881161,0.4558341105437229,134755.0148434399,1,3.4939065216135528,loan_active
CUS00414,Morogoro,60,33.970184670304036,51920.162809558926,25.977293243995707,300530.65025594644,0,2.629397945523384,urban_digital
CUS00415,Arusha,47,17.84463595857035,40338.27809258144,20.288666814211776,634501.4376770149,0,1.7659179269198544,urban_digital
CUS00416,Dar es Salaam,25,21.391514732915297,32506.542391288727,18.878873644509788,527934.4825148026,0,1.9514285112007295,urban_digital
CUS00417,Zanzibar,34,70.48519504867434,88512.48679283158,48.50117891225443,270742.5223193352,0,0.7186087976591446,high_freq_trader
CUS00418,Dar es Salaam,35,32.27338783679228,40063.98921275642,26.59205981267332,437450.60779085173,0,1.4200941726880727,urban_digital
CUS00419,Dodoma,18,22.604768666955316,23459.32273745791,4.095292906752527,100702.62032195464,1,2.2307781039313737,loan_active
CUS00420,Mbeya,26,0.810775380229938,7983.284826349367,0.15609570698872233,38391.12208083704,0,63.05524671347321,dormant
CUS00421,Dodoma,47,20.067196611500204,54552.60740983593,22.921221883260895,1007754.7377635771,0,2.845984179756792,urban_digital
CUS00422,Dar es Salaam,42,24.871985006787977,36084.95078509157,27.706832654654523,714978.3835827862,0,0.8715643636952792,urban_digital
CUS00423,Zanzibar,36,26.42903684118553,43054.194948296616,15.542779511490734,380379.52938213473,0,1.327674399852179,urban_digital
CUS00424,Morogoro,30,0.7917340633159069,17078.450277140786,0.29399489099072235,83462.07989290837,0,58.400544460404504,dormant
CUS00425,Mwanza,18,40.827339385509106,90366.82917922758,33.75636700393068,6859.291986812139,0,0.7312191434473099,high_freq_trader
CUS00426,Dar es Salaam,44,33.38903074304374,36256.62764952858,29.450830168453308,453321.13306439016,0,2.3448317094770466,urban_digital
CUS00427,Morogoro,42,58.92310633524805,103215.41803886459,45.96502885538737,330085.37078502745,1,0.27735252588443493,high_freq_trader
CUS00428,Tanga,30,28.253042194846905,40036.60977179151,30.388831817958298,314433.27341733687,0,1.9777267213655343,urban_digital
CUS00429,Arusha,18,39.99512504972004,86509.7525383555,42.67795925514234,401433.81696038914,1,0.0,high_freq_trader
CUS00430,Mbeya,25,25.26009811881647,24074.640162278843,15.708197832956834,75273.06100659235,1,4.6350881805442645,loan_active
CUS00431,Mbeya,33,79.10658162910865,91893.20895171027,43.68680677039736,259858.94879713113,1,1.7893963699249311,high_freq_trader
CUS00432,Tanga,35,1.364856395374618,5553.616766483528,0.529228811805513,64673.4300872915,0,53.628358546352615,dormant
CUS00433,Tanga,30,49.76169388467786,98950.06085485316,41.17031636886814,289111.9579039175,1,0.9549948705381903,high_freq_trader
CUS00434,Tanga,19,28.83900457008989,37273.02945163463,37.28404745735,318133.35090693686,1,1.4942578954230594,urban_digital
CUS00435,Morogoro,37,30.55553378791666,47980.72878055848,25.66801152337274,847268.632522188,0,1.5490431734798826,urban_digital
CUS00436,Zanzibar,36,16.815387807087134,46189.11610226315,20.030052860840406,562723.5148078967,0,2.4048722867190753,urban_digital
CUS00437,Mwanza,25,3.546988813954901,10751.794824320576,6.309464205090325,1076375.3837740866,0,16.238908530005162,rural_saver
CUS00438,Mwanza,45,77.98765994929046,53362.35859552746,45.968802676359225,225999.34281000428,0,1.3072349336522213,high_freq_trader
CUS00439,Mwanza,37,0.6074299444473961,8527.829205316957,0.4580599757099707,59112.922265515735,0,85.8271167917196,dormant
CUS00440,Dar es Salaam,29,19.21391912253182,18727.921934495724,9.474906099654454,39292.28049235311,1,5.55340403520977,loan_active
CUS00441,Dar es Salaam,23,28.76351218178329,54077.840579059666,13.661385341167376,495577.90357116243,1,0.0,urban_digital
CUS00442,Mbeya,36,73.21029568057547,115074.92251126812,42.9945458189608,432329.6459914766,0,1.2776974537211574,high_freq_trader
CUS00443,Dodoma,50,24.205777681505065,60161.80013018776,31.60779704751101,875982.5601394146,0,1.0462259606349127,urban_digital
CUS00444,Tanga,54,31.263443215548477,48943.01209828371,20.831839575274273,685132.762527353,1,2.634062356079032,urban_digital
CUS00445,Arusha,51,68.50228864931779,55449.46125947196,41.57864104756817,620952.261608657,1,0.9704092135448915,high_freq_trader
CUS00446,Dar es Salaam,32,18.085669610367926,59801.563244851044,7.068522467085646,70819.53714073425,1,7.448250871670348,loan_active
CUS00447,Mbeya,49,0.4671767275702117,12143.957893543688,0.48428039040757404,63711.94742530588,0,66.95138244196667,dormant
CUS00448,Dar es Salaam,34,52.154944256363585,53295.385187074986,24.49836103773418,340427.4058015679,0,1.786289766052696,urban_digital
CUS00449,Mwanza,34,1.3890080384036438,12988.667669476938,0.2523501850595237,13751.601660024186,0,101.74735285804826,dormant
CUS00450,Mwanza,28,17.640997446385867,53549.16142191643,29.128433421167326,114818.31901306618,1,1.889545988692286,urban_digital
CUS00451,Mwanza,18,10.839290490130317,42271.692496802825,8.126710506743363,193364.37204389577,1,2.776968690050819,loan_active
CUS00452,Morogoro,50,69.06322989084477,96312.99775793035,47.37964586588966,220111.04986178374,1,1.6803594437704552,high_freq_trader
CUS00453,Arusha,23,35.9230282448943,55321.0741711929,20.56096241494776,436695.2326549281,0,0.7049603231686006,urban_digital
CUS00454,Dodoma,47,31.868405749054276,52792.189370689885,18.75212586732522,735224.3870600149,0,3.5098862545771032,urban_digital
CUS00455,Arusha,40,30.862465545581266,56759.14931636625,17.564414217161126,575651.1085778173,0,1.7562500530647176,urban_digital
CUS00456,Mbeya,22,18.171898272478757,38922.570770711485,9.292224475114649,91141.59361239,1,7.194372148312468,loan_active
CUS00457,Mbeya,21,5.612624916700753,6283.501611463194,4.070741228694886,840486.0172204212,1,16.338400759214117,rural_saver
CUS00458,Mwanza,26,68.47671542018803,144667.70402329683,48.618143229733505,295269.18268533493,0,0.3189689117077723,high_freq_trader
CUS00459,Dodoma,26,0.14022654552093383,6694.746178115023,0.26932587213429393,64556.35842935889,0,50.244075610751416,dormant
CUS00460,Morogoro,41,0.4201639585887593,7218.059226306924,0.8509271122240267,56967.39778171573,0,42.72820376081151,dormant
CUS00461,Mwanza,42,27.24923183053157,30439.239907089584,32.790273476567315,386023.21728374856,0,2.2000505290639354,urban_digital
CUS00462,Zanzibar,19,23.534289620836653,40616.38872141035,7.7653430918258675,238479.38201023688,1,3.737801099911761,loan_active
CUS00463,Morogoro,50,3.933437545326495,15256.933352180931,4.736173417161744,389282.8131926909,0,6.72228409360681,rural_saver
CUS00464,Arusha,33,0.32401778558774585,3505.510921800057,0.32274136738777565,22512.94996763824,0,100.37890282866252,dormant
CUS00465,Mbeya,21,0.795900509465504,3980.210243198828,0.0,62250.54738324911,0,53.00658583982382,dormant
CUS00466,Arusha,45,0.9183780156104437,10100.25643993576,0.0,31425.918711759907,0,56.925368881073595,dormant
CUS00467,Mwanza,40,12.89577576997363,40761.94689343493,4.575255256276683,96188.30790484056,1,5.209726531883772,loan_active
CUS00468,Dodoma,39,27.415245246919337,47976.16212857071,24.39168229976563,567284.5195955365,0,1.5737351273222158,urban_digital
CUS00469,Tanga,30,6.396718334637668,9107.014749994702,2.002144297713625,1019664.5417844201,0,10.60966184623502,rural_saver
CUS00470,Mbeya,50,6.448680910885551,9315.892887432858,6.617886313072927,955978.2433524085,1,9.3328181356285,rural_saver
CUS00471,Dar es Salaam,18,5.595519821105881,15776.828730577965,5.147452913302583,677770.0188706374,0,11.09774227757684,rural_saver
CUS00472,Mwanza,30,29.51617893266566,44450.85522068233,24.649831460579982,607125.9426981133,0,3.337343225676158,urban_digital
CUS00473,Dodoma,31,31.99971177377702,50771.11041273493,26.29702776671042,1150715.4431346674,0,3.130937796255025,urban_digital
CUS00474,Zanzibar,32,22.042525756616307,41228.19084919639,27.559800856717022,681365.5709658351,0,1.7856556132028722,urban_digital
CUS00475,Morogoro,32,7.448950900330425,19203.63714085209,1.9875167006575447,1128702.7678294347,1,11.875686607364214,rural_saver
CUS00476,Tanga,28,9.131577098477969,12909.626855094271,4.357223681789566,1081977.9472678283,0,9.70857177829222,rural_saver
CUS00477,Dar es Salaam,18,0.2801384992583802,12448.058392547176,0.12043477957190002,66992.23648014817,0,81.29190004062289,dormant
CUS00478,Mwanza,36,0.7595847192132206,2345.9471609692228,0.488427548449548,34784.250706074556,0,75.16734506512904,dormant
CUS00479,Tanga,59,7.853900835941239,10965.172859886896,2.785665827711978,1036386.3070702469,0,0.26328280636597334,rural_saver
CUS00480,Tanga,32,7.057106967096662,18484.593312264806,3.712919106675966,343393.9474343265,0,7.739247887076456,rural_saver
CUS00481,Zanzibar,61,26.687193578423628,47856.47254939653,20.125018092953777,772877.7885357863,0,4.245569425339189,urban_digital
CUS00482,Mwanza,53,1.3163497927332553,13101.91594309804,0.2746354925299077,84996.40117241626,0,73.07647003447745,dormant
CUS00483,Mwanza,18,8.257648925845011,14843.304461722822,1.5496314853376996,724139.7970263079,0,13.780323410471908,rural_saver
CUS00484,Morogoro,25,29.72098522088006,34875.67982664374,16.866482775002616,647671.0186557143,0,2.838189105425368,urban_digital
CUS00485,Zanzibar,31,1.2247155830182175,4078.266588360386,7.596384819957025,1525079.473229901,0,6.704684936373953,rural_saver
CUS00486,Mbeya,23,7.7471484049727275,12428.054900889769,4.475267734083379,896173.1848556251,1,7.895229016032515,rural_saver
CUS00487,Dodoma,18,30.710376073741095,39341.05248420982,24.63683652324115,876792.5132337117,0,2.9198043401919924,urban_digital
CUS00488,Arusha,25,0.26481849317970263,8110.7544843042915,0.8769992037619376,0.0,0,73.07580276214446,dormant
CUS00489,Dodoma,50,0.3935805947871649,9326.955940222158,0.3553525661168341,96973.11426363242,0,83.96947620146463,dormant
CUS00490,Morogoro,40,55.67989971228106,71486.86471874258,38.19421445584292,126134.53599485976,0,0.8070609436223771,high_freq_trader
CUS00491,Dar es Salaam,42,0.0,11082.008855423177,0.15649878345259174,84772.89332282552,0,67.14524843540866,dormant
CUS00492,Tanga,44,0.589781186886453,10975.607494857948,0.3329840676442882,98.07762970268959,0,95.17587078484264,dormant
CUS00493,Zanzibar,32,7.380492953737713,11133.517594943292,2.170409189649406,1096606.5304347011,0,13.745717117865988,rural_saver
CUS00494,Arusha,41,72.28091732937946,100582.61210522754,42.30379994971319,243898.32018895884,0,1.5964263574763546,high_freq_trader
CUS00495,Mbeya,26,6.092720152499412,15623.02021372711,7.446821513876597,1260519.0093118653,0,10.857816351744136,rural_saver
CUS00496,Tanga,23,5.6540569074700935,16546.988937743074,5.701227179138256,1124766.2690732756,0,13.907930922714526,rural_saver
CUS00497,Dodoma,51,1.1681923687159608,13853.115986951812,0.3791240947021981,71263.80805715705,0,90.34898417488864,dormant
CUS00498,Morogoro,31,7.45613705086345,8361.558612807155,8.019615497942254,1219697.0668440128,0,5.8814997105703615,rural_saver
CUS00499,Dodoma,36,6.659990707997919,18717.034206391316,2.867116224006409,565167.6021946988,0,7.866448578892106,rural_saver
CUS00500,Mwanza,41,43.88008275645282,83695.43188813406,45.71961512831997,390889.87614701956,1,0.41586781534097417,high_freq_trader
CUS00501,Arusha,18,17.025875700962754,29878.4015563869,11.191297769946413,270188.4377020796,1,5.410289374618055,loan_active
CUS00502,Morogoro,37,16.01600169050321,55439.56971212609,4.850436747537618,152377.97294632177,1,4.547329133935731,loan_active
CUS00503,Mwanza,18,8.27994397212585,15423.916432004053,6.554519114424094,864703.3023640553,0,7.323268067845577,rural_saver
CUS00504,Dodoma,59,6.55156282385168,25270.001442359215,4.9164709545717225,1106024.2062485039,0,9.022666434905318,rural_saver
CUS00505,Arusha,21,77.85537522956184,110131.11574320056,40.28120463512407,331457.8371400985,0,0.2759162393486715,high_freq_trader
CUS00506,Mbeya,31,6.099600069043875,13540.038692866614,1.0611165905606308,888802.9862850792,0,5.308604578863679,rural_saver
CUS00507,Dar es Salaam,39,52.6003543209064,113166.7541193985,24.7767875032535,2130.1513933543465,1,1.048063594696153,high_freq_trader
CUS00508,Mbeya,64,4.922052983441812,10410.38097453834,3.9853677346101053,767526.5593956012,0,8.703091000299233,rural_saver
CUS00509,Dodoma,36,26.83143863961588,51673.882382389085,27.231547166931765,746280.3287436429,0,2.1938407944105096,urban_digital
CUS00510,Morogoro,31,24.54403658659736,48906.22563407122,34.143229187122955,842136.3817927114,0,2.85582979810599,urban_digital
CUS00511,Morogoro,56,71.37419813020867,127179.17983645479,33.83307062323698,227461.75358652644,1,1.0481306248844862,high_freq_trader
CUS00512,Morogoro,45,29.241143903654756,47954.163387905224,22.472545561700514,788511.0283020458,0,0.964997769859133,urban_digital
CUS00513,Mwanza,20,27.222708173294034,39079.374377601474,29.04771076934701,820690.6409425022,0,2.2123665279879456,urban_digital
CUS00514,Arusha,18,4.209038179042602,15620.8261606669,4.062813575159687,609937.1724808097,0,5.739822520177762,rural_saver
CUS00515,Morogoro,55,21.930536622638822,22644.701426012147,26.0951030192899,239453.28998905967,0,3.6395240157474236,urban_digital
CUS00516,Arusha,26,2.3881848616423578,16492.04800815478,2.0220574072390907,542059.1892869226,0,14.913164627732503,rural_saver
CUS00517,Mwanza,33,68.46040796892004,33907.29170295802,33.97643361253408,176416.2682948124,0,0.8985860181700002,high_freq_trader
CUS00518,Dar es Salaam,28,26.951682819363167,45268.88689186904,26.70065483479112,629866.2052204766,0,2.401748279804782,urban_digital
CUS00519,Morogoro,23,59.28716723192789,119047.66407616466,31.177914581861145,570705.3294383916,1,0.8273176943976317,high_freq_trader
CUS00520,Dar es Salaam,33,25.939634984346885,29966.499711528482,7.996635373885869,120340.10080480647,1,5.191205615787901,loan_active
CUS00521,Dodoma,44,0.0,15285.799180009137,4.03561324297329,1211570.639223718,1,9.24916775443281,rural_saver
CUS00522,Mbeya,52,21.39058731733116,54208.10811235325,21.137621004327116,363060.50637398905,0,3.400472447197779,urban_digital
CUS00523,Zanzibar,42,0.12563364309209796,12191.40441819196,0.10435198882891639,56759.860144676095,0,79.3336565731883,dormant
CUS00524,Mwanza,31,29.504443719467965,36129.78554613819,28.40153476046282,946331.3188650789,0,0.16476792355496772,urban_digital
CUS00525,Dodoma,35,5.737794288089407,17780.88877865506,3.087215140348803,819344.4085968985,0,15.879015751940065,rural_saver
CUS00526,Dar es Salaam,43,8.8216320959252,23041.21518858885,10.556919686638405,59645.75994472169,1,1.8753930261516785,loan_active
CUS00527,Dar es Salaam,18,13.159317330530733,37936.59291151709,10.752486576782003,198193.55087752684,1,6.209499807879599,loan_active
CUS00528,Arusha,48,57.11401249821127,102947.60470445333,36.71634727168789,305430.395888974,1,1.040462616626081,high_freq_trader
CUS00529,Zanzibar,36,5.762871694057132,14009.769146376108,0.0,802049.3409328422,0,10.884918168002491,rural_saver
CUS00530,Mbeya,28,0.8479278780133889,13586.681887792765,0.29211917109840946,118412.48935769587,0,79.64902890439808,dormant
CUS00531,Dar es Salaam,44,55.52703959630614,104803.17877883447,32.4220007981656,255303.61757859058,1,0.7759395961722282,high_freq_trader
CUS00532,Morogoro,35,7.282642776930712,20832.835675519793,3.337949637777601,1260758.2702943706,0,4.446462796040572,rural_saver
CUS00533,Mwanza,29,1.101189058288878,5591.431677441479,0.15699197851066884,43519.46134071987,0,86.45656246775309,dormant
CUS00534,Zanzibar,27,24.799498252500992,28855.256839707712,21.141394444114393,835492.3505870665,0,1.2601454897520847,urban_digital
CUS00535,Dodoma,31,36.51973347689479,61843.28373480121,24.280058131873343,300290.0945256625,0,2.3872760562645463,urban_digital
CUS00536,Mwanza,34,7.912255829550111,18511.513935106737,6.621876699772881,701295.6633960311,0,5.2565190790202525,rural_saver
CUS00537,Tanga,28,29.68605553292087,43243.80331391436,22.745055897058194,426353.7651970572,0,3.489704036741438,urban_digital
CUS00538,Zanzibar,51,31.32124302982657,50186.203495922906,24.040489056744292,294680.8533270567,1,1.2190180488484295,urban_digital
CUS00539,Mwanza,26,64.41243875015657,89250.97379002196,22.47811344585737,26419.371746939956,0,1.9852449827419885,high_freq_trader
CUS00540,Morogoro,52,19.318990072062192,30200.975923250393,10.220957037155467,247174.70791143453,1,4.308096739666912,loan_active
CUS00541,Mbeya,40,0.5227789105567977,12364.820362344652,0.09442533198459391,92200.22626882928,0,80.47254549069223,dormant
CUS00542,Tanga,18,61.5795517371501,77363.12545008746,39.98653751604023,233611.46430159506,0,0.8984714164656689,high_freq_trader
CUS00543,Morogoro,34,6.366409238397878,41179.70757553941,5.393982754506223,174006.86206708534,1,5.2731490349828265,loan_active
CUS00544,Mwanza,18,30.630431220294216,46899.64244508631,10.45135128609525,535274.9518303019,1,3.6402828107549983,urban_digital
CUS00545,Dodoma,51,5.300549401374454,7169.42593146001,7.039770150220166,1203856.8624445652,0,10.66437944504084,rural_saver
CUS00546,Dar es Salaam,30,8.422650389520278,20790.223483280606,4.913359719564519,795231.5101457513,0,13.264167621020459,rural_saver
CUS00547,Tanga,28,34.79987961734926,64969.39330523528,20.25302109542617,547324.6649104052,0,2.4865989977486107,urban_digital
CUS00548,Dar es Salaam,32,82.60224756412853,100552.38163862927,44.25106726776443,563832.612226763,0,0.955784061778861,high_freq_trader
CUS00549,Morogoro,21,3.0221449521292745,18739.24677096586,4.839993500139984,816879.2078884379,0,13.045865660755961,rural_saver
CUS00550,Zanzibar,52,6.408335734905046,18497.549032293722,0.4354518451855167,1105481.4017106057,0,9.52962206459387,rural_saver
CUS00551,Mwanza,18,21.057273675085916,25197.72129641541,24.666760707981577,517259.40399583546,1,2.5258151991548496,urban_digital
CUS00552,Arusha,39,21.78255416450125,38097.38075495059,28.0111119607757,859093.6734026304,1,1.8467262095377672,urban_digital
CUS00553,Tanga,58,22.352868696123068,47337.90407813568,11.851796038974879,54839.77885292379,1,3.94938599274317,loan_active
CUS00554,Dar es Salaam,30,19.499622792015195,31225.90526219537,28.71275775582642,513768.15103889443,0,3.527971178723016,urban_digital
CUS00555,Mwanza,28,21.125350984602907,69568.87876631925,23.87774090626696,879465.6124938988,0,1.479098438336766,urban_digital
CUS00556,Mbeya,18,36.677889387603514,62550.20799143973,14.615420119396328,709956.0521964384,0,0.966676837061494,urban_digital
CUS00557,Mwanza,40,5.0670892907078,11007.631336150162,3.000417471688003,878556.4519014027,0,16.292716115493192,rural_saver
CUS00558,Tanga,43,1.3972815141910275,7359.680123687922,0.13536301131086728,102752.46843479085,0,63.4388052025203,dormant
CUS00559,Mbeya,33,3.524548383405443,18556.47342396825,5.166694132329205,1280797.5954113498,0,15.199913411510284,rural_saver
CUS00560,Arusha,46,22.823978087757638,70319.82496900034,16.366521922390167,314697.3842252384,0,3.62498604817735,urban_digital
CUS00561,Arusha,41,16.025183635168247,39005.46045382635,14.630260964283703,756082.1916457319,1,0.7221811539673528,urban_digital
CUS00562,Dar es Salaam,42,72.74189222421276,86025.79729426958,44.56138003286808,380668.22503096383,1,0.4526472585568756,high_freq_trader
CUS00563,Zanzibar,29,0.9470122015451294,9248.26569631559,0.0,70710.2048410754,0,74.97237839543317,dormant
CUS00564,Mbeya,54,0.3526820814031439,5238.971286438481,0.5666531336563286,7456.557992599388,0,55.130281303871634,dormant
CUS00565,Dar es Salaam,18,1.0271402745464244,1436.636787011098,0.7054041266257458,90482.60650951052,0,51.51983347954714,dormant
CUS00566,Mwanza,29,59.13334053183309,118060.61023249554,52.73009575840162,169375.91034581244,0,0.0,high_freq_trader
CUS00567,Arusha,18,34.914022149545815,60579.62959127736,28.771118277166977,329889.9902508211,0,2.509041968593492,urban_digital
CUS00568,Dodoma,18,1.865972342396626,20189.946450103882,3.639801398041511,514445.37226353737,0,11.45616432445281,rural_saver
CUS00569,Tanga,38,9.77111380712822,20021.08984493946,3.3292450966530653,811471.6032293137,0,5.481514417038674,rural_saver
CUS00570,Dodoma,18,3.338535126278469,14647.32891577417,1.6628570002862824,564574.8053019857,0,10.236903577138216,rural_saver
CUS00571,Zanzibar,50,52.835978897747424,101530.30296760867,41.55309012758004,0.0,0,1.1832794017748447,high_freq_trader
CUS00572,Dar es Salaam,52,4.689537762123314,3789.656399321646,2.006458496389689,570880.4883394327,0,0.0,rural_saver
CUS00573,Dar es Salaam,36,60.08654955400362,112407.9204044106,26.865613331591298,59701.573019051604,1,1.0506076828786266,high_freq_trader
CUS00574,Dar es Salaam,27,9.409235859465017,36007.817289502316,5.416249726639615,244949.635912452,1,10.455661419736343,loan_active
CUS00575,Morogoro,52,0.9326833390106835,6577.679427288294,7.109723662054272,591242.4470186781,0,12.621303898316713,rural_saver
CUS00576,Morogoro,37,14.00206539418081,30953.33130333965,10.286484114042736,99788.97466886262,1,3.8523615934140896,loan_active
CUS00577,Mbeya,26,1.565802653279292,9755.395266541718,0.6453436644281484,17861.44469830607,0,85.50314580060542,dormant
CUS00578,Dodoma,44,16.97726631648279,41885.14598114841,10.199475376005894,342586.05771798344,1,7.855959538216905,loan_active
CUS00579,Dodoma,49,9.526721635460088,7815.153512653921,6.740566235981152,602626.7064001432,0,12.245569776246672,rural_saver
CUS00580,Dodoma,26,3.692846736636076,12437.275611611345,4.195064145002621,844090.1985912859,0,23.74371046393808,rural_saver
CUS00581,Dar es Salaam,58,3.406983338722009,13373.730432071972,2.11950022794242,1040264.9375926269,0,8.147327181900174,rural_saver
CUS00582,Zanzibar,27,23.587316084560634,43566.82718522191,27.195813329449088,778410.9787539657,0,2.428496478993239,urban_digital
CUS00583,Morogoro,18,7.8361639207007645,19523.645750781998,7.025773349507071,399469.2023314372,0,13.292563877469208,rural_saver
CUS00584,Tanga,29,17.46003086894175,45598.04424931367,7.694499009798241,115584.79999104704,1,2.8517253055201923,loan_active
CUS00585,Dodoma,30,0.15857936276723927,5049.287288862013,0.21869856453348194,41506.87053031636,0,112.48263799722113,dormant
CUS00586,Dodoma,47,30.064901297151152,38077.40440228438,21.052021120792716,259125.8924534755,0,0.7930017203470003,urban_digital
CUS00587,Dar es Salaam,34,2.426670946208964,12254.615993255915,1.2662185812993032,820716.871759935,0,8.212470393568099,rural_saver
CUS00588,Arusha,18,36.73137037835389,50494.81116609491,20.19954072091599,631783.0571671451,0,2.4204820127359996,urban_digital
CUS00589,Dar es Salaam,46,29.050896504314643,43589.12090404896,26.723386985860557,766269.4102038266,0,1.6968066466202476,urban_digital
CUS00590,Dodoma,18,10.634686118448743,21794.780066305007,0.0,144388.7238610276,1,3.35690712101313,loan_active
CUS00591,Zanzibar,42,4.705642898201,17351.349529322426,1.940327707302039,1022777.0245838586,0,9.86876676088001,rural_saver
CUS00592,Zanzibar,30,7.905594046230626,15462.462056603035,2.3719794102425102,762588.341286105,0,5.914985666069573,rural_saver
CUS00593,Dar es Salaam,18,0.4483191083405177,3962.869883002491,0.0,65622.2784787893,0,94.28262846977297,dormant
CUS00594,Mbeya,36,30.2135569655573,57998.19497814212,26.979555233811617,516665.9642647867,0,2.0809780793499892,urban_digital
CUS00595,Mbeya,55,26.919192219294604,32008.17931052691,26.11344145654426,694170.8988827048,0,2.1109936450712574,urban_digital
CUS00596,Arusha,40,52.50745458511925,122035.8774364164,34.127804246225296,466342.5859434642,1,0.8534743982990587,high_freq_trader
CUS00597,Mwanza,33,0.061363779429716214,6503.373622443164,0.6398286918319954,77691.94105629949,0,53.839191972414184,dormant
CUS00598,Dodoma,30,16.01761491388256,29923.95410924391,19.431198893498877,168693.09947242605,1,4.876375618193902,loan_active
CUS00599,Morogoro,25,1.0037138053086614,1329.070417668061,0.16390378612633014,81472.1125513174,0,106.40395441179342,dormant
CUS00600,Mwanza,19,4.220356727562703,17837.232151852295,2.7539322101645745,819426.6246733818,0,7.823591273543952,rural_saver
CUS00601,Mbeya,22,60.11946702864337,43414.42128817789,37.62271666162143,91185.5225634012,0,2.0825712973828363,high_freq_trader
CUS00602,Dodoma,23,16.28379340018959,25395.96268003148,8.762737591781955,294277.54623646446,1,4.066622904547029,loan_active
CUS00603,Dar es Salaam,49,73.75427253197836,8418.332436899334,36.45762142774703,293117.08587968117,0,1.4317727538655838,high_freq_trader
CUS00604,Arusha,30,7.9398024356024255,55934.86653770805,4.306964702585938,253090.45453406734,1,5.299655397071389,loan_active
CUS00605,Mbeya,25,59.59784651207623,95210.44654659455,32.638765189027794,264909.00634824147,1,0.3924752364630636,high_freq_trader
CUS00606,Dodoma,40,9.250126836522803,30798.450872494814,11.729899621873662,159656.82833423698,1,8.948689553321302,loan_active
CUS00607,Mwanza,42,28.038521431146112,54788.044108463604,27.582326021552042,567001.6499729645,0,1.2559307870815153,urban_digital
CUS00608,Dodoma,73,37.45348737452758,109420.66096623293,39.81461244611112,226940.69432533666,0,0.9204018827058096,high_freq_trader
CUS00609,Tanga,34,8.439741648300764,12173.371070551219,5.259563648570558,1101998.7498172452,0,4.9568028111172735,rural_saver
CUS00610,Zanzibar,18,0.9038538013507174,1552.766929594286,0.08373063970367817,67179.55126971219,0,75.8344722654116,dormant
CUS00611,Mwanza,34,1.6760824667247278,1848.0302257216817,0.0,48232.61661508079,0,52.310821435079816,dormant
CUS00612,Dodoma,32,14.631365605226666,33042.25787892569,6.630355871212883,184612.4922063753,1,4.3653257704656605,loan_active
CUS00613,Tanga,41,10.176762885667053,18122.894481566145,9.311562274206514,48463.6342909902,1,2.300076291990444,loan_active
CUS00614,Morogoro,26,17.33397963301965,61946.32053999495,24.7985819219777,591231.4737950078,0,2.764372296342938,urban_digital
CUS00615,Zanzibar,47,62.397896359819065,47930.36361401549,26.91738294760689,131972.08720483826,0,0.9983708390969342,high_freq_trader
CUS00616,Morogoro,35,48.96012177397708,104366.69601203354,39.08903558083775,158543.2207888607,0,0.9669940708773838,high_freq_trader
CUS00617,Tanga,22,5.740939228125216,14231.559657412487,3.174813700178401,508515.43833190866,0,6.7891425051143415,rural_saver
CUS00618,Morogoro,44,26.555800935384358,53808.31853006614,24.928067538454904,493771.5583284822,0,2.635813262188768,urban_digital
CUS00619,Mwanza,39,16.755905350417965,28015.105100124234,21.42867084368387,1034024.828586169,1,2.7064877557971356,urban_digital
CUS00620,Tanga,18,37.652676383850306,93918.95407201747,35.60622785152023,177499.59995659173,0,0.7644449952766506,high_freq_trader
CUS00621,Tanga,32,6.150022844691964,10604.513882429783,3.1807283421686128,991387.9258437725,0,10.65692855724986,rural_saver
CUS00622,Morogoro,27,11.697065674115557,30294.275139890804,9.381792435252295,88573.07899494303,1,5.0141889506512225,loan_active
CUS00623,Zanzibar,31,9.179684467805966,17076.199612808105,3.234575534754091,943758.1292474127,0,8.252913572885667,rural_saver
CUS00624,Dodoma,27,8.766030450450586,38873.54047994418,7.9775491895486965,121562.6666042077,1,3.8625602817532894,loan_active
CUS00625,Dar es Salaam,43,1.8626460922283448,7000.340145205822,5.518605245390869,1300935.807504939,0,15.115798678541855,rural_saver
CUS00626,Mwanza,58,57.72623842816693,83488.84290573662,41.446961811325224,431618.37332304614,0,0.6615958491006522,high_freq_trader
CUS00627,Zanzibar,43,29.507282783777153,55431.905122591386,26.69942493624616,654671.5487995405,0,2.8973906253249795,urban_digital
CUS00628,Mbeya,18,0.6319467390057742,5224.9498978084475,0.41566764166454157,47989.76190595749,0,68.83488177309849,dormant
CUS00629,Tanga,34,71.5021543086898,68433.22639365423,41.04956391474717,685288.1278635277,0,0.6380636725863682,high_freq_trader
CUS00630,Tanga,32,10.763915211843191,43840.56350940301,7.86188225574682,202320.77121194697,1,2.3416217363998615,loan_active
CUS00631,Zanzibar,18,41.177905943548865,127956.72281913625,27.761572076040018,144346.99684939533,1,0.7068180249689969,high_freq_trader
CUS00632,Zanzibar,40,40.239784960431756,32980.39436208511,23.018710962517254,558161.495978794,0,3.060915515252792,urban_digital
CUS00633,Mbeya,25,4.346397924537989,13370.863912783467,3.5461551329163683,1124687.8494595685,0,18.072442227023128,rural_saver
CUS00634,Mbeya,20,27.94750361946044,31080.126723681096,17.509204941796916,425114.3181844752,1,1.5857429758451695,urban_digital
CUS00635,Zanzibar,37,22.126209827417554,53346.62905553052,20.085080523408124,421236.901309617,0,2.9928388786962943,urban_digital
CUS00636,Tanga,37,0.4501552350562651,2267.820920125284,0.0,11647.701798811293,0,101.13702447344693,dormant
CUS00637,Tanga,59,49.660553892909675,75890.70890435862,33.39767859010133,167120.81754289372,0,0.8562318896078434,high_freq_trader
CUS00638,Tanga,39,75.00431789420398,122737.00851166806,45.37085579958501,236601.13942392165,0,0.825583652735671,high_freq_trader
CUS00639,Tanga,32,16.311801793015075,36270.726624295094,16.96106570944343,35299.97329305715,1,8.676575655337452,loan_active
CUS00640,Morogoro,26,43.12621229021219,71194.7567089236,26.793541898211338,398048.511837846,0,1.08433383310235,high_freq_trader
CUS00641,Dodoma,27,56.78275568370729,57415.8347520996,36.89314312839042,686103.5437910059,1,0.8676347905531976,high_freq_trader
CUS00642,Mbeya,20,27.7441996260614,46560.60902632368,21.90465146427121,706011.8391542259,0,1.0416123250157319,urban_digital
CUS00643,Dodoma,32,32.374103517175236,44828.632651236796,14.860453906413932,621899.8251121894,0,2.693362009655661,urban_digital
CUS00644,Tanga,56,1.4255421082534099,12285.25137749043,0.0,0.0,0,59.897974864172525,dormant
CUS00645,Morogoro,48,14.948426703599242,44334.188041831665,8.859876349797656,135626.60093754836,1,4.9347459549821835,loan_active
CUS00646,Mwanza,36,29.86974853404759,32311.99387828002,32.11257069043209,541436.9002027374,0,0.0,urban_digital
CUS00647,Zanzibar,32,6.199851313203804,12985.87664444591,2.8495643197344345,789125.8719508711,0,12.556471092133403,rural_saver
CUS00648,Morogoro,18,0.9744687471583795,7684.10327593009,0.14873207456290335,55952.46724722093,0,47.812271630122794,dormant
CUS00649,Dar es Salaam,63,21.833638240097414,20775.703119400507,23.1244152366425,921926.7404618188,1,2.6435853794331274,urban_digital
CUS00650,Dodoma,47,6.808111696240192,11173.939777059888,2.7448627945283253,900197.4624669019,0,7.767652000746272,rural_saver
CUS00651,Dar es Salaam,67,6.765537589756681,26818.304820997804,8.14398245234643,197927.11569322017,1,7.2861511770113125,loan_active
CUS00652,Mwanza,18,0.2671633518586693,6337.085142631884,0.4765710046913142,29533.498431354223,0,72.18076277018966,dormant
CUS00653,Zanzibar,18,28.739399380909273,42811.668488366515,30.3561552512845,601098.0815072709,0,1.7419011270204767,urban_digital
CUS00654,Morogoro,29,8.945410824001787,41355.05968152998,9.010638240185347,223800.65915984527,1,1.0662154982439045,loan_active
CUS00655,Dar es Salaam,22,7.911697165226412,18363.813840833114,5.284504300176596,1362423.0114252304,0,15.340323341202875,rural_saver
CUS00656,Morogoro,34,9.59561125117153,42527.46571498339,3.9810370463647935,195821.25027351663,1,5.202626387442653,loan_active
CUS00657,Mwanza,30,28.336293677773163,51111.17991509887,20.686752249701108,458758.73850195576,0,1.9707121908693626,urban_digital
CUS00658,Arusha,42,0.45860795015116623,14378.23803135332,0.16709447797803223,35839.411601539534,0,40.8511155067501,dormant
CUS00659,Dodoma,53,7.672396231361736,15541.088008152663,5.911667146161767,1119369.1205640726,0,13.937210621910246,rural_saver
CUS00660,Morogoro,42,26.9818410006025,29075.3034916619,27.318593718427103,756110.6378645552,1,3.281290356169706,urban_digital
CUS00661,Arusha,35,16.14405295969314,21150.168786742535,11.232386138056322,105799.73145029457,1,5.423020026864942,loan_active
CUS00662,Mbeya,43,30.83040153310081,43832.031485537875,28.675100953662923,55369.13742498844,0,3.202489779152562,urban_digital
CUS00663,Dar es Salaam,28,38.10929813549524,47027.231949104906,24.014312879635316,705883.1286455503,0,1.2176425319826394,urban_digital
CUS00664,Morogoro,41,3.7756941878476855,17641.885474326224,4.0227836250009545,791914.1649725707,0,7.76201372180245,rural_saver
CUS00665,Dar es Salaam,54,69.36537816732084,61737.150087370435,29.69852264179506,443176.4933431522,1,1.2737434169112423,high_freq_trader
CUS00666,Morogoro,30,79.4308176407176,108446.8147658023,45.670476122576964,637786.1175294683,1,0.7678321619596824,high_freq_trader
CUS00667,Dar es Salaam,28,21.198891543035174,34606.45939689808,10.526975441350391,128026.02686032499,1,3.9549780823838785,loan_active
CUS00668,Mbeya,34,29.62699778102066,35705.2204101256,28.766024417456435,730645.1849205646,0,0.8710756440070013,urban_digital
CUS00669,Zanzibar,51,11.797601227119042,21331.04389047285,2.891107382986574,1027353.6403294023,0,4.526447037068555,rural_saver
CUS00670,Mwanza,18,26.995455239074357,43911.82986470567,24.118923297169278,828908.027861579,0,0.29302999521554773,urban_digital
CUS00671,Dodoma,63,0.34944820243222996,12747.497159435272,0.47372817105262144,81270.68197175828,0,87.40702730405658,dormant
CUS00672,Morogoro,28,12.058801861715924,38981.316770083235,8.247518115149399,226544.10159318967,1,4.876850247899008,loan_active
CUS00673,Dar es Salaam,32,76.8855183086038,104828.48826359927,39.74031144730416,381366.3506789887,0,1.177977340125905,high_freq_trader
CUS00674,Dodoma,42,0.14920574622250432,6659.715520149877,0.0,75258.44997597877,0,50.296720556490406,dormant
CUS00675,Mwanza,25,7.6787934341998225,6126.740315813806,3.8163038495498443,1037923.4098346466,0,15.37629983069418,rural_saver
CUS00676,Dar es Salaam,19,4.754794349049016,43103.260167685214,7.85165552152605,9316.752193120163,1,4.682975218867052,loan_active
CUS00677,Dodoma,18,10.671991907894535,10810.59202731669,4.1740217082515,534260.2746457175,0,9.465008712965293,rural_saver
CUS00678,Mbeya,37,44.95496181370546,39055.95397177566,21.527687213469857,793807.1758707309,0,3.126436868004303,urban_digital
CUS00679,Mwanza,31,2.2372550352300107,19508.52540661178,0.7296237229390758,659039.6029172288,0,11.780026244564048,rural_saver
CUS00680,Zanzibar,59,37.11450206039729,53678.87498630735,27.223623770321044,354119.81960306724,1,1.1969348557214885,urban_digital
CUS00681,Mwanza,20,31.075939194182652,57384.15717215305,8.585401184715657,560999.5169019245,0,2.9245102683140844,urban_digital
CUS00682,Dodoma,41,26.237667760792757,14563.61393758624,26.064964200863766,223334.31975463527,0,3.182724860717409,urban_digital
CUS00683,Dar es Salaam,33,5.565802551878983,16209.541975074331,1.7054811535137002,1086747.7869719728,0,2.680279350682473,rural_saver
CUS00684,Mbeya,37,0.39437836019436023,9089.206922207002,0.1051477529291013,106570.74997356768,0,78.21209978758884,dormant
CUS00685,Morogoro,34,8.005819737896156,17880.08707242232,4.884035799416559,1120795.2314596772,1,2.8526093976568907,rural_saver
CUS00686,Tanga,39,5.6046522346361956,17899.04922024104,4.0400338043670105,1074559.4803362633,0,9.95702171836522,rural_saver
CUS00687,Zanzibar,37,5.608574788183397,38483.1009854088,4.124002476411551,119317.77654225635,1,6.789855382898498,loan_active
CUS00688,Tanga,42,40.252077315308384,73190.1538826494,27.988971796185584,45786.225059220975,1,1.2801491717800517,high_freq_trader
CUS00689,Tanga,36,5.976178298228363,13633.048906250162,1.8538613458753712,767976.0984748503,0,6.619337891492322,rural_saver
CUS00690,Dodoma,45,27.293163474754465,81776.73645473731,17.271022012474962,574980.2558336436,0,1.6122141240300492,urban_digital
CUS00691,Dar es Salaam,30,12.751667303910395,33086.80399943841,8.278728150111123,37915.86047542328,1,3.695795256413785,loan_active
CUS00692,Mbeya,43,28.442955300438307,51707.3674466979,22.827017451444853,549564.7472037306,0,2.5397345172563512,urban_digital
CUS00693,Arusha,28,8.632879895708392,14060.424866534973,1.9533774384682157,894990.4160741105,1,8.737919995013117,rural_saver
CUS00694,Morogoro,37,17.81766105348707,39975.78274694195,8.61484143869137,17674.70677914482,1,5.912756370758904,loan_active
CUS00695,Dar es Salaam,18,6.302314463358074,5555.262864786675,4.162163368823147,1054359.7576123367,1,10.46946300438525,rural_saver
CUS00696,Morogoro,44,75.32497274623965,100275.56668856452,30.373445365036183,181835.54397625898,1,1.339892096649128,high_freq_trader
CUS00697,Mwanza,59,0.0,3830.163955624851,0.0,23077.845713909202,0,105.1615436908819,dormant
CUS00698,Dodoma,52,0.6172952341152214,5446.283170925782,0.23350802974471696,64200.19672499067,0,43.74038296721835,dormant
CUS00699,Mwanza,42,21.725739584029824,36011.70120886149,24.065968279907203,656628.4519009418,0,2.0769643832519553,urban_digital
CUS00700,Mwanza,47,39.76871094258188,43485.06744678263,23.793513423297185,905490.4691959021,0,0.6756469672378191,urban_digital
CUS00701,Mbeya,32,6.722094270399371,14514.921712263771,1.1032132537303223,882489.2264194881,0,5.063531673843114,rural_saver
CUS00702,Dar es Salaam,38,25.675091607049836,36627.545152347055,25.23961502259503,688661.0482512015,0,1.023190236384875,urban_digital
CUS00703,Dodoma,41,12.470404792586741,53383.12379686786,17.538038784059786,309255.1835516832,1,3.1197781979305734,loan_active
CUS00704,Dar es Salaam,42,33.225715103508904,54100.25080253283,22.228010279030705,855832.9805930653,0,2.1281061249354396,urban_digital
CUS00705,Dar es Salaam,44,0.36979414321379456,9859.1154484021,0.37053410994138547,55428.097299913126,0,74.08572855066632,dormant
CUS00706,Dodoma,33,57.613289557379204,53620.06451367542,44.55164485099147,178649.17126325422,0,0.48887833292870086,high_freq_trader
CUS00707,Mwanza,44,34.40780364392583,80408.60142368326,49.35384979979811,232305.64935999317,0,1.5214957186635765,high_freq_trader
CUS00708,Arusha,35,8.043502175303422,1137.2319497314857,7.4670460768842215,1090920.1306283786,0,6.8706958769028645,rural_saver
CUS00709,Dodoma,31,5.449255340485678,18268.319918074107,6.1498566891727116,873811.7565361508,0,12.09087927806451,rural_saver
CUS00710,Dodoma,33,13.300089495516062,45371.34938675286,15.03911142761429,236717.2995090475,1,4.663540574548949,loan_active
CUS00711,Arusha,19,0.12100999366147563,7481.099923957648,0.09867273218471737,49377.80433603194,0,54.21448741536871,dormant
CUS00712,Mwanza,43,74.6722977908507,65758.55966580866,40.00265300205083,443177.2269904253,1,1.3974241024576757,high_freq_trader
CUS00713,Zanzibar,27,21.86544066303077,39250.225939953736,2.6511906127432656,107717.34350799226,1,6.3927401434441755,loan_active
CUS00714,Zanzibar,22,79.44127367350373,88420.50429583922,40.68199017087549,468711.62983526033,0,1.088138517864093,high_freq_trader
CUS00715,Arusha,18,33.39474090399467,27332.752609995765,22.573509188062253,765830.6590758241,0,3.46733381207748,urban_digital
CUS00716,Zanzibar,25,0.0,11078.746066490872,0.5597421644798324,44202.499795045,0,83.00788800091449,dormant
CUS00717,Tanga,40,23.758909749704205,47276.71415038364,28.5204447994686,366808.61472840304,0,1.7557633682955613,urban_digital
CUS00718,Dar es Salaam,26,0.4956508149955829,5816.465664788562,0.6745697342272217,33822.2755513754,0,69.15807273957093,dormant
CUS00719,Arusha,26,17.58038038169525,38206.0195635486,12.398067960263047,194078.58287565364,1,9.175428072590307,loan_active
CUS00720,Arusha,41,2.761152513130423,9747.23501964238,2.5926963283368174,607701.9190149268,0,15.010619622228084,rural_saver
CUS00721,Dodoma,41,10.28254443090803,13218.134717167904,0.734961915995147,1215953.420366451,1,6.9799879092007835,rural_saver
CUS00722,Mbeya,20,27.385711119707317,42708.56684554193,18.09604983589997,597839.5221133326,0,2.019967916536019,urban_digital
CUS00723,Morogoro,40,10.952027085222106,38923.337524143586,11.37440904943884,85959.43195234651,1,0.5784811560358838,loan_active
CUS00724,Arusha,36,22.613755606148494,53268.7497481834,20.21945178936125,402419.9092660382,0,4.357699230026369,urban_digital
CUS00725,Zanzibar,39,30.15310921828581,23986.609662172832,18.38829814623722,97814.22699057218,0,3.5273860291557484,urban_digital
CUS00726,Morogoro,51,28.810690618505227,26380.919970029037,22.903500198746546,958478.3756807784,0,1.4353535337881036,urban_digital
CUS00727,Mbeya,28,27.57949719383406,23919.19375964605,19.378671589642288,344492.39652837394,1,2.2073389696128185,urban_digital
CUS00728,Dar es Salaam,22,7.554093192973763,15394.011202362208,6.12462477054426,792841.7765757843,0,7.74204510610417,rural_saver
CUS00729,Mwanza,30,5.578118546891389,6402.319545671082,4.5891256876556215,328408.86913055787,0,4.594993023614587,rural_saver
CUS00730,Morogoro,44,7.2090807982647185,26520.188419381768,1.8439989584376861,854904.7651720825,0,6.520518709756818,rural_saver
CUS00731,Zanzibar,30,25.071664814617723,71991.75237925026,26.07989627947367,397997.86776518496,0,3.028528235323078,urban_digital
CUS00732,Dar es Salaam,51,23.188918059760063,54600.82383536057,15.806101717173735,331809.723912838,0,2.6829467931383255,urban_digital
CUS00733,Dodoma,22,7.059603039895061,14585.5523182099,5.589251624627986,556649.8147704869,0,11.746550310745956,rural_saver
CUS00734,Tanga,36,27.608159607007114,46435.52419047378,25.240597795891482,787558.3077050104,0,2.1950000671676904,urban_digital
CUS00735,Morogoro,26,0.20189479166253926,7214.284311975316,1.085452027074124,55465.69102650622,0,84.00490034075096,dormant
CUS00736,Dodoma,33,34.12044049857921,54123.26907196109,27.836762773275424,642978.2493506926,0,3.271685196634733,urban_digital
CUS00737,Dodoma,23,7.789141980229521,10479.373467201282,2.5640794387693466,884009.8971345295,0,13.310381094253698,rural_saver
CUS00738,Mwanza,25,5.057017956996487,13933.602021601144,4.0785736431411,796904.0170730874,0,9.761489470438343,rural_saver
CUS00739,Mwanza,29,8.162947848711203,4477.971488666486,3.5885696819810344,759330.1584347354,0,4.182828813923965,rural_saver
CUS00740,Tanga,34,27.385841596061464,57840.883324445516,25.66092483397712,363302.3578262277,0,2.886051352660691,urban_digital
CUS00741,Mbeya,25,27.945277284842348,40370.603280950825,37.478758913994575,517453.70811049023,1,0.0,urban_digital
CUS00742,Mwanza,47,17.63873995999702,43707.87596851935,7.648143853015608,145623.85478251736,1,3.2094404602182536,loan_active
CUS00743,Mbeya,33,24.675994324698113,16036.652057903157,32.82678078246811,439580.9353874788,0,3.640906505494315,urban_digital
CUS00744,Tanga,35,5.673326795596273,8859.134777247335,0.7303326007448669,850084.1206211615,0,11.22210163284309,rural_saver
CUS00745,Dodoma,34,2.3255800093440655,17300.83510347739,4.322811689540092,1492098.2682548573,0,6.229322591415684,rural_saver
CUS00746,Zanzibar,35,5.344400399968326,17173.53934385199,4.053784123450372,522015.9896842069,0,11.051632810532064,rural_saver
CUS00747,Morogoro,41,7.626594707840415,20064.045771018,4.533583691589337,655652.5536415775,0,14.828291550401921,rural_saver
CUS00748,Mwanza,35,68.97894411394387,78436.34395770435,38.38116992203614,282190.9033649449,0,1.5839791580061795,high_freq_trader
CUS00749,Tanga,47,59.04604349166175,55712.471463896276,45.37413773269972,191324.97120826133,1,1.9243909538770216,high_freq_trader
CUS00750,Morogoro,41,31.446921634870698,49569.32321573285,23.176599887773286,999875.4530740203,0,1.2504500860347476,urban_digital
CUS00751,Mbeya,27,5.88826174024311,7855.309165269162,4.857172331423164,819291.8519065438,0,11.766960858323626,rural_saver
CUS00752,Mwanza,56,31.79706858654523,39025.13900838121,21.835590634095144,493545.7186757244,0,1.7194276119456395,urban_digital
CUS00753,Mbeya,30,4.522561726291102,500.0,6.089019086542546,797408.4307919577,0,7.645127575388127,rural_saver
CUS00754,Dodoma,41,1.1485965453468698,8639.644957270059,0.6850795890324406,64826.603578354865,0,68.81538552099032,dormant
CUS00755,Zanzibar,21,32.92255377599625,56961.51222841043,22.692307443121287,635041.1712808944,1,1.6160349740631381,urban_digital
CUS00756,Arusha,44,4.387457866595753,13794.822787260073,5.324414278440602,1277693.2486716306,0,7.610619944280069,rural_saver
CUS00757,Mbeya,27,12.359447323057498,30702.67665052528,4.352029691399104,188672.58527786072,1,4.677201850806891,loan_active
CUS00758,Arusha,39,26.44292065310742,58523.94602317516,18.975565458400784,431668.07377928076,0,2.0757748280188575,urban_digital
CUS00759,Morogoro,50,5.929330895412103,13258.504404257217,5.663116044967637,1248700.9703433465,0,5.258113465409265,rural_saver
CUS00760,Dodoma,36,55.70477694962826,71124.26156137914,38.645378425852215,424669.2652873098,1,0.8723067940728662,high_freq_trader
CUS00761,Dodoma,29,24.562171206763754,36503.576604498085,26.0511742221081,583496.4528368796,0,2.8471614930695033,urban_digital
CUS00762,Dodoma,36,37.552717887932765,28164.12017814347,23.096457018049943,460004.4631121545,0,1.5132092832416233,urban_digital
CUS00763,Mbeya,18,23.24975176721543,23056.459075951137,15.393187268261569,492707.37117625296,0,1.7759492937655146,urban_digital
CUS00764,Morogoro,36,14.541592024767333,45277.29775147108,16.49136498945678,0.0,1,3.397214481521689,loan_active
CUS00765,Tanga,39,20.68136519274128,65187.15898472017,24.2176123584287,575370.7421401576,0,1.9839523759166517,urban_digital
CUS00766,Mbeya,45,23.495210360247704,28553.975219347398,20.948191842478845,1037395.1677889648,0,2.27453483711105,urban_digital
CUS00767,Mbeya,26,19.853840354117253,26195.322603811426,21.20556438559177,990898.1823922896,0,1.5487630717494563,urban_digital
CUS00768,Morogoro,26,18.15782775664132,45936.36870624101,24.810063759940597,757911.2508393824,1,1.802578082335367,urban_digital
CUS00769,Mbeya,44,0.7685212666803428,5971.071687261765,0.43783755479008135,61355.03975856096,0,76.37607251390129,dormant
CUS00770,Arusha,36,18.57760557183589,32221.00538134872,22.64970163223483,311347.3224653354,0,1.6253697049224498,urban_digital
CUS00771,Morogoro,49,1.014714788031939,9206.698875238872,0.13929981863038038,54011.50423239537,0,89.58852667864346,dormant
CUS00772,Tanga,42,0.4338449685327833,1409.9574245882231,0.0,40207.62169649339,0,28.24196997704054,dormant
CUS00773,Mbeya,36,52.37199588603306,62258.81014978011,48.22495276780888,132954.42665234915,1,0.617027029986654,high_freq_trader
CUS00774,Zanzibar,26,31.72478463488439,59312.06680098796,29.22485649473351,600154.7418469483,0,1.3290003860236397,urban_digital
CUS00775,Dodoma,55,10.968697428618562,28680.12928200823,6.162501083032444,113111.23379362303,1,6.2400344281871565,loan_active
CUS00776,Mbeya,43,0.0,2849.0614923970234,0.06256612238154974,72972.25632309778,0,70.90105114053901,dormant
CUS00777,Dar es Salaam,28,33.73834159805181,44774.88048691644,19.91890386689728,654055.9134470786,0,1.7589867562145394,urban_digital
CUS00778,Arusha,40,71.09979896786507,96247.00565816984,48.28560705511704,500448.92182171886,1,0.746761442557424,high_freq_trader
CUS00779,Morogoro,31,28.016838884038194,38101.02888494686,12.790752156056335,173233.91130368254,1,4.801802816263764,loan_active
CUS00780,Dodoma,54,29.7654630679514,51254.109021766264,29.771939498222125,661770.1116607529,0,1.6731460034010166,urban_digital
CUS00781,Tanga,25,12.294131932395757,44674.404601379065,11.106203429770135,174298.54646715254,1,4.765104249455327,loan_active
CUS00782,Dar es Salaam,35,4.06292919901605,23642.326944024684,4.227922157674492,1237580.3238562953,0,8.356612279603143,rural_saver
CUS00783,Zanzibar,32,0.0,7258.080096382976,0.47625197707176825,35029.12234967426,0,68.50313609256277,dormant
CUS00784,Arusha,43,25.557646656550517,16659.510628955606,12.006573196109036,129732.87381982681,1,3.7186901829951324,loan_active
CUS00785,Mwanza,40,7.4490471880411215,15930.085612173765,6.185482632913255,1280649.8985301729,0,7.815230195411124,rural_saver
CUS00786,Mbeya,47,65.99040790966284,69609.21415883621,27.444488847565935,0.0,1,1.1490198574334591,high_freq_trader
CUS00787,Arusha,28,6.304436298592824,21747.263074576764,4.7410717399671825,580099.9284362546,0,12.680442779488406,rural_saver
CUS00788,Morogoro,36,42.6948840322815,92507.40160766516,31.99324291747052,468133.14945916977,0,1.8623005532466492,high_freq_trader
CUS00789,Mbeya,37,1.2146963200506602,4438.782736450813,0.2522397193118893,37908.92856907868,0,61.32464715695434,dormant
CUS00790,Arusha,22,20.22747039400538,43668.37462403729,26.579971188422867,556981.2577226714,0,3.0301853986015015,urban_digital
CUS00791,Mwanza,23,3.4117848699549174,10240.377920030878,5.090546330974431,982671.8696887637,0,8.69539912779754,rural_saver
CUS00792,Zanzibar,44,7.837692976828998,12232.75743274418,4.373096111707957,435022.54826538777,0,14.037585283766052,rural_saver
CUS00793,Dar es Salaam,47,14.013881822870838,38287.30008428177,23.14322677060934,948508.060668481,1,2.6709932954470896,urban_digital
CUS00794,Tanga,33,23.67106211653435,40517.71261472772,24.70814386905952,303703.00656149414,0,3.276112040946416,urban_digital
CUS00795,Dodoma,43,6.226144723672967,17904.526827648857,5.5448202958202275,733075.7557862694,0,15.265392804818644,rural_saver
CUS00796,Dar es Salaam,41,22.94224080492465,32757.31311875288,22.366981017017032,612153.0195288821,0,2.494693133545256,urban_digital
CUS00797,Arusha,48,23.94368318317459,35467.15923119411,25.499261720870393,569339.2569323641,0,2.6017213726056347,urban_digital
CUS00798,Arusha,40,46.41451885284574,95540.4736962328,37.092199968309416,285204.7434096958,1,1.4865629365256217,high_freq_trader
CUS00799,Dodoma,43,58.67979851093047,83678.03826374041,26.12195998084265,500960.2567347906,0,1.2529485300014551,high_freq_trader
CUS00800,Mbeya,46,45.05621389139833,66916.34018850914,52.376159256443955,343565.3273525316,1,0.9368264944362281,high_freq_trader
CUS00801,Tanga,40,3.0678364755207137,23171.419218359464,5.932296061997359,854257.4251975241,0,14.216034560243703,rural_saver
CUS00802,Zanzibar,56,7.711008109611174,32679.21924641623,22.504691771169952,151320.14059315372,1,3.516058811328686,loan_active
CUS00803,Mwanza,36,0.923879744788844,13629.75645566891,0.3744555852276473,87620.5770599836,0,58.033592209041785,dormant
CUS00804,Tanga,44,29.722321089836417,61589.36318250265,25.594215200702276,474897.651652757,0,0.3235867975397593,urban_digital
CUS00805,Arusha,41,25.751536682161934,41862.99241223679,28.154733396833073,879402.0770089198,0,3.928072830217812,urban_digital
CUS00806,Morogoro,35,0.6511067317899973,8961.555290018397,0.0,78679.95816920367,0,26.090679599694283,dormant
CUS00807,Morogoro,19,23.26142605951982,39578.92892312614,33.19687783113614,820804.7771563358,0,1.5304334890276237,urban_digital
CUS00808,Dar es Salaam,30,7.409987572012274,13751.287747947621,0.0670670582109043,930235.0775430175,0,13.85256389270021,rural_saver
CUS00809,Mbeya,18,24.93132340244764,35065.861560995516,12.87824732639174,106836.82852989931,1,6.379819303271666,loan_active
CUS00810,Mwanza,34,25.2275947256882,30500.709126887352,20.975133390652662,850094.0080462142,1,2.7182561254740842,urban_digital
CUS00811,Arusha,23,33.96260263033768,51373.0314976641,24.582184652917665,750063.1178633859,1,1.3627310874914476,urban_digital
CUS00812,Mwanza,41,9.910427271723282,44944.27969736555,14.51747049251341,107037.04533328519,1,0.7279729011213059,loan_active
CUS00813,Zanzibar,42,0.4666384305085835,8721.390987021468,0.14299667451732065,80422.67374129294,0,81.86383603509273,dormant
CUS00814,Tanga,39,28.95439409816009,51292.417963330125,26.29285844090481,414385.0743728436,0,2.7915081719465196,urban_digital
CUS00815,Arusha,21,10.173747406342319,26886.82670425997,8.259407674988276,165157.11265092198,1,4.755527797384814,loan_active
CUS00816,Morogoro,23,9.351399828424743,14014.782250933164,0.0,139457.454163606,1,9.640460750285712,loan_active
CUS00817,Zanzibar,38,6.299806594781221,7677.102449749172,1.375780938283758,540758.2207108861,0,9.270161559152095,rural_saver
CUS00818,Mwanza,42,0.8316081948521414,6652.476306419367,0.3108605911987884,17185.62479929372,0,48.110059514856374,dormant
CUS00819,Dar es Salaam,43,25.97255291147054,22546.556846107163,23.68455523658195,350235.7336427833,1,1.4211782784131737,urban_digital
CUS00820,Mbeya,41,34.53377816430992,33540.858569315504,24.38023558777354,710693.5802776293,0,2.361100759309818,urban_digital
CUS00821,Dodoma,42,0.25691790291364547,9397.804893136563,0.5759966536654393,70064.25522554822,0,81.97439450978948,dormant
CUS00822,Arusha,40,32.13046632333271,62946.01393660711,23.829746502686145,632791.3986884777,1,1.509612390236487,urban_digital
CUS00823,Morogoro,47,0.39698815769202767,3169.8903530625294,0.45016257881395116,92933.99045087745,0,42.40514907421828,dormant
CUS00824,Arusha,35,29.555189811051818,79992.83424546215,54.72412729794064,250751.39272307,1,1.3814331003867775,high_freq_trader
CUS00825,Mwanza,48,28.385278431767848,67347.85167898488,17.821295845010884,523692.13670997566,0,0.9655881963086206,urban_digital
CUS00826,Dar es Salaam,31,0.5133257510004089,5777.731214293917,0.14464622965723936,33103.18769163812,0,65.52393645184613,dormant
CUS00827,Arusha,60,25.844759850087133,35906.43952315989,24.775231281524874,647977.8960236317,0,1.855865849233745,urban_digital
CUS00828,Morogoro,37,25.602166293010686,24459.09809870264,6.342209733645765,65247.73784064027,1,7.114107879944479,loan_active
CUS00829,Dar es Salaam,24,39.981803999685305,44874.42246827445,27.531243608786603,704084.1498600786,0,3.0591617317418587,urban_digital
CUS00830,Zanzibar,18,1.169939893222088,5650.196139163521,0.15660968383917162,17345.36529119625,0,56.51481178366706,dormant
CUS00831,Mbeya,29,0.38333382941220173,5968.103051033933,0.5370033295835496,62689.42215070477,0,60.847251378014064,dormant
CUS00832,Arusha,37,5.530763922958204,22429.782772379243,2.3553906390871164,684071.8005148037,0,4.071842082255261,rural_saver
CUS00833,Arusha,19,1.141380926417676,12165.636030907717,1.0191350143595423,47783.81697376713,0,69.78940872407586,dormant
CUS00834,Zanzibar,26,68.3589380097159,92963.35603615847,45.210130440085464,129131.36711424001,0,1.1025998089769709,high_freq_trader
CUS00835,Tanga,43,1.0946623242766993,16201.230315912046,0.0,71613.31938778874,0,17.442996973192216,dormant
CUS00836,Mwanza,28,37.55814460149894,76875.81630251855,29.495802705965996,267658.2757575906,0,0.07134336813648856,high_freq_trader
CUS00837,Morogoro,43,22.905243419359373,39317.610078502854,5.29113154690631,112296.44967756802,1,8.112208476771062,loan_active
CUS00838,Arusha,30,4.163533075189157,13664.647308084555,3.529781703183704,738605.4218532584,0,7.289513138440126,rural_saver
CUS00839,Dar es Salaam,31,5.793492739078162,15702.62823426787,8.43628278942425,902662.4314250884,0,7.607279311795214,rural_saver
CUS00840,Morogoro,25,28.07531633866171,35710.40469780739,22.981411096985212,777610.1871626539,0,2.0000890309636383,urban_digital
CUS00841,Tanga,55,73.14496551137947,91822.08699278306,38.67901949328568,0.0,1,1.1857962080726514,high_freq_trader
CUS00842,Arusha,43,7.135778308223226,20631.081158891742,1.5817908527561224,861953.2513041137,0,6.449065798400308,rural_saver
CUS00843,Tanga,30,6.549447296899641,13356.486874320126,2.02740969085513,1432613.7882309943,0,11.362464498701796,rural_saver
CUS00844,Mwanza,18,28.227229777539865,46976.60723964039,25.999378423667864,746868.0576943868,0,0.5334030345129956,urban_digital
CUS00845,Zanzibar,62,13.38169502503181,29908.101698882372,11.966992768806676,308607.76283890475,1,1.1108187521928778,loan_active
CUS00846,Morogoro,35,5.533849681761948,16739.0434108629,1.1703356847525668,1199061.471067896,0,9.754130355246852,rural_saver
CUS00847,Morogoro,54,0.922914161908287,7054.885458067245,0.6522598036932452,83986.85515674087,0,62.178092345183046,dormant
CUS00848,Morogoro,54,28.271769785950493,45596.94300945397,24.494906113013656,613863.1501882252,0,1.8144936018102793,urban_digital
CUS00849,Dar es Salaam,58,22.930414958606,43519.38332455588,9.046130250644445,69358.80507170412,1,3.68483799744879,loan_active
CUS00850,Tanga,35,23.846815680880237,16732.855747367237,29.150827542426967,900100.6227235787,0,3.0383480042493285,urban_digital
CUS00851,Dodoma,22,15.542226259050022,45334.57249800016,27.107863862097084,572945.98868675,0,1.0358819609816776,urban_digital
CUS00852,Dar es Salaam,56,24.19074257383035,53743.463698801424,9.989411475015586,172521.88840743416,1,3.0382838859259627,loan_active
CUS00853,Morogoro,59,7.353846100276533,39638.832997023936,12.15608897058016,192208.5211911406,1,8.285635335696938,loan_active
CUS00854,Mwanza,24,26.599097932764025,53078.08406587629,24.421168528630297,473576.94141206087,0,2.671499528500248,urban_digital
CUS00855,Arusha,24,5.072878720288645,12720.462899126713,2.3151120901385913,994061.8744817006,0,13.918070403548786,rural_saver
CUS00856,Morogoro,48,53.07025576525448,128864.23629828094,38.68403308741664,304519.6543877451,0,1.5665154093608218,high_freq_trader
CUS00857,Dar es Salaam,52,15.13283805678774,26275.640225109983,17.700852311037018,218504.71815644138,1,4.086682037215221,loan_active
CUS00858,Tanga,26,4.92878216948181,22053.517015943282,6.956569178768983,623555.1684956832,0,13.128762815845315,rural_saver
CUS00859,Dodoma,38,8.865086553987659,15086.73009016777,1.5172716328388614,864003.8490497138,0,5.764439227538844,rural_saver
CUS00860,Arusha,38,71.49371106598298,95955.01635155031,35.665247284960984,277729.1897389551,1,1.1086608137405243,high_freq_trader
CUS00861,Arusha,36,43.16764045644348,75941.97320028272,41.328168407173095,468618.6727431171,0,1.8873426707937275,high_freq_trader
CUS00862,Zanzibar,24,69.15971010602992,53638.461639925765,43.43905258529186,138710.38478087075,0,2.514919194436071,high_freq_trader
CUS00863,Arusha,39,0.7038945029789527,5931.699253642581,0.011776766052734644,113094.18600171502,0,96.33624052533506,dormant
CUS00864,Mbeya,39,25.64906025851475,41270.52620433361,31.71240933422075,661315.5075329136,0,4.420938515658837,urban_digital
CUS00865,Mbeya,38,20.433474067173982,39654.028273115866,12.987634470867238,116102.12261080602,1,2.540409352067227,loan_active
CUS00866,Mbeya,30,22.158073261372948,28521.974416168825,7.087904020720894,247681.540830395,1,4.085509589717817,loan_active
CUS00867,Dodoma,57,59.22022822811425,50659.04760244903,35.685279099666985,334555.2028709583,1,1.5789965262897936,high_freq_trader
CUS00868,Dodoma,42,37.07490067998642,55975.82860888721,23.256327046163964,475386.186008624,0,2.585578769772898,urban_digital
CUS00869,Arusha,24,27.272947171743684,54442.34687810714,30.304362525417513,776032.0768135083,0,1.1661513074939933,urban_digital
CUS00870,Dodoma,40,51.825388516893824,96426.87996687325,44.15843002844507,87820.15230839551,0,1.121642732652697,high_freq_trader
CUS00871,Arusha,40,26.155430254500605,36318.95673996892,24.266027162244487,678456.0659158201,0,1.7573876201859524,urban_digital
CUS00872,Mbeya,54,11.189549083416162,18422.431595760983,3.8537046172409823,116555.93087544243,1,2.363163447389723,loan_active
CUS00873,Zanzibar,40,3.242803224622637,13586.975742611496,8.264609108542768,1022439.024892713,0,9.372469461923046,rural_saver
CUS00874,Dar es Salaam,24,80.34926316752927,76728.65981306894,33.939117736893735,93178.69008296588,0,0.29715631509104357,high_freq_trader
CUS00875,Arusha,20,20.37061755117053,29916.036126331943,11.587721312022463,21672.639864914963,1,5.263013908905691,loan_active
CUS00876,Mwanza,18,5.148703000140282,26056.01287128112,5.864348754481767,861476.2251506079,0,6.33930123850673,rural_saver
CUS00877,Zanzibar,28,5.512154484704105,8261.051249097198,4.51455183018175,916791.076073627,0,14.368228100505227,rural_saver
CUS00878,Tanga,52,0.663425873903662,11282.219761085355,0.0,27547.56974976849,0,76.07721934631668,dormant
CUS00879,Morogoro,31,0.3920601006360398,6734.115829400464,0.03822119093590087,59899.522765311,0,69.05764852603816,dormant
CUS00880,Mwanza,21,5.812222988222984,17758.140310451694,2.8725388936414777,668352.5733273285,1,0.0,rural_saver
CUS00881,Dar es Salaam,30,1.1016291115083945,6236.2689498284135,0.13178516541983074,48541.32544240178,0,63.09255143070173,dormant
CUS00882,Mwanza,38,15.485552052115816,30779.59565493732,8.283130190911852,69187.3861030953,1,2.6924325189589378,loan_active
CUS00883,Morogoro,61,3.1436867124321006,18799.707076904237,5.528095279649495,1192406.7414835868,0,12.548328401155985,rural_saver
CUS00884,Zanzibar,31,26.19087039473624,32451.70198932532,16.32970058389269,951134.7860464633,0,1.0754002580657693,urban_digital
CUS00885,Mwanza,32,8.448513744291967,8563.48900759845,0.0667609502222497,1550254.3429686483,0,11.817653223674242,rural_saver
CUS00886,Dodoma,31,6.931569847436047,7428.97058329507,2.3181588662795405,931547.3653567816,1,8.789929544743083,rural_saver
CUS00887,Dodoma,35,24.693509153074114,33049.29688950603,14.889840748645401,628949.4094334824,0,0.6247184534313222,urban_digital
CUS00888,Zanzibar,30,26.230298829563765,39467.71258005462,13.215525565962748,736553.5024615786,0,2.0632702548412416,urban_digital
CUS00889,Mwanza,18,1.0761462458749556,10126.472803213495,0.639011983886841,59911.5648386472,0,82.92287168681561,dormant
CUS00890,Mbeya,33,5.364950012266892,13875.455340756958,6.44732964070395,748131.2016279215,0,10.90302937233901,rural_saver
CUS00891,Mbeya,43,19.138934743465732,17951.348658624756,3.5439222682242333,0.0,1,6.571969950266666,loan_active
CUS00892,Morogoro,38,33.380965443395695,36871.65797152568,21.18226171232667,575790.4714675378,1,3.693828127622051,urban_digital
CUS00893,Zanzibar,21,36.01229618620076,41929.8905142053,22.045292347588525,574195.5758772378,1,1.8249906356283874,urban_digital
CUS00894,Mwanza,27,72.30009382679494,103592.18477582544,51.436499180382604,55607.57956287157,1,0.21376229310327988,high_freq_trader
CUS00895,Morogoro,48,21.538603459849323,37255.73497228573,9.024682997913713,86589.80522838715,1,2.2481296986786004,loan_active
CUS00896,Mbeya,28,32.79183556629184,61229.4045251082,25.98409063490562,71579.50828889303,0,2.464871305846709,urban_digital
CUS00897,Morogoro,18,21.38063941066283,56371.07480897448,26.28096318707154,700238.2445816245,0,2.1762877588998095,urban_digital
CUS00898,Morogoro,37,27.22103211492284,14664.845056882692,16.159419304327223,535537.6311495977,0,0.1992569265751356,urban_digital
CUS00899,Arusha,27,9.538845812029205,16010.862484940368,5.4042837046083125,798718.8747970568,0,10.328737408271026,rural_saver
CUS00900,Zanzibar,49,7.44853867743549,6968.64050527208,5.7799740651336675,911793.9036908257,0,3.4280617592543132,rural_saver
CUS00901,Arusha,39,26.74840601179981,48340.78159047385,19.602339933423266,594189.0727549099,0,2.099882254287887,urban_digital
CUS00902,Mbeya,23,29.923688363110106,34156.98203411806,22.289745079497493,707438.8291963263,0,1.7126946176598898,urban_digital
CUS00903,Arusha,18,8.160836936177965,9226.596682475349,5.309562171542829,1112445.767437192,0,5.130092588551575,rural_saver
CUS00904,Morogoro,21,11.92443245537332,40262.18647952324,5.689487371601686,157755.88647389825,1,2.0471404041783092,loan_active
CUS00905,Arusha,19,0.46100974905278647,5995.682121569872,0.0,30233.795663331784,0,56.31686275516014,dormant
CUS00906,Dodoma,24,8.165491650578835,13199.125677745376,0.0,713015.7577215943,0,6.954565466970495,rural_saver
CUS00907,Mwanza,25,31.02044833489873,57439.66301509214,26.250969861557166,325101.20507179387,0,3.1700709903865816,urban_digital
CUS00908,Dar es Salaam,36,33.854059083413226,39836.58333822068,24.707186596095756,322778.5445958097,0,1.1246936195602781,urban_digital
CUS00909,Mwanza,33,30.775899377473806,39113.72996288793,19.34884964352711,636545.8171088615,0,3.078422526422588,urban_digital
CUS00910,Mwanza,18,56.08637868354053,101554.39056875528,39.38908400454627,51292.24247472052,0,1.5288543519323075,high_freq_trader
CUS00911,Mbeya,18,16.76056033357583,29407.41180130251,6.502000189964872,58410.181949292324,1,6.999858942637375,loan_active
CUS00912,Dar es Salaam,18,10.81233962780255,36201.267659112425,16.313452275613987,194308.6557080255,1,3.307950768934395,loan_active
CUS00913,Zanzibar,43,16.32668082677577,39877.84645752215,6.475537667198235,205807.4441510603,1,3.9722197421180807,loan_active
CUS00914,Dar es Salaam,41,5.8020225370689555,38349.76090228875,8.351573309225579,241976.30263742575,1,4.912038540458099,loan_active
CUS00915,Dar es Salaam,23,14.362457704759214,42876.69309614295,13.176233858108487,187752.80035929708,1,0.4153972507496331,loan_active
CUS00916,Arusha,59,36.30463507903554,29928.64973477681,28.412305750329033,741290.5313559338,0,0.0047683728832754735,urban_digital
CUS00917,Mbeya,51,22.82033624674387,35468.91186480875,19.012087948450866,842956.8953099039,0,1.3740937710508612,urban_digital
CUS00918,Mbeya,21,7.158988175871073,10403.548791448702,1.5528321778764393,1247450.989463992,0,3.803743920575549,rural_saver
CUS00919,Dar es Salaam,55,0.0,500.0,0.0,22427.58315068439,0,65.7463742323086,dormant
CUS00920,Mbeya,68,26.398940367410358,42989.10194706942,26.546276818994713,552536.385786688,0,2.2806148769517334,urban_digital
CUS00921,Morogoro,21,70.93351012853222,62956.950382331735,42.96177748951331,181239.47900104197,1,0.31240629144586507,high_freq_trader
CUS00922,Tanga,28,0.6719537812450636,11990.676454392102,0.45079330462590395,75623.52003605655,0,82.47637117527692,dormant
CUS00923,Arusha,35,7.626003617433594,20124.396164133206,3.8737686173404495,864922.1874664025,0,9.918312880735108,rural_saver
CUS00924,Zanzibar,27,30.90535544651737,43826.32492855016,19.898298386284523,675593.1151047044,0,3.842249756474496,urban_digital
CUS00925,Mwanza,35,32.37436131514225,48694.39001677176,30.547131509727564,495109.15743419214,0,1.9009063509075077,urban_digital
CUS00926,Morogoro,25,22.688806305976303,51910.94001495812,26.089821379247486,857044.723384359,0,1.588160491751865,urban_digital
CUS00927,Arusha,36,20.424922675419793,45828.419974137025,15.029115604537633,180129.83877435946,1,4.027007234804468,loan_active
CUS00928,Zanzibar,36,0.6900344475396032,5759.433419248496,0.6999348866775648,67402.52502705628,0,57.1555408935599,dormant
CUS00929,Mbeya,49,46.87076348580017,69243.64693131814,51.90226877732276,573747.7374325233,1,1.6596543242935677,high_freq_trader
CUS00930,Dar es Salaam,32,31.341496916584397,48948.50145373111,26.69931597238304,747203.0886286589,0,2.73195872931211,urban_digital
CUS00931,Mwanza,35,5.373504429356406,17382.731546193332,2.7006848991837273,504954.41501174815,0,8.196194959906268,rural_saver
CUS00932,Tanga,37,4.779749917983869,21383.774074564993,5.7063523165680285,827778.1376538898,0,8.612280780567199,rural_saver
CUS00933,Tanga,65,61.309176533423845,95292.4689867453,46.07036985198528,293721.1193902434,0,0.5065403961274508,high_freq_trader
CUS00934,Arusha,40,56.59368816820494,95089.82519709943,44.53172419828969,238381.4231399189,0,0.9978376373283876,high_freq_trader
CUS00935,Mwanza,51,18.104668970447612,66032.50130899937,27.964854424891964,727824.4715306753,0,1.2074713267069794,urban_digital
CUS00936,Morogoro,21,35.756206985198006,46946.924650570305,14.147773641003804,191997.93824913504,1,3.305005608579659,loan_active
CUS00937,Arusha,21,20.736489009160877,29717.64809473812,28.878613232507966,588517.1890144997,0,1.9845960629493156,urban_digital
CUS00938,Dodoma,42,11.64634546991298,28795.737937465474,4.378914211098557,109663.1923759719,1,2.8373870872075226,loan_active
CUS00939,Mbeya,48,20.238165264160664,41440.41882902399,33.28029940658352,403847.4204643414,0,2.1055219340028843,urban_digital
CUS00940,Mbeya,47,29.772801048144437,39824.454264914995,24.333820607364427,616273.9887907471,0,0.6808885446759825,urban_digital
CUS00941,Dar es Salaam,30,47.46973167756171,82481.85919540617,38.199314645166275,126522.17992506264,1,0.6647036740438319,high_freq_trader
CUS00942,Zanzibar,36,19.352599999815887,47123.73316902575,29.8142815165817,768423.2292330535,0,0.15958830347880326,urban_digital
CUS00943,Morogoro,35,6.848702218436041,24680.51400151257,2.3503767409386933,37555.22006338718,0,11.944180273071284,rural_saver
CUS00944,Dodoma,25,3.5687277408026365,7901.413084117848,3.2907819683652093,526171.5990354583,0,8.354292445494924,rural_saver
CUS00945,Morogoro,26,29.578736359483567,45511.31068512043,25.009786349312968,636025.8887611623,1,0.9668694165419094,urban_digital
CUS00946,Morogoro,31,55.263901138332756,141629.88095220804,29.209309436665507,237153.52450246643,1,0.8483336233637537,high_freq_trader
CUS00947,Dodoma,34,13.827293004246954,43146.28513616318,17.242846651673503,262599.86991586623,1,4.726692231781713,loan_active
CUS00948,Dar es Salaam,19,15.233596223921019,36469.994084625854,6.61060754260874,224927.50390843512,1,5.413218255445573,loan_active
CUS00949,Morogoro,41,6.124572416981225,5533.938483895974,2.8367013119355358,731070.6880562404,0,17.519400099781183,rural_saver
CUS00950,Tanga,34,8.896804145271226,18226.060865517884,6.25010697937523,1457138.2058829318,0,6.811582263473987,rural_saver
CUS00951,Dodoma,41,29.322122996841763,42015.99729471167,21.018706414876412,924152.933755005,0,2.6863922592415443,urban_digital
CUS00952,Mbeya,62,18.525920214578534,35030.636040076875,20.68654719525066,712916.8226633182,1,1.9144101933891946,urban_digital
CUS00953,Morogoro,38,28.427173712436982,50988.010767563326,21.296872557173888,469474.53458642977,1,0.08327839299337092,urban_digital
CUS00954,Mbeya,31,8.942480544460533,30949.98845602995,7.447622129303916,71121.78532646017,1,5.070883459412655,loan_active
CUS00955,Arusha,27,14.548550123250125,21407.234535939875,16.052874885797536,102443.33001621481,1,4.525031515070326,loan_active
CUS00956,Tanga,53,59.021206554832965,122703.60233765123,59.7841264313878,411845.88055509876,0,1.8582137407385408,high_freq_trader
CUS00957,Mwanza,18,7.584802264780807,15719.93679655786,4.700682068902935,353574.91098965274,1,3.825009918214815,rural_saver
CUS00958,Morogoro,33,6.3857573780504495,9429.607023999728,3.9857724973932447,941530.3558049594,0,6.383514371831595,rural_saver
CUS00959,Morogoro,28,6.882151360342323,9017.801930265017,3.643344886408026,1229188.3449810361,0,6.810829268302424,rural_saver
CUS00960,Dodoma,32,4.022626539872363,11717.93540869559,1.201864918586942,858547.2382774578,0,6.859788544795686,rural_saver
CUS00961,Mbeya,33,8.110237463196437,11942.040815977893,2.849567784698297,646193.6615122916,0,12.116739965787879,rural_saver
CUS00962,Arusha,38,28.32885915893981,60295.69387434476,30.660403629639358,270753.1384330393,0,2.2256469257111893,urban_digital
CUS00963,Dodoma,31,17.641700588675285,62551.708113316796,26.57472048535954,426960.4510334682,0,0.29685352445255964,urban_digital
CUS00964,Mbeya,40,12.586340113797085,21748.89612876241,13.106808934839112,252143.77517555805,1,4.945279019911045,loan_active
CUS00965,Dodoma,37,5.9607220750099135,9589.103918844068,2.6946440268254777,811069.1979755907,0,10.037346871505873,rural_saver
CUS00966,Mwanza,68,7.375860083580391,41652.17744084929,10.013663536034048,354216.7243320123,1,4.224731259647174,loan_active
CUS00967,Dodoma,29,29.164549777019072,44188.4335286878,19.065390526246745,905653.273441797,0,2.427120916848122,urban_digital
CUS00968,Dar es Salaam,28,0.40533186871098886,2304.2709255597674,0.7029381665201685,41666.0808224517,0,50.698206822139326,dormant
CUS00969,Dar es Salaam,31,30.00764375038433,55096.99658561239,26.3701716528716,160672.8899001929,0,1.8993862373348718,urban_digital
CUS00970,Zanzibar,25,27.345550306148667,25679.60647270702,24.960854573309014,327121.7252581379,0,2.1562644315382107,urban_digital
CUS00971,Tanga,26,36.70952423107593,56362.23904218177,21.85295128754732,378250.14671947947,1,2.2717538515331395,urban_digital
CUS00972,Dar es Salaam,36,35.19614083169029,36845.714042060754,19.49664509974014,646725.2702488627,0,2.008549993368803,urban_digital
CUS00973,Morogoro,45,15.60482230351362,37051.46708908418,3.227604038858427,181347.0199944392,1,5.319863153451792,loan_active
CUS00974,Arusha,30,7.2116216022742385,13990.25684197243,6.06478578302138,812210.7907161838,0,8.755402278082576,rural_saver
CUS00975,Morogoro,18,1.3237758044707837,16069.450948902557,0.5621814762558015,96238.89948242085,0,44.215710382819054,dormant
CUS00976,Dar es Salaam,48,5.356878866737574,15206.154826294387,3.6035851638006684,407359.4251101139,0,18.616792933427746,rural_saver
CUS00977,Dodoma,48,6.452239210291206,10785.013146364316,4.1450561052719355,1531676.411052451,0,8.180171008704233,rural_saver
CUS00978,Dar es Salaam,48,8.347372101491192,10760.490971125982,3.477030773525155,749428.3512295696,0,14.414746683805971,rural_saver
CUS00979,Morogoro,18,28.60990749352785,72914.30563577134,25.594154421854366,580616.286074147,0,1.66285376211279,urban_digital
CUS00980,Mwanza,37,13.797394128644509,32437.063909307748,3.6307301578007527,144157.18481644057,1,0.8657795507812054,loan_active
CUS00981,Arusha,24,61.16395412565879,79723.26317782955,39.31575678441543,182390.33437832538,1,1.0290432032958854,high_freq_trader
CUS00982,Zanzibar,29,63.21239040610917,96536.31637701135,38.67032069135143,663157.0554430227,0,0.8624575523812302,high_freq_trader
CUS00983,Morogoro,18,4.058121553847201,18429.48679921702,2.6275060639611,729615.5559006741,0,6.060225936605955,rural_saver
CUS00984,Mbeya,33,25.22236079704484,55480.023752547495,24.984899027326218,912115.054037625,0,2.5239648102740446,urban_digital
CUS00985,Arusha,42,15.315378367524762,34885.35578339862,16.1751469247342,150201.22531672727,1,3.7034452518457917,loan_active
CUS00986,Dar es Salaam,29,4.3674803778859435,17667.357563069625,4.82768186828367,843179.1996580512,0,4.048840278766593,rural_saver
CUS00987,Morogoro,25,45.17358146370712,46869.90083568249,21.018039751082814,324339.65278938366,0,1.6499672804762222,urban_digital
CUS00988,Arusha,40,6.672598428018119,18248.594157028267,5.267905866419058,905925.1269178084,0,10.92814830272281,rural_saver
CUS00989,Dar es Salaam,18,73.13343301566655,91410.37155064626,33.4655738733571,278356.2445343948,0,0.10673602080757716,high_freq_trader
CUS00990,Mwanza,38,0.9591380606961621,14080.491267405312,0.0,53013.77812498685,0,67.0090977416597,dormant
CUS00991,Dar es Salaam,29,44.485557251871015,62319.56248768997,37.589990616630196,278193.66031587595,1,1.394823837394592,high_freq_trader
CUS00992,Mbeya,35,54.938188727197854,97066.46975574752,38.968733791460004,425621.521935872,1,0.3013067014682631,high_freq_trader
CUS00993,Mwanza,27,20.555464335414875,28346.95725959689,24.911488911689926,448443.88653700764,0,2.9653412923140627,urban_digital
CUS00994,Dodoma,33,20.74905801932679,35284.70791109427,11.179035448221214,133080.02031225176,1,0.0,loan_active
CUS00995,Arusha,43,6.729458274585409,6051.629888059397,3.8927965842790777,563320.7738357906,0,9.9223968572007,rural_saver
CUS00996,Dar es Salaam,28,1.0334114650937594,9835.959597096116,0.5581180766911724,39489.72572228484,0,131.4623482253429,dormant
CUS00997,Dodoma,32,33.40815149648136,54032.65565833191,26.436945095711742,735063.7315986216,1,3.5892986945378342,urban_digital
CUS00998,Morogoro,39,21.22947091135426,14664.73421032044,11.026274013924764,104919.81766841211,1,6.144240303162607,loan_active
CUS00999,Arusha,19,21.64634987061105,44316.37055017667,23.099164760353293,699062.0083414866,0,2.1504759220086145,urban_digital
CUS01000,Mbeya,29,28.64547285740061,76332.91474091115,32.23002663493893,5120.087448460166,1,2.9321195252553443,urban_digital
CUS01001,Dodoma,48,5.466071569833023,17760.94742717326,1.7030600512499823,1256606.5954828113,0,6.259902903553803,rural_saver
CUS01002,Arusha,40,18.729214569330153,38337.47883598099,21.141624673574178,1028788.3876472262,1,0.0,urban_digital
CUS01003,Dar es Salaam,30,32.70450727950163,72318.47632131327,31.034487854929406,637584.5187830304,1,3.6240274313473586,urban_digital
CUS01004,Zanzibar,30,0.17092138189269762,6331.7047913837205,0.0,36049.397264870735,0,70.33783340043169,dormant
CUS01005,Arusha,39,3.4650815163229693,6981.1392237165,4.419139495046232,921787.7560407674,0,8.130174158031718,rural_saver
CUS01006,Zanzibar,34,21.952731268446737,27198.55415856012,10.35561134486173,226661.63232042588,1,3.4477714196055,loan_active
CUS01007,Morogoro,51,3.377409529912962,15842.493973828114,4.063089357208863,1066525.2748788174,0,10.039881541044899,rural_saver
CUS01008,Zanzibar,18,84.92999798294744,122003.23172429024,30.58342795479806,367657.90230654395,1,1.1419502965649606,high_freq_trader
CUS01009,Tanga,41,5.310965522600335,18613.013483050076,4.575999510947622,1020884.3579743061,0,11.618109899382844,rural_saver
CUS01010,Tanga,32,0.3626592855226909,8331.562245678466,0.8229775124609071,54260.93087003417,0,75.85126992907836,dormant
CUS01011,Zanzibar,36,0.28232201813959845,8834.714097461727,0.14828543941225464,45634.55211568353,0,59.18970586947425,dormant
CUS01012,Dar es Salaam,18,7.1683898883520545,13940.425700445423,0.0,1077111.4632166415,0,6.027074199946161,rural_saver
CUS01013,Dar es Salaam,28,20.22703807662234,34426.33380352787,0.924539698490678,164266.366981059,1,4.187615263818128,loan_active
CUS01014,Mwanza,21,4.5245484770875635,14363.921045700636,3.0296226376657174,342992.9270434844,0,9.022569376152779,rural_saver
CUS01015,Zanzibar,27,32.624392404717526,29418.8163708417,24.669936509289833,483270.1996252837,0,0.8964404690241001,urban_digital
CUS01016,Morogoro,34,0.5044061957534289,8941.248905395973,0.06432225561510646,47271.96792687758,0,92.76908861940844,dormant
CUS01017,Mwanza,46,48.59059265517392,63682.895697086715,42.088092103984806,218212.27969986608,0,1.662141596034994,high_freq_trader
CUS01018,Dodoma,22,16.406164261844985,27306.862463975183,26.967285356593408,543025.2333925061,0,2.6163363985410104,urban_digital
CUS01019,Zanzibar,61,6.982880589728943,8621.180226247667,6.610489066820138,1026641.5767054725,0,13.21870971252926,rural_saver
CUS01020,Dodoma,35,13.911914500952745,40504.13189691293,8.272682721235993,156828.1774094676,1,1.9855308799371052,loan_active
CUS01021,Dar es Salaam,25,81.58797332213697,45124.92218241626,37.75293232713776,493217.5826746553,0,0.9143292335075012,high_freq_trader
CUS01022,Dar es Salaam,29,10.336973098686212,16741.462341668477,7.4831390094233825,70851.59559103013,1,5.236077667314147,loan_active
CUS01023,Mbeya,36,5.09558921388468,14759.17408854814,2.942955487190318,581464.1730188604,0,14.269932865058443,rural_saver
CUS01024,Dodoma,25,0.19508978088068896,7507.4143796255,0.0,45817.91751383406,0,66.99291261819054,dormant
CUS01025,Dar es Salaam,44,5.179530996920707,19962.291380032453,6.184120833560185,621562.4515326568,0,8.029640170845688,rural_saver
CUS01026,Arusha,24,15.727532763158084,35927.89862641042,12.145050453684759,102286.92732712548,1,7.727773148708115,loan_active
CUS01027,Dodoma,42,5.54071951240432,21159.641621039358,3.1497157280324557,1184867.3397134496,0,6.937345212890775,rural_saver
CUS01028,Arusha,57,49.51232927225111,110563.50625404238,42.8130079921868,168960.9098298612,1,0.7256128547202313,high_freq_trader
CUS01029,Arusha,39,5.258590794225155,17668.881369292536,4.048881283335032,907217.3109189541,0,6.570330214593784,rural_saver
CUS01030,Dodoma,18,0.35562912504030575,4380.799665045096,0.6042519786744895,52970.28868107029,0,70.43802085313521,dormant
CUS01031,Mwanza,57,75.27384964474906,67995.30127159457,41.692260315324155,211790.4368818933,0,1.6569432629842173,high_freq_trader
CUS01032,Zanzibar,18,5.557548698697843,16677.373510971476,4.113982503325,1419152.0512058565,0,11.50849376508088,rural_saver
CUS01033,Dodoma,34,13.197349512853794,53480.48790910553,7.375803238398399,213261.24052516886,1,7.397344394126733,loan_active
CUS01034,Dar es Salaam,61,6.240911236822583,6418.510467294442,2.567672273654707,1172102.2872989988,0,11.469365765774729,rural_saver
CUS01035,Zanzibar,37,0.2847400844056994,14421.64017194524,0.3400509666620197,100825.96923742394,0,50.50043821483699,dormant
CUS01036,Dar es Salaam,35,5.21262643215306,15697.361679250196,6.444752525332256,1013642.8816073836,1,7.319115626904219,rural_saver
CUS01037,Arusha,35,5.922695643217829,14070.703155879037,2.0827365486586293,1259595.4769555666,0,15.704312488850729,rural_saver
CUS01038,Mbeya,43,7.296857861628089,17788.548214818413,2.3514505192982953,1010160.8764657467,0,11.006449012401427,rural_saver
CUS01039,Tanga,32,29.842297950189923,47237.74461269696,26.736577795606504,752656.5092951226,0,2.2473028890964546,urban_digital
CUS01040,Arusha,45,25.65083893808975,60551.57254834288,20.334268759680732,321046.1879379996,1,0.5796061434461108,urban_digital
CUS01041,Dar es Salaam,31,0.5793611252812441,9890.878509475104,0.16727172756611336,8467.816051729424,0,51.28425572764665,dormant
CUS01042,Zanzibar,40,0.0,9228.211628182613,0.1612626185896743,55551.08142095916,0,78.10296256452861,dormant
CUS01043,Mwanza,36,0.3280497046103774,8735.877066535322,0.3708024385260523,0.0,0,87.93051491718981,dormant
CUS01044,Mbeya,41,31.384293191461424,29557.87685463285,22.421134124188033,381694.10868688393,0,0.5948834579315059,urban_digital
CUS01045,Mwanza,32,4.741250935445504,10358.046716054707,5.813438859080366,1184313.5269775605,0,13.394838695761173,rural_saver
CUS01046,Dodoma,39,26.772442152180307,37223.02465759677,24.838645838579886,494420.3345348304,0,2.5999004339829,urban_digital
CUS01047,Dar es Salaam,18,81.53179038291081,72362.1106991813,25.29620288632593,407194.18343843316,0,0.8631538791123182,high_freq_trader
CUS01048,Arusha,43,10.503948763270868,19977.72583420764,8.262786946318785,118435.88048936399,1,5.179920823096418,loan_active
CUS01049,Mwanza,26,18.266982182737117,52296.185227354275,24.558773487207297,580434.7135927804,0,2.204552428086255,urban_digital
CUS01050,Arusha,18,0.40882457123767957,12735.756495567337,0.08882826467233992,19103.360714747138,0,73.76585304252298,dormant
CUS01051,Morogoro,36,25.933196937551102,62383.46261476708,23.806979520615535,635715.4188896427,0,2.438125492440947,urban_digital
CUS01052,Morogoro,24,24.010511031763873,47160.605656828484,24.8506080857898,388102.4143284129,0,3.197135422527155,urban_digital
CUS01053,Mwanza,28,26.93451958118963,55255.35834077314,17.86840580351364,715711.6517568362,0,2.2420630813797375,urban_digital
CUS01054,Arusha,19,24.597898269510633,63277.138994820576,16.954567047332542,697073.2355091089,1,2.6855219264728225,urban_digital
CUS01055,Tanga,25,0.1241873116767993,8631.631646079499,0.3677828082267156,11849.103371009216,0,57.54485083106067,dormant
CUS01056,Mwanza,34,14.096265959425535,54846.95457291075,6.26725173750621,71843.37334913695,1,2.7337194097123114,loan_active
CUS01057,Tanga,33,22.62264071098025,40646.452994660016,20.042448495211495,659178.256237849,0,2.5508644056922365,urban_digital
CUS01058,Mbeya,44,4.6700490250240945,8282.999590575751,5.467379462806071,1103806.253509896,0,14.853335931770474,rural_saver
CUS01059,Arusha,40,63.554364024396136,85571.60300305905,32.3609231095401,278169.5111455993,1,0.7459324440502866,high_freq_trader
CUS01060,Mbeya,19,9.586320589879982,42800.58336130358,11.251765345959846,53831.13929307992,1,4.551970952956776,loan_active
CUS01061,Dar es Salaam,38,0.0,7722.012180854027,0.9399992191296582,29822.657478815057,0,84.90547999170991,dormant
CUS01062,Tanga,35,24.462880598406738,46933.6002214185,21.760826689525224,528439.0419766976,0,1.9755637651336784,urban_digital
CUS01063,Arusha,18,1.0452538804112148,10321.309783780069,0.282137608100934,31162.23340979544,0,65.27472569277192,dormant
CUS01064,Morogoro,44,5.465842219803347,15729.993792820767,7.4308421955984665,1058496.096983663,1,4.242526897924776,rural_saver
CUS01065,Mwanza,54,13.89691831652806,40419.84175005595,9.275498202991246,207360.03477724793,1,1.8054839545886776,loan_active
CUS01066,Mbeya,47,3.7750331035525786,18968.661648648886,3.45563201066209,865251.6298899298,0,11.022418340205974,rural_saver
CUS01067,Zanzibar,40,1.2039744412986892,9327.286187106809,0.8141022717504913,52789.17628467434,0,96.54880724505848,dormant
CUS01068,Zanzibar,18,24.704772211447803,47174.80985255812,26.515859387545625,593560.3737194785,1,2.8653629593268946,urban_digital
CUS01069,Mbeya,26,9.356540302986742,13512.042848898356,2.3534395583354044,562766.9113041547,0,7.749008674732072,rural_saver
CUS01070,Tanga,36,11.589368650777134,40297.42824059822,18.121453764012408,215645.7278411921,1,7.245196369509141,loan_active
CUS01071,Arusha,35,0.7132412021151434,5361.76842542892,0.17228097883526486,75636.5587499923,0,96.80585510200217,dormant
CUS01072,Dodoma,40,3.6096856384425475,13522.04008391171,1.1173377309882566,922560.722950418,0,8.917158315848894,rural_saver
CUS01073,Arusha,31,16.28431021453562,22984.6970770307,8.986942697949221,182787.43826130143,1,8.157423542612,loan_active
CUS01074,Dodoma,40,17.75420100224055,43781.51911923823,9.213489206509761,241872.61979898723,1,7.4043476628617935,loan_active
CUS01075,Zanzibar,45,10.720274499315071,11923.584436178295,8.24815517235788,1130489.84659753,0,8.719848981833156,rural_saver
CUS01076,Dodoma,25,8.853948327328725,9563.206781380639,3.6733474363691614,257624.1935306437,0,13.947241947073154,rural_saver
CUS01077,Mwanza,30,5.56446462406653,29618.216788023296,7.435607013594398,468165.7389898104,0,13.195724348236954,rural_saver
CUS01078,Mwanza,26,0.5891538015792747,9103.928829659993,0.0,19060.119377415558,0,78.4459343688198,dormant
CUS01079,Mbeya,37,4.411247720292311,14551.10375164397,5.772301905966546,877054.2687159389,0,7.216717809349756,rural_saver
CUS01080,Tanga,41,25.874227425375963,52055.53135695732,20.09206058887402,985479.5507987511,1,3.7154802396802458,urban_digital
CUS01081,Zanzibar,24,21.672624515459788,43576.6149516607,7.079892448827755,198007.16442100814,1,8.734947945269234,loan_active
CUS01082,Morogoro,30,25.592142555969886,38857.02485968564,8.267088912318972,78536.84923133966,1,4.553425851183451,loan_active
CUS01083,Mwanza,39,56.84487307373266,63139.658772189505,45.98276155923488,267185.05683159194,0,0.8373330324657282,high_freq_trader
CUS01084,Morogoro,41,15.36610605233497,27990.249119124222,10.502613896161776,145945.9233946994,1,2.721071553702375,loan_active
CUS01085,Mbeya,52,66.8656591187581,84250.89168991515,45.41418235828781,153006.67545230675,1,0.8743725183531597,high_freq_trader
CUS01086,Zanzibar,33,61.95901951845847,83115.8547583557,52.35310400965317,256959.23471946924,0,0.7443584381896271,high_freq_trader
CUS01087,Mwanza,28,57.010988869955796,69807.00059126792,60.81579262526749,347793.9851707875,0,0.7690603664315394,high_freq_trader
CUS01088,Morogoro,35,8.051116711435402,6620.791137051196,1.714271054419263,825807.4483177336,0,8.501932108122105,rural_saver
CUS01089,Dar es Salaam,35,8.592516825873616,7076.3849089353935,5.4719264074455545,840330.3210772208,0,6.722871575598738,rural_saver
CUS01090,Tanga,18,27.384959734523896,32970.77434415505,17.59793493526518,483917.7276273715,0,1.2430877756955072,urban_digital
CUS01091,Morogoro,25,0.31467503975813493,12094.346586500027,0.5115540977910249,47392.34188918569,0,79.87305450028326,dormant
CUS01092,Mbeya,32,37.7466320997484,69813.15007816686,24.82411815352987,1118137.1672122986,0,0.748920759931047,urban_digital
CUS01093,Dodoma,29,41.872399307217776,41626.09047112849,19.701720935979893,420308.22808451264,0,2.9973017483090363,urban_digital
CUS01094,Mwanza,58,0.0,3485.625821162861,0.8163731512498629,70664.23653648411,0,76.3092275111661,dormant
CUS01095,Mwanza,18,5.928120796077403,14912.141197341667,2.8359066357758467,814619.0137544594,0,4.03845449526376,rural_saver
CUS01096,Dodoma,50,34.506022041516665,26263.17332504924,33.74981149353077,453924.4217601189,1,1.6349456571345256,urban_digital
CUS01097,Mbeya,30,76.82238753159871,67348.72499332472,37.34678186722039,164130.60951585314,0,1.0539145737204274,high_freq_trader
CUS01098,Mwanza,27,5.905543023045736,29191.206849099777,12.814075054216168,133288.0365923267,1,4.345118744876588,loan_active
CUS01099,Mwanza,30,36.45368863949176,31322.67291837471,27.60411548342615,609411.0441807049,0,1.2676437189853822,urban_digital
CUS01100,Zanzibar,48,27.965678918968255,38751.99642468964,25.657160520182746,691487.8032246142,0,2.2781900293623716,urban_digital
CUS01101,Morogoro,35,5.592258716727615,25059.62681468427,6.941848905010616,748419.7848865301,0,7.624179409008449,rural_saver
CUS01102,Mbeya,18,68.11181777224745,117825.00515116275,47.16164663108992,311248.44478692417,1,0.8174897967364554,high_freq_trader
CUS01103,Mwanza,40,77.68809276146811,88083.67700382989,41.272459984432736,218621.41801134948,0,0.6064520695253526,high_freq_trader
CUS01104,Mbeya,52,27.415720494777396,50220.06453364081,25.697191926587415,514824.25327342073,0,0.45420040400064243,urban_digital
CUS01105,Zanzibar,50,76.08219080269457,73134.82982532762,40.07607787010496,177695.58114252437,0,0.7056132398121495,high_freq_trader
CUS01106,Zanzibar,39,33.04447220154382,33359.42398053574,22.425919749212625,749824.6343873162,0,2.0795862448327305,urban_digital
CUS01107,Arusha,44,6.508290855380571,11731.51413108745,2.898050824962369,559905.0445438124,0,9.541005033239085,rural_saver
CUS01108,Arusha,41,8.098588029230266,37729.73244124257,13.13852485353358,3061.298494292336,1,4.458837799727562,loan_active
CUS01109,Dar es Salaam,28,16.77725710562627,52900.07354893933,20.261316028858356,738261.3860185519,0,1.946967555588035,urban_digital
CUS01110,Dodoma,46,28.018946336431032,38192.63791306786,22.88230879222761,364878.9983378645,0,2.175285208643925,urban_digital
CUS01111,Arusha,47,5.647424080691007,15808.81198117955,5.529123344058371,998472.6727079952,0,8.826817911178356,rural_saver
CUS01112,Arusha,27,0.5614623089036604,10030.533698026766,0.4210887518393712,87221.90975928577,0,89.42824747118587,dormant
CUS01113,Arusha,58,14.751229262025836,27398.98558920753,5.791231194694611,0.0,1,1.9014744843425793,loan_active
CUS01114,Dar es Salaam,57,11.717498751851114,54034.60299821145,11.612618404622319,146019.3582691116,1,1.9987897663575325,loan_active
CUS01115,Mbeya,54,37.345820464100434,48290.863832370946,18.25665817047492,408566.93095016957,0,3.2781549273627,urban_digital
CUS01116,Arusha,27,29.175357009805513,41363.03477372216,31.743552483304917,404285.29182700906,0,2.4629659995461304,urban_digital
CUS01117,Tanga,35,51.43514904974876,125418.17139970214,55.3149382164567,317218.8795354841,0,0.700079462503352,high_freq_trader
CUS01118,Dar es Salaam,29,24.698669491379263,43835.63709173735,26.066164115019617,518937.4114419264,0,1.8145455149276952,urban_digital
CUS01119,Mbeya,43,18.81098301468403,17292.639710235577,16.297119436005055,160842.35705623977,1,6.22003515197303,loan_active
CUS01120,Tanga,42,0.14597041998471438,4342.565775283034,0.0,42587.95910514235,0,88.98409383102057,dormant
CUS01121,Zanzibar,18,13.792472686832806,40373.193576297,29.83568683805781,565805.7421934129,0,1.343156777862403,urban_digital
CUS01122,Zanzibar,42,47.85837635505695,116431.03431281456,35.33917786483015,230318.3456998162,1,0.18458110344371892,high_freq_trader
CUS01123,Dar es Salaam,41,20.215365811363412,37433.13130112136,23.854138285006083,360774.4535686488,1,1.8407896125605643,urban_digital
CUS01124,Mbeya,27,7.183714639459908,19376.186927710733,0.8928854764403527,917370.5729480817,0,9.65111725801123,rural_saver
CUS01125,Dar es Salaam,29,0.0,12647.316082282694,0.39899704964252664,5471.306373904772,0,84.46263305985511,dormant
CUS01126,Dar es Salaam,33,5.16205536716454,11157.926992554836,5.07386094530453,660052.9285451403,0,14.526979242423982,rural_saver
CUS01127,Mbeya,37,0.8462320601383326,5329.653196615294,0.15955404820593436,59171.45809168507,0,44.17244795072469,dormant
CUS01128,Dar es Salaam,46,0.12214427040931636,11421.890369820594,0.4639989980549727,62436.4507092509,0,42.86082702890886,dormant
CUS01129,Mwanza,39,9.113667197928613,34631.36097022974,0.7388812924410448,26733.418529980583,1,7.378067217680375,loan_active
CUS01130,Mwanza,32,13.230920762601665,25912.566773137776,5.662984329651628,166012.46040708205,1,4.312735380815308,loan_active
CUS01131,Arusha,38,6.117440984489067,8057.482659723144,3.2786015496457206,953097.4215203958,0,8.057485865703072,rural_saver
CUS01132,Mbeya,32,37.08893968936594,46739.632443693925,29.72093141736569,724320.4755037564,1,1.3902800766533623,urban_digital
CUS01133,Arusha,47,66.55532683876771,109810.32055529661,41.00044952889513,431505.9866063796,0,1.4426887764495624,high_freq_trader
CUS01134,Dar es Salaam,19,18.387481729623318,36341.69783481213,12.853293329619866,78479.64278092083,1,5.3967245287204175,loan_active
CUS01135,Morogoro,35,6.949168505879041,8755.906371590923,3.144163404181138,911928.2877828896,0,10.330216154481272,rural_saver
CUS01136,Arusha,48,4.359636721282318,17839.872294121655,2.4716869933875367,1586392.3124204082,0,5.31482342003987,rural_saver
CUS01137,Dar es Salaam,38,5.181696700563092,8181.180960850158,5.707425494255533,775327.8336665751,0,13.742264102624508,rural_saver
CUS01138,Arusha,25,42.375444374112,24303.090084801315,19.910249623640958,548809.9990792086,0,3.798002470102212,urban_digital
CUS01139,Morogoro,33,0.16124263011478512,4685.759859438183,0.06497193358777117,94781.13821827923,0,70.12465753208312,dormant
CUS01140,Dar es Salaam,37,7.548773573846863,6682.360129830127,4.105291642538278,570938.4813981238,0,7.654317224163149,rural_saver
CUS01141,Zanzibar,29,62.65456082871014,84504.48526915038,42.96547474392925,169707.8188719676,1,0.8969004889211971,high_freq_trader
CUS01142,Zanzibar,38,50.46289425956422,83965.06348833296,54.96511405476738,290502.93448461156,0,1.459409533392523,high_freq_trader
CUS01143,Dar es Salaam,51,52.73207339488106,122019.33290357924,35.27392194683229,509678.69678663043,1,0.8535468071422602,high_freq_trader
CUS01144,Dar es Salaam,51,6.336348449562678,26357.329709028163,3.4617191015239657,977112.8558882021,0,3.944307133030927,rural_saver
CUS01145,Arusha,59,2.7244999336369244,11022.459113952958,5.6267453789466515,417044.64500041836,0,12.106826777955574,rural_saver
CUS01146,Tanga,34,72.54581910614847,99101.2559374444,50.87306348122368,380835.59116723004,0,0.4276971114755692,high_freq_trader
CUS01147,Mwanza,37,62.100220864195244,36620.11004783103,38.24351732060804,304287.2654324167,1,1.8134004412531752,high_freq_trader
CUS01148,Dodoma,41,4.180874247504564,5909.60308199264,5.3740219162247636,639273.792156776,0,15.589680608650275,rural_saver
CUS01149,Tanga,41,21.463112051696722,45190.393252802816,1.6144822523581777,81707.83641650365,1,2.4396389884991536,loan_active
CUS01150,Arusha,22,30.479959740912985,12625.297464712497,22.49584189336079,760143.9660682214,0,2.1462669194998614,urban_digital
CUS01151,Mwanza,48,14.91472088054758,35520.93451235125,12.461018081331822,205719.99394363695,1,5.171722838326483,loan_active
CUS01152,Dar es Salaam,43,25.750451991185376,27671.7051614432,26.385268347091028,625275.910877851,0,0.7355486517170722,urban_digital
CUS01153,Dodoma,55,26.272018654005244,33774.562248424256,29.385767052161246,379646.04358722875,0,1.386795060100669,urban_digital
CUS01154,Dar es Salaam,29,5.631052429854568,22903.73354410154,2.530262986346968,905650.9135640099,0,12.64830854678329,rural_saver
CUS01155,Dodoma,36,28.508850237098866,59980.662911976855,20.473722491405244,714508.2122236803,0,2.2058741065826055,urban_digital
CUS01156,Arusha,25,23.270301095290215,41871.68169453063,24.72466126038353,579455.2002575742,1,3.009955556816361,urban_digital
CUS01157,Morogoro,22,23.05586144861228,68685.73242336493,18.950572819639028,622771.9236301047,0,1.688676348516694,urban_digital
CUS01158,Arusha,43,4.430206721987026,12267.474988479858,2.581014261804442,1298316.117954279,0,7.904795595409551,rural_saver
CUS01159,Arusha,26,55.864563527309045,112549.53237939788,29.83082580514753,475695.5448174621,1,0.9759938241241358,high_freq_trader
CUS01160,Morogoro,30,20.63289921691952,24999.936770215307,20.18611665525107,717534.6441204705,0,0.4515518142756909,urban_digital
CUS01161,Morogoro,18,0.3272493886688236,7484.428367028942,0.6097819038155635,87477.63314274469,0,115.10925010778644,dormant
CUS01162,Dar es Salaam,47,49.72939295596399,107462.12892649385,36.3677502757998,429117.9704773848,1,1.7896021050183994,high_freq_trader
CUS01163,Dodoma,30,25.528770347837824,43830.46984838074,22.47373271216322,298821.57127001864,1,2.7453873088432124,urban_digital
CUS01164,Tanga,39,35.82755504475984,37435.588239034136,14.809327657723621,801473.9505787229,0,1.8042245343760166,urban_digital
CUS01165,Arusha,18,19.24200528101898,40808.51426267512,12.199570106248107,86739.85743548069,1,5.588487114535314,loan_active
CUS01166,Mwanza,48,78.74565238143396,54935.87940454441,37.228481289949244,102168.86414598246,1,1.0067142077160256,high_freq_trader
CUS01167,Zanzibar,26,6.453802031925592,12685.451353857035,3.7328361400519072,1265910.1371167807,0,5.444916423938356,rural_saver
CUS01168,Dodoma,21,65.69747782421246,98834.16465067599,31.596947668809896,412368.98839599354,1,1.6519133869281708,high_freq_trader
CUS01169,Mwanza,41,24.82553979121953,38442.47262565651,24.799383606511654,559204.6203975019,1,0.605740853777424,urban_digital
CUS01170,Tanga,31,6.572473729128326,15527.687786025159,4.541463717920921,714324.2557424895,0,20.154022259937072,rural_saver
CUS01171,Mwanza,21,53.71953903478512,18489.015062710838,48.54955322387758,417990.8030662219,0,0.2841461585614362,high_freq_trader
CUS01172,Arusha,18,30.666387174876537,43927.91119604983,27.45796008803641,617288.6276736367,0,2.369575140392247,urban_digital
CUS01173,Dodoma,18,45.18785315403048,80891.20825280932,48.636550279201934,582079.4589101609,0,0.69420996805591,high_freq_trader
CUS01174,Mbeya,37,7.727127528146328,12249.047124027617,9.91666933871631,678178.823989646,0,12.993469534349869,rural_saver
CUS01175,Mwanza,20,69.25656631860559,84368.69518708542,46.703861684418385,422393.573902299,0,0.9917633159762472,high_freq_trader
CUS01176,Dar es Salaam,31,5.846429249049533,15880.323318579216,0.24789825792435094,950770.5947974031,0,4.813495716860182,rural_saver
CUS01177,Dodoma,27,9.860189066986838,16100.591730886836,6.072090502629198,864655.4086528054,0,12.689367395286494,rural_saver
CUS01178,Mwanza,18,25.986399220072535,32364.345010614354,24.3638393196068,813035.6723244905,0,3.586189507785164,urban_digital
CUS01179,Dodoma,39,20.838276634425206,23301.701060081363,27.15965205194795,461383.6432401695,0,1.7834025680725447,urban_digital
CUS01180,Mbeya,46,42.17614742392253,58528.41343414782,40.010369652248855,479811.8904231701,1,0.6041701468089838,high_freq_trader
CUS01181,Arusha,20,23.58441010365712,31230.757010979345,15.423373867706095,312179.8377716069,0,1.7611512638058489,urban_digital
CUS01182,Zanzibar,36,29.114248225285824,42042.627120982776,35.109961445922636,259111.37672146765,0,2.174004989040957,urban_digital
CUS01183,Mwanza,45,32.617566198440294,46157.89779069399,30.922314424099188,164462.47638093226,0,3.4750560472309444,urban_digital
CUS01184,Mbeya,37,31.243070267597727,59798.58487823351,14.41721060649115,759122.1325445642,1,1.3412998338242637,urban_digital
CUS01185,Dar es Salaam,53,33.68677148989751,99531.79994834385,34.24111976008481,474749.29108942766,1,0.7010389638619046,high_freq_trader
CUS01186,Tanga,22,7.878902611958621,10860.400061589491,3.695909838878305,1055075.037229224,0,8.66240238461098,rural_saver
CUS01187,Mwanza,18,3.8361733071151605,37391.34862332037,2.044400202819257,70556.90374842235,1,1.4568352821028556,loan_active
CUS01188,Zanzibar,44,30.55813104471575,42332.30201927912,22.707997722659382,336819.6432751981,0,2.3764551592101872,urban_digital
CUS01189,Morogoro,25,0.9825460060629573,6991.120566967156,0.0,27300.653028013512,0,73.04621438254617,dormant
CUS01190,Zanzibar,45,3.8907515773324937,15348.761421117431,8.860606205466562,753543.5813890875,0,4.751856491076046,rural_saver
CUS01191,Dodoma,18,7.611468278931834,21798.979056523727,3.1453172906103855,809274.6540463134,0,12.530912411778234,rural_saver
CUS01192,Arusha,37,17.27410487818505,29183.019392304035,13.592687298626629,182655.2375536139,1,1.5189144719544019,loan_active
CUS01193,Mbeya,48,16.81731243232393,40755.288519133086,15.983863839286926,183111.11916914387,1,5.045796920948929,loan_active
CUS01194,Zanzibar,60,26.213703617948838,44150.707541680895,10.82482450723236,184602.4439815135,1,5.512087518796516,loan_active
CUS01195,Tanga,41,23.505679754101404,58858.869938912394,23.37071528649713,303916.1659722552,0,1.4532241662460854,urban_digital
CUS01196,Mwanza,43,28.547801335951423,32735.677636224376,31.35503956744858,818026.8008951449,0,2.2369646640681164,urban_digital
CUS01197,Zanzibar,29,0.21126248953954896,8520.238218879345,0.2472966302035904,6168.970484302379,0,77.54911009678145,dormant
CUS01198,Dar es Salaam,27,26.544687015890176,49365.419347799456,30.36266566993313,430245.98189040436,0,1.2349173036401893,urban_digital
CUS01199,Mbeya,24,57.642596606217666,104646.79142193761,42.56356611827871,141471.45013751258,1,1.4722061532385189,high_freq_trader
CUS01200,Dodoma,37,1.1120554459597802,9307.753650385104,0.2530634091224261,60742.40133437936,0,74.48458408748957,dormant
CUS01201,Morogoro,40,0.3312869738638986,500.0,0.45815476218957785,38790.34164839799,0,90.55893219290492,dormant
CUS01202,Tanga,31,55.82802946612789,115574.70477693337,41.63873329469257,324546.42710671306,0,1.841777856119899,high_freq_trader
CUS01203,Dar es Salaam,35,45.15197825904004,108168.27693311265,35.34280794913861,229494.66274105175,0,1.0214963096142102,high_freq_trader
CUS01204,Dodoma,50,20.495442492045125,18081.056806772867,26.288520186963858,177288.45875925792,0,3.5585277495351475,urban_digital
CUS01205,Morogoro,41,27.854461482740685,64190.89390893445,21.718910739433944,127023.63811377564,0,3.7079631934107384,urban_digital
CUS01206,Dar es Salaam,47,0.24233838573107802,9315.604677138926,0.5913374515357658,47431.50683256587,0,127.52780170684758,dormant
CUS01207,Dodoma,18,7.523874472963599,11500.862876509713,3.1511194653046544,1205429.5942438093,0,11.352286906909091,rural_saver
CUS01208,Tanga,29,31.93599193097261,48447.562128990816,23.680449886794232,672178.3726118152,0,1.4080974961165258,urban_digital
CUS01209,Mwanza,45,10.3610591220864,19559.353644217947,2.063062152056598,1510888.8006782527,0,10.117821469857137,rural_saver
CUS01210,Dodoma,47,36.36013747322862,84074.35382647578,35.41332919226266,330762.01193162025,1,0.9613703173338243,high_freq_trader
CUS01211,Tanga,18,63.61783116400846,91035.62525129857,41.18296473168111,575383.3496295328,0,0.7427757475171474,high_freq_trader
CUS01212,Tanga,24,0.0,6131.896419680956,0.2674869468137557,33331.35621169284,0,82.0228795409162,dormant
CUS01213,Dodoma,27,7.225287670714826,21846.972484390066,1.7856648045069043,973114.7591123435,0,4.101847477091362,rural_saver
CUS01214,Zanzibar,31,34.80946259426316,35655.527643534304,19.91949762617225,607217.45637889,0,1.2148685272453301,urban_digital
CUS01215,Tanga,48,6.227169964836159,12991.10231144779,4.8799431243023585,1270487.267911235,0,6.9509372989444795,rural_saver
CUS01216,Mbeya,37,7.099361639102036,19872.683047300387,3.816241454614405,843887.7680153458,0,13.818770024225149,rural_saver
CUS01217,Zanzibar,44,0.44654268618262155,500.0,0.0,38172.45184449821,0,52.9788213750757,dormant
CUS01218,Arusha,37,0.0,5994.782686598848,0.16139205205845342,86142.29250198338,0,62.835225019607115,dormant
CUS01219,Morogoro,38,33.419730912683676,55202.580625397764,23.83279943565228,260741.09747856396,0,1.9800443554678473,urban_digital
CUS01220,Morogoro,47,23.57466912867514,58690.81342090336,24.068097091574963,415900.53043757484,1,3.9285426539668302,urban_digital
CUS01221,Dodoma,30,21.750478181719515,36734.04369379439,20.592888470593778,636878.7475177244,0,1.5105055887429792,urban_digital
CUS01222,Tanga,32,11.029824066624652,33201.607130985896,14.45286233533499,28948.851876019675,1,5.69295886727046,loan_active
CUS01223,Mbeya,18,0.23556198542705203,11696.925943802355,0.004733436939346913,49319.25410183807,0,54.203117992285456,dormant
CUS01224,Zanzibar,39,27.08809441123123,29839.2592407962,23.941647433354156,823005.9248761412,0,2.0935292839432083,urban_digital
CUS01225,Arusha,41,13.084431930624707,15752.236460691052,16.505969308328474,66071.82485751018,1,7.765541822835539,loan_active
CUS01226,Dodoma,33,4.047974429505282,16559.991809094765,8.26582212257066,1360695.7742591314,1,7.152076967261271,rural_saver
CUS01227,Zanzibar,37,8.39947477128546,18697.94568210902,0.6155167969431554,1037602.5766271735,0,10.148432544112266,rural_saver
CUS01228,Tanga,33,20.993645026383007,44777.92963546021,7.001029037250818,145311.04258482644,1,4.102957214285577,loan_active
CUS01229,Mwanza,18,39.068526565354574,24455.479275003036,23.879691031699664,588772.370918065,0,1.0372750426060695,urban_digital
CUS01230,Dar es Salaam,47,19.728414059232243,60971.20509997774,19.086570128190715,500087.5616693654,1,1.265744343223544,urban_digital
CUS01231,Mbeya,25,1.0078600934896214,2673.6945718252773,0.08599426568955038,59070.919287559555,0,113.58034914766586,dormant
CUS01232,Arusha,50,25.038322095333537,50034.893056812056,27.098291136741885,736050.8008605473,1,1.4679518630655946,urban_digital
CUS01233,Dodoma,47,0.38075795894078635,7910.792399664722,0.0,105896.80495676727,0,78.0852589428342,dormant
CUS01234,Arusha,20,28.179383248405603,46023.20478292095,16.498455545739695,169847.6260614866,1,2.07805821426242,urban_digital
CUS01235,Zanzibar,33,22.581614933238257,57747.62401361982,32.70071885420718,475745.19724548963,0,2.190024932681605,urban_digital
CUS01236,Dodoma,33,39.111754121069914,39561.580247726975,30.20356318508743,676284.6634084097,0,3.372017173033078,urban_digital
CUS01237,Mwanza,34,8.758884345964066,21246.31126885946,6.403926642307751,0.0,0,10.84846877227988,rural_saver
CUS01238,Dodoma,40,31.65867780383607,48126.68247005434,27.389037086635906,546407.6384490015,0,2.778944191772826,urban_digital
CUS01239,Tanga,48,34.94368784496138,57260.25344322587,23.43613973226856,798062.0761646592,0,3.9169267915003285,urban_digital
CUS01240,Mbeya,38,11.871953407191533,58307.106894502656,1.5918406560406826,200988.37925352337,1,3.6075053411094284,loan_active
CUS01241,Morogoro,38,4.412409069825758,13667.526438902083,2.572137082668817,808266.9064289763,0,6.995376525195782,rural_saver
CUS01242,Dar es Salaam,53,6.782448326813465,10018.468043620163,0.6834624739120043,993286.9356448714,0,12.920867047844935,rural_saver
CUS01243,Tanga,41,33.98240732158758,77157.93835698691,39.503235984164725,248379.48247105727,1,1.9926087021532852,urban_digital
CUS01244,Arusha,29,5.848229981988555,18517.9022302888,3.4595158492032496,691814.770975763,0,9.199326523743185,rural_saver
CUS01245,Mwanza,38,26.266187782499767,51842.60212853224,23.00601801227405,823342.1101290779,1,0.8636362435345131,urban_digital
CUS01246,Arusha,18,0.7021442311323982,4540.162023666348,0.7030786203982277,107748.10429310678,0,62.44291574318569,dormant
CUS01247,Dodoma,32,34.45667360030815,34706.84674645899,28.8803634098607,407744.80280866683,0,1.1898844034581604,urban_digital
CUS01248,Mwanza,31,24.149620144652225,33920.62203406594,18.441206495703344,119134.99511257309,1,7.983529407613604,loan_active
CUS01249,Dodoma,22,12.319450073373213,50377.05600797142,10.740995144144296,0.0,1,2.3797406905528753,loan_active
CUS01250,Arusha,39,33.60430176467301,54660.08980387531,22.498002835194402,490298.0412764854,0,0.8704769075680394,urban_digital
CUS01251,Morogoro,47,26.35246244159941,49772.13558054859,24.51047176537342,699483.8989513081,0,2.6145019805287015,urban_digital
CUS01252,Dar es Salaam,18,29.925708523386668,52214.590211898,23.450403412951186,778266.5132526087,0,0.8520587175453895,urban_digital
CUS01253,Dar es Salaam,41,0.6413898721441915,6463.1085998120825,0.16556227508858642,55159.66249778616,0,60.81423618364012,dormant
CUS01254,Mwanza,41,28.34077979573201,37592.472583053626,30.690897850231593,640956.5220598996,0,3.4165887294944217,urban_digital
CUS01255,Morogoro,18,13.486708994950979,20702.962124627884,10.826762801918985,237566.74526539087,1,5.7086296387865705,loan_active
CUS01256,Mbeya,19,70.4407458579176,113287.47886939356,37.59022245018949,448254.2512880283,0,0.6572466038589853,high_freq_trader
CUS01257,Tanga,43,59.313063947532775,86074.94218069786,33.396494782489754,345569.08014734474,1,1.623870935930694,high_freq_trader
CUS01258,Mbeya,41,2.608154986239409,8320.238495614405,4.3323382395175365,889729.4876749377,0,17.62129278981933,rural_saver
CUS01259,Dar es Salaam,23,19.93946940474223,35549.584496724594,20.364248671649477,74770.21580514373,1,3.787856820211756,loan_active
CUS01260,Arusha,34,37.37594971856382,54625.03049062376,21.279240436407036,427224.72500904393,0,2.3616877153388596,urban_digital
CUS01261,Morogoro,44,7.023070644867199,16501.138276220016,2.751777331251862,856756.7523572972,1,11.976427294908973,rural_saver
CUS01262,Zanzibar,33,7.980322400210639,18332.72446585503,3.7435797269939504,1365591.1935230955,0,15.55418520662842,rural_saver
CUS01263,Zanzibar,33,16.939397284466185,42745.65183497478,5.4034328498623,59842.14620969603,1,2.401376708009846,loan_active
CUS01264,Morogoro,40,0.33334147039420103,2257.3174868190463,0.3448074683096033,47131.43249850223,0,98.64480340153986,dormant
CUS01265,Dar es Salaam,32,51.64043374360518,106168.10943367673,40.07442338656379,263981.2119327753,1,0.7678899803889965,high_freq_trader
CUS01266,Arusha,28,32.82457835299269,51132.30696489439,33.12788071464248,734867.6147692944,0,1.6937696345274258,urban_digital
CUS01267,Dodoma,30,11.500806686190364,9390.93182068194,5.965472869703314,278176.78090927785,1,5.737200425917987,loan_active
CUS01268,Mwanza,50,6.796959644280042,5232.977371353129,4.564195432924848,1283247.678944245,0,2.9120418950057267,rural_saver
CUS01269,Arusha,22,6.517259313795338,7908.449526032168,8.73525835836774,523857.4451264601,0,5.850455997391186,rural_saver
CUS01270,Zanzibar,41,12.739244421324218,41361.501598460774,15.162125780878407,119106.54623740322,1,2.979712891630151,loan_active
CUS01271,Mwanza,61,6.480752671106901,16378.699064533663,3.774867107312637,929445.2563667644,0,14.28097490814849,rural_saver
CUS01272,Mbeya,45,6.359306303414385,14967.138760143196,4.511722731380136,702623.4597050125,1,11.764705636324514,rural_saver
CUS01273,Arusha,44,0.5094948841726936,4119.773446102498,0.405481333626888,57109.77510197979,0,94.2083629222125,dormant
CUS01274,Morogoro,46,27.34464201622743,39334.95676303763,24.008718750288995,672661.7759337312,1,2.3014122081361177,urban_digital
CUS01275,Zanzibar,30,4.651396211813447,27397.01726077411,5.526140760307518,561754.3790489968,0,13.090734072128525,rural_saver
CUS01276,Mwanza,26,19.02913571453976,32531.232700813256,26.710464721727757,249076.70548632572,0,2.536834746933926,urban_digital
CUS01277,Zanzibar,31,25.0316071160648,27350.234245868167,26.422267152274728,438691.2889965109,0,2.3467851365871777,urban_digital
CUS01278,Dodoma,35,11.47673345182832,15105.615752760714,11.46970338347126,156319.43740867215,1,3.9652250846332535,loan_active
CUS01279,Zanzibar,43,0.7402358802628842,8391.035525297217,0.7914196561476459,71143.23507815086,0,72.85433820651917,dormant
CUS01280,Tanga,30,6.097324556782157,15225.96377261327,6.592727594622044,630582.6365578444,0,14.75884001059842,rural_saver
CUS01281,Morogoro,23,2.587680469251661,3648.265289031453,8.152362379521495,992553.5463752435,0,11.397827556519363,rural_saver
CUS01282,Tanga,41,5.337597445207468,10295.298035035175,1.1734528308709913,268504.5162486234,0,14.08515105574984,rural_saver
CUS01283,Mwanza,49,0.9783236949226068,8066.318740829831,0.21042983630367879,53990.68761582991,0,66.66759266951772,dormant
CUS01284,Morogoro,18,24.38266937072246,49498.118303709554,1.3937470609057296,115037.85929119089,1,5.008318277562313,loan_active
CUS01285,Arusha,39,6.282781698155173,48067.89749625392,7.7635227255608825,31007.492923741433,1,2.7927183845540786,loan_active
CUS01286,Dar es Salaam,28,4.354904627073007,16208.128210920251,2.0425452745069927,376739.9617847939,0,11.592759645155903,rural_saver
CUS01287,Mwanza,28,8.929800738150469,17957.650227643626,6.2936260632715175,724892.19675324,0,11.608795663986127,rural_saver
CUS01288,Mbeya,40,5.80893578199272,12081.94830058375,4.798118395004434,503581.7508448258,0,11.242852806971644,rural_saver
CUS01289,Arusha,27,0.3175297681335114,5319.4770346908535,0.4631178464366034,67610.42015463117,0,64.85459522381932,dormant
CUS01290,Dodoma,27,5.634053032479087,12239.971735929912,7.0502382197645375,994942.714258262,0,6.269100105243885,rural_saver
CUS01291,Arusha,36,0.17362634445948,11090.458652306343,0.41619681629756927,0.0,0,71.84458472471381,dormant
CUS01292,Dar es Salaam,18,0.33020192210941995,8641.454662759219,0.0,0.0,0,55.490635232594585,dormant
CUS01293,Tanga,45,4.312907865520986,5386.195154003066,3.5147516549373043,1487369.7773867548,0,9.569988618676529,rural_saver
CUS01294,Tanga,46,6.042613115621147,13925.041149053304,5.853291848290008,1041566.1451535417,0,9.444879389730138,rural_saver
CUS01295,Mbeya,41,5.327074760241654,21156.264396780065,1.9057072674214353,1330135.1863517333,0,6.125860307791975,rural_saver
CUS01296,Dar es Salaam,22,24.09818261009632,45401.136652169705,21.566864314273744,573417.5671733844,0,2.5185116521466866,urban_digital
CUS01297,Arusha,26,29.624653661592,49118.24552274932,20.62777510306451,918263.0965964075,0,1.374423634615206,urban_digital
CUS01298,Tanga,35,57.26624143544103,81703.63972314601,50.04925994985422,447678.445949233,1,1.3389527804446075,high_freq_trader
CUS01299,Mbeya,26,6.80523735873818,17970.93777046141,4.975211447297768,666358.8514572626,0,8.8456213532558,rural_saver
CUS01300,Mbeya,22,19.161396564186084,53111.423531388486,25.732040634345008,332126.68474149075,0,1.8157141827473728,urban_digital
CUS01301,Mbeya,33,0.0,10078.897984135641,0.0,43020.0952083601,0,68.47845628483546,dormant
CUS01302,Arusha,64,63.03261145413422,129964.26544528516,27.2040623952728,431487.2374099124,0,1.696855574408659,high_freq_trader
CUS01303,Dodoma,44,25.66139302313707,60484.59672927642,29.42078011705432,512702.1817391183,0,1.162841036867724,urban_digital
CUS01304,Arusha,29,54.91838274937838,69525.41179873164,44.298208095649215,165423.53378913764,0,1.0535529324360966,high_freq_trader
CUS01305,Dodoma,22,22.674916005697288,32957.64799714854,8.561492160865551,135989.98895450225,1,5.908909976998134,loan_active
CUS01306,Mwanza,21,0.7136077002291932,9023.280760236963,0.0,103827.66810226286,0,104.21627121526413,dormant
CUS01307,Mbeya,25,0.6140257485126213,2296.5468486748478,0.7092848861106766,35946.387927428215,0,107.43613856617634,dormant
CUS01308,Mwanza,18,27.326787486599677,60206.55127892839,22.38380260180585,654418.3486351481,1,1.4439525491658336,urban_digital
CUS01309,Mwanza,18,17.917163747189374,38887.783869976185,14.246652692324362,128076.42248139277,1,2.138525484798915,loan_active
CUS01310,Zanzibar,42,11.735925068703402,17634.615092687513,4.273583512164588,983591.9280941449,0,6.8205120361478135,rural_saver
CUS01311,Arusha,32,11.18201171186032,22731.84671916761,7.937223564221734,124765.54822216973,1,9.098292071693407,loan_active
CUS01312,Dodoma,36,0.0,7765.590545559661,0.37930154051340026,11583.60267237886,0,83.04331068905229,dormant
CUS01313,Zanzibar,58,23.217609088901924,38653.5547491582,15.70582011669069,573232.953179493,0,1.1033674151345219,urban_digital
CUS01314,Mwanza,35,32.753676972706884,23486.671932618694,15.138687207462212,403195.23945923627,1,2.8909217105523624,urban_digital
CUS01315,Mwanza,54,0.39525533601886104,3009.9620557575045,0.40490517747503874,44114.95499248938,0,70.30655619036276,dormant
CUS01316,Zanzibar,45,0.4368271985677198,13323.92577619074,0.0,130643.36698588767,0,67.53459076489261,dormant
CUS01317,Arusha,33,25.015859617747388,54828.361080708644,28.355015882906194,457371.09979084646,0,2.0453068234847427,urban_digital
CUS01318,Dar es Salaam,48,76.71756115019441,107566.70462362697,39.43661144429527,390911.69380615104,0,0.6923445131841292,high_freq_trader
CUS01319,Morogoro,39,15.998846673278969,49582.38999977656,13.471759432101056,110933.64607429245,1,4.719938708092461,loan_active
CUS01320,Mbeya,34,5.102728894287273,22656.450889582968,1.7825477314154217,994831.9351273158,1,8.746212042155591,rural_saver
CUS01321,Mbeya,44,7.623997025570349,12500.76001236073,1.8621576261814154,1245175.4330979078,0,14.03142972195807,rural_saver
CUS01322,Tanga,31,41.07933584969179,58379.66442727855,20.379602190625896,694053.5934463165,0,1.5458738361621664,urban_digital
CUS01323,Zanzibar,25,66.5404114624164,88349.45737165649,31.20505277401047,71547.10012975277,1,1.1625803765207499,high_freq_trader
CUS01324,Tanga,21,6.9235669194057525,25945.930389030436,5.24092471929179,63879.63929144025,0,2.6030140788384895,rural_saver
CUS01325,Arusha,24,11.299989450133934,37844.096849826376,1.7159059648055628,142780.35316083286,1,7.294684845482722,loan_active
CUS01326,Morogoro,22,3.2194298801156886,14303.47448922129,3.3233170198972486,721431.6988996593,1,12.076738324744488,rural_saver
CUS01327,Mwanza,34,0.03637317769812004,8545.967976022903,0.010508502573699896,55359.85948090365,0,104.36093057232125,dormant
CUS01328,Tanga,34,20.718301795364553,49705.24196786098,23.11172635240192,569968.5925017372,0,2.691037402778326,urban_digital
CUS01329,Dodoma,36,40.381248942840344,59406.647986887576,28.167730590325842,626241.1891760393,0,3.1273863859339937,urban_digital
CUS01330,Mwanza,23,53.073971834122396,83921.48866030763,32.27053947009482,458599.3564478793,0,1.0908162307641756,high_freq_trader
CUS01331,Arusha,38,5.9144288527494595,11596.655613750787,0.0,476121.93100198,0,6.428134471944588,rural_saver
CUS01332,Tanga,36,7.622987483946642,14357.803905494822,6.81783387024287,665130.6841240108,0,9.796051282889616,rural_saver
CUS01333,Morogoro,51,15.667844572790642,18451.568849920786,6.4003731631569805,237676.18189580663,1,0.8493154728056327,loan_active
CUS01334,Morogoro,36,17.49832244477115,27524.786716362447,6.67180409437085,301676.4239878646,1,7.8228116129588425,loan_active
CUS01335,Mbeya,33,11.769093195448638,36347.83977826105,7.304385245722818,143716.5580660656,1,8.620658759529483,loan_active
CUS01336,Morogoro,22,21.71186871235824,28603.53542418031,24.6355887868224,447820.9691014419,0,0.38049690687145366,urban_digital
CUS01337,Dar es Salaam,41,0.5231486296386695,6646.787130240114,0.8155166886836609,55144.675202885825,0,113.90943896229189,dormant
CUS01338,Dar es Salaam,31,22.127029611562392,32912.01793577079,11.38201219796129,247491.4871215165,1,6.809919897168097,loan_active
CUS01339,Arusha,44,5.682447012386559,20688.30975801678,6.69182249746428,722141.1812160981,0,6.383464846919133,rural_saver
CUS01340,Tanga,38,22.423149867624886,54811.24087226097,26.728451715605065,490981.6311268439,0,0.5377410918987733,urban_digital
CUS01341,Arusha,63,35.1184037200957,129796.99089554034,47.77770003375991,235768.2474880443,1,0.2154666280808074,high_freq_trader
CUS01342,Tanga,30,4.153236251676312,8682.057189995372,4.5358382487002995,408631.95997166546,0,13.979876776641873,rural_saver
CUS01343,Arusha,27,0.5091533364656897,6230.117879199985,0.28140065718928814,27145.658523210433,0,63.39521360945145,dormant
CUS01344,Mwanza,60,11.370695740721226,45439.10996416482,13.080469568052212,75410.93852872406,1,2.611212414914858,loan_active
CUS01345,Tanga,48,0.0,7355.102441183839,0.3266161241152986,46740.73477864551,0,65.83580251561023,dormant
CUS01346,Tanga,49,6.908917245886908,19229.026618725376,5.178759899332661,1168184.496541796,0,15.324175867153338,rural_saver
CUS01347,Tanga,26,4.661106446944986,19236.560209029143,5.420870357969191,1476088.4715696564,0,12.231804325571746,rural_saver
CUS01348,Zanzibar,58,7.02509020820027,13926.266677001404,4.958937608381777,476898.54417557275,0,10.824238060744399,rural_saver
CUS01349,Zanzibar,28,25.70509961039306,49107.18509726378,24.501353495196277,639607.8320481465,0,2.063807092413749,urban_digital
CUS01350,Tanga,34,82.45083354536666,82307.78086402595,27.15857482232756,188873.44403567235,0,0.10001726684277434,high_freq_trader
CUS01351,Morogoro,39,74.16633498154688,105735.04030155163,44.670674465029336,166018.49922034206,1,1.6956164181993674,high_freq_trader
CUS01352,Dar es Salaam,29,30.53510521778755,29823.692403600253,29.272179038026636,956166.1097522839,1,1.4056427216325151,urban_digital
CUS01353,Mbeya,28,5.279100693679411,18239.915318470295,4.5589282233406845,1201180.9817914106,0,6.543648104087269,rural_saver
CUS01354,Arusha,18,12.185794636060717,33135.29923381548,17.178854765658354,306391.9673318103,1,6.673202400893171,loan_active
CUS01355,Morogoro,34,29.3200498343805,35519.91244275536,32.152609482829604,278778.86204190215,0,1.1257606223496313,urban_digital
CUS01356,Dar es Salaam,38,7.332136380622114,20109.843443910486,3.8786195981368374,1128364.9650544587,1,10.98215353909288,rural_saver
CUS01357,Zanzibar,29,4.941312607253388,13604.788162182838,6.031312125095878,572446.6149215528,0,12.406355039246943,rural_saver
CUS01358,Mwanza,24,0.0,13403.274668167642,0.0,44017.099600410846,0,62.60958712625804,dormant
CUS01359,Dar es Salaam,18,32.28567542616077,46329.88229168294,28.91826797605446,478166.3576916555,1,0.09535121449605555,urban_digital
CUS01360,Arusha,23,1.3765424238582145,9896.166669785538,0.40241582491682254,62938.259219540334,0,86.42414540300898,dormant
CUS01361,Morogoro,56,7.636381810145583,18303.391057691162,6.856862293479661,1429272.3230703496,0,5.089803929471267,rural_saver
CUS01362,Morogoro,41,0.0,9351.856774689522,0.2229798220737435,37081.23949445622,0,90.28600243063036,dormant
CUS01363,Arusha,31,23.10588225901978,42911.10041550407,20.1523251007965,560185.682404507,0,3.8443041732047964,urban_digital
CUS01364,Dodoma,35,1.748803350938708,21975.45768660393,4.898518748052047,860696.8696339832,0,6.212297375772457,rural_saver
CUS01365,Zanzibar,23,2.5244977130370505,16638.70016642621,6.412343404069682,946930.4005060492,0,6.035702855901372,rural_saver
CUS01366,Morogoro,22,37.129947982281706,44140.03133715811,15.606377926606848,676826.7851688928,0,1.5511045331166688,urban_digital
CUS01367,Dodoma,32,34.519802892798026,47970.15426966117,26.393218323308922,648951.761916024,0,1.531605336571759,urban_digital
CUS01368,Zanzibar,25,34.98947083255025,61975.08201382935,17.88954006120125,558348.2333784435,0,3.8820797322157303,urban_digital
CUS01369,Morogoro,47,8.55009223641165,15293.181510535082,6.088833277751476,1136483.6042463859,1,12.199895826508703,rural_saver
CUS01370,Zanzibar,36,27.87906846983301,42044.20287232055,16.141680441134557,736723.5033101868,0,1.0778160852899143,urban_digital
CUS01371,Dar es Salaam,21,12.206821054736647,35026.77127509891,3.0002694111862036,257953.73574815644,1,5.031818569932569,loan_active
CUS01372,Morogoro,31,1.0805823032246344,20145.674705166963,5.116183105447284,963205.7140407154,0,13.443593585186846,rural_saver
CUS01373,Arusha,39,54.99430081661691,100523.55059762999,51.17625099903479,284564.5243026044,0,1.186576236726206,high_freq_trader
CUS01374,Arusha,32,27.025547336619866,51526.782162184325,16.71443697755286,86190.90733065136,1,9.384365004312581,loan_active
CUS01375,Zanzibar,41,15.044509519520567,48915.48989464588,18.5832302094868,681650.7657093982,0,3.797699837794804,urban_digital
CUS01376,Mbeya,29,1.6399357878747882,3907.903874029949,0.7647537734123926,0.0,0,79.16150952948588,dormant
CUS01377,Dar es Salaam,48,12.417517910455855,25852.83814648671,4.96124677339723,114605.85544548242,1,5.232056794573742,loan_active
CUS01378,Zanzibar,24,0.647675198310527,12666.160805177544,0.0,37010.91782873774,0,89.2200983827285,dormant
CUS01379,Arusha,28,7.868137784331804,12343.634090237594,2.4452728772125583,1046084.3281490424,0,7.90835065988556,rural_saver
CUS01380,Dodoma,18,3.8604064003866037,13021.258769705677,6.200018870974871,973365.1388964492,0,12.064274150698806,rural_saver
CUS01381,Mwanza,25,22.438873811777228,36945.170266829766,20.2570856485417,796203.985371944,0,4.211879640276646,urban_digital
CUS01382,Arusha,27,9.19489661212883,22956.33602832065,3.535472483922272,1042066.6190820704,0,9.764301509350956,rural_saver
CUS01383,Arusha,18,3.199807406684851,35704.71616488479,7.160522690186294,63972.11011065378,1,5.844383300288629,loan_active
CUS01384,Morogoro,37,19.03039945640309,39835.99315260521,8.399227153210992,144935.17977244325,1,2.6195578116915157,loan_active
CUS01385,Dar es Salaam,28,29.571099727537266,51022.68455607756,20.78792293054138,296188.3450158132,0,2.6887184136124076,urban_digital
CUS01386,Tanga,52,64.90932238956049,121449.33596794875,49.10960642467152,215316.17453520064,1,0.34139243020162324,high_freq_trader
CUS01387,Arusha,48,4.543109175717264,12018.360734953223,2.7661778037633633,740480.7611133999,0,4.8797993017929775,rural_saver
CUS01388,Tanga,30,14.275894609951767,59791.34574725335,5.30571600579994,277189.29374599265,1,7.782690795972973,loan_active
CUS01389,Zanzibar,31,22.47221310322062,34082.14289712534,23.99697025112571,604139.1968492722,0,4.2935053233258635,urban_digital
CUS01390,Zanzibar,44,15.328061386085942,28737.62566586558,8.931961843632664,121369.75110046333,1,4.994139148349479,loan_active
CUS01391,Mbeya,38,62.72663924518531,107607.07550998758,39.921513425556526,334687.88326588366,0,1.5015558671688245,high_freq_trader
CUS01392,Arusha,44,27.051550872922597,42745.07838538415,23.453803293765016,606088.7847354064,0,1.44115834478864,urban_digital
CUS01393,Tanga,23,38.703141027404484,37756.443472262865,27.332193625760528,218172.53674346354,1,0.5434178849928151,urban_digital
CUS01394,Arusha,30,63.98670394818982,74462.52411444219,33.933171919976715,227277.59662524814,0,0.5335548017911282,high_freq_trader
CUS01395,Morogoro,23,32.919344627974084,55175.06104899412,14.823591012819437,809021.8837528629,0,2.236292198596674,urban_digital
CUS01396,Mwanza,38,6.742269205419566,27756.744768105513,4.254331122570066,762045.6847060929,0,4.1238801710479205,rural_saver
CUS01397,Dar es Salaam,48,9.755510468510767,24836.81709871247,10.061129516595305,224559.631467079,1,2.6980201825260575,loan_active
CUS01398,Tanga,46,0.45418322402154826,4279.026459971613,0.15969287202810664,102456.6163138913,0,47.23573326909325,dormant
CUS01399,Morogoro,29,6.432914086907269,11043.795908709739,5.929586472729646,1203688.7199507542,1,7.550413649665943,rural_saver
CUS01400,Zanzibar,58,6.569352130596797,8440.354693933103,6.655569762266225,1410062.7266027515,0,11.424417969723226,rural_saver
CUS01401,Arusha,54,37.34188801294419,24173.54983969449,22.422231558362405,700137.6502966438,1,3.7827667450403646,urban_digital
CUS01402,Mwanza,24,10.920349293706352,33375.999800942765,7.001783455241452,134389.72447150643,1,4.549135301333234,loan_active
CUS01403,Mbeya,22,0.7665007900884726,6977.284588825901,1.9433967745865401,703292.5233008785,0,11.943183665980209,rural_saver
CUS01404,Morogoro,30,20.73339645844041,33846.63098817468,18.421729994201094,489101.2511408709,0,2.6890568169738107,urban_digital
CUS01405,Mwanza,28,24.729863920499387,54706.61971245081,23.22860361991148,810139.3446798389,0,1.9506333915651801,urban_digital
CUS01406,Mbeya,18,8.869769510571981,34324.889590149425,16.931711032940893,81767.29576590935,1,4.745090036324467,loan_active
CUS01407,Mbeya,41,23.276486023942596,39600.20386044983,21.97208479534425,554794.9969841548,1,1.3740537884930277,urban_digital
CUS01408,Arusha,45,8.208774635527313,31448.543051549288,11.171375039752272,87418.64623810642,1,5.683048792321695,loan_active
CUS01409,Zanzibar,57,64.38960879712435,91391.63508773668,48.998544210446724,250597.64111450777,0,1.686272142048623,high_freq_trader
CUS01410,Morogoro,40,51.67874752658685,87156.41907230462,48.36034034609163,288278.24972838414,1,1.3902017987441913,high_freq_trader
CUS01411,Mwanza,46,14.969036527450315,22831.314066062376,6.0413894142863995,97806.64604829051,1,6.857039701605208,loan_active
CUS01412,Zanzibar,25,68.99895501985941,101002.76758164045,43.30261045725152,341634.0674332245,1,1.2376812918321012,high_freq_trader
CUS01413,Dar es Salaam,36,9.855391877589787,46071.45007654009,16.61640041433445,0.0,1,8.129629223743322,loan_active
CUS01414,Morogoro,32,34.07631891495221,51077.60585501876,31.201975267999604,641948.4866714992,1,1.89432511622679,urban_digital
CUS01415,Tanga,18,67.89278066583205,88357.56528398891,35.23592544708104,137103.24250326888,0,1.1022858248501637,high_freq_trader
CUS01416,Mwanza,52,4.439847178569954,5016.539776128007,2.7658502920439205,1259194.420286167,0,12.812638983445318,rural_saver
CUS01417,Zanzibar,48,6.267026760782423,19292.172278982413,1.2606343951264165,427975.60397683375,0,11.594442253873645,rural_saver
CUS01418,Dodoma,38,12.156189292993425,36933.954843616455,10.636446226211898,139488.47155388264,1,4.855050247731998,loan_active
CUS01419,Zanzibar,22,15.975249900975392,30599.88234043965,12.66309706409427,232226.5270745837,1,6.354752591950925,loan_active
CUS01420,Tanga,47,61.1957492023439,67214.2109284137,40.77243797039866,163869.49544701292,1,1.391665734509921,high_freq_trader
CUS01421,Tanga,36,5.458800576852671,12871.951282362872,7.483447657400307,850464.1049482755,0,14.0298669346633,rural_saver
CUS01422,Dodoma,18,9.011888247957964,16214.848389904244,3.9599970253065737,1357836.242632407,1,7.658550781587971,rural_saver
CUS01423,Mwanza,25,7.746352856033206,12212.907930085305,5.81073608329315,1016725.9473703812,0,8.17840207663741,rural_saver
CUS01424,Zanzibar,34,6.1795217504394415,19595.840916540845,3.8992359890325163,689419.1032103122,0,10.816652061295308,rural_saver
CUS01425,Zanzibar,54,5.522442435502681,12777.845126577275,4.587607121519024,1066351.2252432322,0,13.031870858738047,rural_saver
CUS01426,Dar es Salaam,50,23.08839777158958,25788.662751275715,23.927848721399208,771605.4488298199,1,3.211381572326575,urban_digital
CUS01427,Mbeya,40,30.012775758577842,26471.839858499847,27.61764423364403,633896.5153665927,0,2.9991091503153617,urban_digital
CUS01428,Dodoma,24,42.326098818363775,86424.34325542727,27.058838633192863,397359.2820838338,0,0.37927401872383715,high_freq_trader
CUS01429,Dodoma,21,5.092189456123326,17062.11579099434,3.113861755797682,1095759.0518097074,0,14.407037045317107,rural_saver
CUS01430,Arusha,21,21.929644722363616,49660.72284876239,16.210719724948675,137374.81442258434,1,3.4963150533794445,loan_active
CUS01431,Mbeya,33,0.5058452033324343,11391.407425961701,0.6919675322962033,35433.286509129466,0,74.22623465839422,dormant
CUS01432,Dar es Salaam,24,24.188318500809167,53828.994357127434,25.814241233116128,628364.6350239213,0,2.6154512479574836,urban_digital
CUS01433,Tanga,22,33.37797129245767,48064.39341216671,21.826919025098675,646845.9382892341,0,3.0817836671641237,urban_digital
CUS01434,Dodoma,58,35.94990612192516,45277.99627571793,21.469233746257007,492648.3800285731,1,0.25908511624325703,urban_digital
CUS01435,Mbeya,33,6.911923255820923,25495.720840696416,13.006332756581333,146349.04730628617,1,6.668838484550299,loan_active
CUS01436,Mbeya,40,24.516235004401732,42289.894671922426,12.089552888720185,371303.130870307,0,3.1918998441788444,urban_digital
CUS01437,Dar es Salaam,19,1.48786225142746,11824.96735406429,6.649311353097264,1386916.271605066,0,9.054990140920802,rural_saver
CUS01438,Mbeya,39,14.79684205020759,35148.070182302625,16.26225928036581,168223.3040097769,1,5.0333623577615425,loan_active
CUS01439,Mbeya,54,18.13220043030784,27754.62565982004,5.769518421497725,259644.6817123759,1,1.7179174111286328,loan_active
CUS01440,Mbeya,32,16.535927816477802,37985.50640602775,28.859269852917237,600068.3778156547,0,2.426428154125996,urban_digital
CUS01441,Arusha,28,24.256466255302552,44584.728005632795,21.090391940238224,1086906.5337698318,0,1.6262430461808894,urban_digital
CUS01442,Tanga,24,38.66170505702916,25331.1974652532,25.797162109497087,552142.0056247191,0,1.1809236721368839,urban_digital
CUS01443,Dar es Salaam,30,29.55738356932026,65749.83874423621,24.853003386086677,309297.50429510087,0,1.7145942612547378,urban_digital
CUS01444,Arusha,37,28.91208307069551,48749.315304936805,32.652639775594295,599256.0669824212,1,3.153806130248567,urban_digital
CUS01445,Arusha,45,0.3768028023955191,10490.185610196246,0.236676055896141,0.0,0,86.26948565944934,dormant
CUS01446,Dodoma,35,22.20543615189665,27692.415570474353,10.904661263445092,169823.9646282386,1,5.170765119407629,loan_active
CUS01447,Tanga,28,6.423498803165633,18703.405169976766,6.440575049168632,673100.2737919085,0,8.30956752044937,rural_saver
CUS01448,Mwanza,51,0.0,8096.889823411849,0.4437961108635864,45347.007443033835,0,74.8208420720583,dormant
CUS01449,Morogoro,48,25.481412822861785,30940.654627993325,23.54779926503193,976712.2526739892,0,2.6501356955802837,urban_digital
CUS01450,Mwanza,31,31.613589367268876,100255.56309021213,44.82728509658476,259899.71979302185,1,0.7046688237380099,high_freq_trader
CUS01451,Tanga,49,0.2546114786216163,6622.098989270217,0.6572375471539884,13567.136632545953,0,40.01883153456819,dormant
CUS01452,Arusha,23,14.03991120329709,31117.67707517464,9.555131505069324,166742.13606233016,1,3.9518975457632686,loan_active
CUS01453,Arusha,40,13.490869110754069,12853.037447152474,14.688948539455101,135912.98427522965,1,6.340208183474317,loan_active
CUS01454,Arusha,52,7.099627560742644,14961.122357128268,4.776454785478349,611614.6762164168,0,9.59557626597898,rural_saver
CUS01455,Tanga,35,30.25086657584266,36402.22331855353,22.642297807472097,626601.3163976199,0,2.271746032934265,urban_digital
CUS01456,Morogoro,51,19.65605950917952,19189.145189953073,22.131954775540045,712098.5410196715,0,3.236564113405225,urban_digital
CUS01457,Zanzibar,41,8.303806878528611,20256.434325872335,1.592976731585999,905142.2003919606,1,11.089378899032154,rural_saver
CUS01458,Dar es Salaam,21,8.060563474421892,54187.89930608067,6.834502389738335,0.0,1,4.297748524349866,loan_active
CUS01459,Dodoma,24,11.11702366620889,13099.7961124839,1.1444256640404182,907589.3659698353,1,13.458076798695721,rural_saver
CUS01460,Mbeya,25,63.248804521621906,61323.52407818852,60.79222515832443,375543.55800409714,0,0.8535208746843574,high_freq_trader
CUS01461,Zanzibar,31,4.423206547637627,23391.644252309758,2.894772084557523,261174.32800847373,0,13.710898479996551,rural_saver
CUS01462,Mwanza,32,27.195510399181774,59037.77341702911,20.114167054138484,726483.5444261808,0,2.5758766367523336,urban_digital
CUS01463,Mbeya,30,7.640267315022554,18740.124038412498,3.6691440291908304,758512.8990015644,0,12.357323245991875,rural_saver
CUS01464,Tanga,34,0.17345781835512247,12099.590027768558,0.3346200258159478,45093.410146217415,0,77.29950351125187,dormant
CUS01465,Mwanza,43,1.101843433421497,13037.353904847947,0.4595664357605398,91241.56971486882,0,75.16993536276443,dormant
CUS01466,Arusha,32,8.008912637743883,20095.19140008305,5.831998295476688,1089356.7582245055,1,7.8412168589380355,rural_saver
CUS01467,Dodoma,42,25.79159713141714,21134.735479020765,30.87432402854124,394791.90819074446,0,0.5781388223251134,urban_digital
CUS01468,Morogoro,25,50.57524756871763,61600.95189727355,41.55474771585365,194889.81292760567,0,1.0858948075998103,high_freq_trader
CUS01469,Zanzibar,49,22.052845156051003,45281.8040001873,26.69626290129041,892551.038372125,0,1.6820328987296194,urban_digital
CUS01470,Mwanza,37,24.865472680693593,25069.09000691246,7.0447523207734,180488.00756878877,1,3.844513715613825,loan_active
CUS01471,Arusha,38,37.29651972243867,29286.212458807368,31.491670538897566,485046.1562834224,0,3.5908507211018605,urban_digital
CUS01472,Zanzibar,22,26.21505371080487,53618.10747233687,23.134168988337798,704270.2099189229,0,2.8611528969890383,urban_digital
CUS01473,Mwanza,23,3.1821431502641078,14717.852854018302,0.9409235623804593,692450.5274799543,0,15.918704918155296,rural_saver
CUS01474,Dar es Salaam,40,3.4269085941533155,16241.692668828848,7.373642309123321,865179.8762262946,0,15.163029844313904,rural_saver
CUS01475,Zanzibar,40,4.835318543199613,17279.789531433064,1.2784318092946259,712897.3351822207,0,15.207970738964487,rural_saver
CUS01476,Mbeya,39,2.1412925572466834,8958.89236008425,2.6410551427718625,848490.2905983848,0,9.014745105671073,rural_saver
CUS01477,Tanga,35,16.094133144805184,24824.44580981512,3.4440608531499715,51744.28595655694,1,1.6412217039179797,loan_active
CUS01478,Zanzibar,43,6.767771608814718,10173.550235903267,4.295838679818295,1340698.1448696852,0,13.081641402996873,rural_saver
CUS01479,Dodoma,38,8.703619967355923,4963.859311047205,6.964138075592832,736623.9538220812,1,8.580288109656328,rural_saver
CUS01480,Mwanza,47,3.777491492602467,13575.929826545242,5.050554412995782,965571.3747821979,0,8.704125150475083,rural_saver
CUS01481,Morogoro,33,33.97863587297627,50131.32279411763,28.694463043618395,774212.1168229461,0,3.2180670700487086,urban_digital
CUS01482,Dodoma,18,0.04416035632656523,6955.438980963558,0.20046454332000616,65342.67703177604,0,60.99487509621402,dormant
CUS01483,Arusha,35,18.204849182101505,43378.60790489581,19.78720475402244,348353.2292031407,1,1.2385141709210772,urban_digital
CUS01484,Zanzibar,37,0.18976460584286936,5843.462566999709,0.2985402845336121,80427.24712206273,0,104.41490930977581,dormant
CUS01485,Zanzibar,39,26.900877896224955,50774.983440708944,25.951096802920695,865169.5366176824,0,1.7655022562877922,urban_digital
CUS01486,Mwanza,45,14.868580212289444,25608.26967903888,4.80253328303809,214505.79408230894,1,3.48614829920717,loan_active
CUS01487,Morogoro,18,6.917965800892131,14420.629512708823,2.170896814477943,865967.5669888519,0,3.5412028558848014,rural_saver
CUS01488,Mwanza,41,11.861173385437947,34733.56313206795,8.014832408464878,201425.32601336157,1,7.1776678888966945,loan_active
CUS01489,Arusha,37,6.544199104047345,15047.54045457659,1.4128826003706099,591602.4877192115,0,9.405980820155664,rural_saver
CUS01490,Arusha,32,19.304425691311742,45871.140565224094,19.62391835869896,386160.13129262824,0,0.8795235016549536,urban_digital
CUS01491,Dodoma,54,69.78256868385105,78912.59119734325,36.75451150493051,581007.3961220183,1,1.6422406217098495,high_freq_trader
CUS01492,Mbeya,28,0.8829087481307498,6678.1181225159025,0.7280706215219225,40347.159203300034,0,60.88428828578557,dormant
CUS01493,Mwanza,21,48.64052250096502,117750.19585272412,33.81241317902573,295552.95166179404,0,1.0154053408745958,high_freq_trader
CUS01494,Morogoro,44,3.639028354149534,14453.560449519586,6.11394453036187,1032124.1063219388,0,9.48033128008397,rural_saver
CUS01495,Arusha,28,0.21841141883959886,11337.736617790782,0.6707840816802179,24758.396510726685,0,61.111090087335846,dormant
CUS01496,Mwanza,26,7.665186871232934,30305.97268366142,15.205798948878021,66353.95661317218,1,7.650392217307897,loan_active
CUS01497,Zanzibar,26,0.2832777710234614,16456.142548411015,0.09545608040537171,45680.54150533521,0,56.796338696152006,dormant
CUS01498,Arusha,37,8.676358333716783,17372.6834256949,6.057635558354899,505323.20970299025,0,6.114226733118116,rural_saver
CUS01499,Arusha,20,0.6142691667057067,8213.383145196602,0.5152675237882997,76206.98952901032,0,104.39458678387402,dormant
CUS01500,Mwanza,59,1.2510081227251124,15529.245958782307,0.19013099506438963,0.0,0,47.33002173861764,dormant
CUS01501,Morogoro,33,15.085400001015893,28828.15883248187,7.258390966570812,44182.21399953669,1,6.74915205936078,loan_active
CUS01502,Mbeya,45,10.199659019524866,18141.04698213225,5.65987263211454,827368.5507771967,0,6.50567607868328,rural_saver
CUS01503,Dodoma,32,5.2301696255082275,19762.50269796033,4.271828804615128,812154.4932688662,0,11.206530931850711,rural_saver
CUS01504,Mwanza,57,70.82620713546505,72114.73310311003,44.92886218797629,546127.2624333806,0,1.3926457263709406,high_freq_trader
CUS01505,Tanga,22,6.743120843387658,18499.79425867755,3.9274479429680866,667683.4392951722,0,15.0676962625467,rural_saver
CUS01506,Morogoro,20,68.95037399740119,100400.41575959403,47.342282759165855,222793.19661251723,0,1.1891859190498788,high_freq_trader
CUS01507,Dodoma,49,9.877051084680692,11042.959170187274,2.0127345760299713,827359.2695461868,0,1.3330598275055348,rural_saver
CUS01508,Mwanza,36,22.53115899126218,48174.30288129905,20.619965191381,998383.3708004012,0,1.2919084496587638,urban_digital
CUS01509,Mwanza,26,62.13211929314641,100969.06208803302,39.98876313854148,93425.6375086926,0,1.3033291874204291,high_freq_trader
CUS01510,Dar es Salaam,56,32.03668767819026,45380.61759549372,22.91129921616755,838828.7785079185,0,1.3246791017353505,urban_digital
CUS01511,Mwanza,46,41.7159549080302,45604.266364059644,26.289486898077715,763485.5654471334,1,2.313091934674761,urban_digital
CUS01512,Dar es Salaam,18,0.729886900222261,10088.895767633505,0.024489228929976015,40123.58841871328,0,64.5446160384436,dormant
CUS01513,Arusha,24,54.916470016894216,83402.9418390935,40.84029660822274,383360.6761260211,0,0.8715444112347118,high_freq_trader
CUS01514,Dodoma,28,19.38534548750609,33981.77782710599,8.264840819972362,135083.65740693847,1,3.5345113052905845,loan_active
CUS01515,Dar es Salaam,41,26.275975491997187,52869.05948181708,26.03556034270304,909347.4814561568,1,3.9564217732345757,urban_digital
CUS01516,Tanga,40,31.258631334241183,39151.01066835437,28.130074487477494,468776.6139913821,1,3.526323392247755,urban_digital
CUS01517,Arusha,35,10.59834313583319,46266.67622791834,15.051799943082784,192334.2245938549,1,7.492729418952399,loan_active
CUS01518,Morogoro,39,41.4050480849563,53953.98280191489,19.497242201881534,613921.3417488278,1,1.749575941562339,urban_digital
CUS01519,Tanga,24,19.685482126356685,14695.112633731398,22.27993179438348,448821.2693215525,0,0.0,urban_digital
CUS01520,Arusha,22,26.958148808963784,37390.152718846875,25.936718381266658,878532.1296951126,0,3.0263942941019852,urban_digital
CUS01521,Tanga,21,6.87822938537239,19975.786766827332,3.1280790439030417,662812.0049909126,1,4.073484512849284,rural_saver
CUS01522,Morogoro,41,11.666218262082833,39505.14213130708,10.875650086222658,232589.67036417054,1,3.1562598912731628,loan_active
CUS01523,Tanga,47,50.41599715071557,74912.40211263948,25.145881285986007,343626.90021203813,0,0.48535554184981,high_freq_trader
CUS01524,Mbeya,18,59.28721702812059,45864.634039749224,32.84218515497498,156529.9000794342,0,1.2097571442233521,high_freq_trader
CUS01525,Zanzibar,35,25.091335618480073,34248.22976507146,17.660102692553515,619089.537321913,0,0.1861976529171312,urban_digital
CUS01526,Mbeya,41,3.589208014177722,15059.138595674878,6.538992986412181,1038920.3883227818,0,7.884936970386452,rural_saver
CUS01527,Zanzibar,45,6.9283326856168195,14503.906180932281,4.434752647877831,505031.45398737595,0,12.830239010183943,rural_saver
CUS01528,Mbeya,56,28.561591545036173,62747.588812381815,26.540097082306836,553374.4964273871,1,3.438733250028915,urban_digital
CUS01529,Dodoma,36,41.00108473302349,29556.716318606872,17.578331279364072,27360.01748618658,1,2.656482687487599,urban_digital
CUS01530,Mbeya,49,3.547733537913198,14554.831554376142,4.369410990015411,1134817.7000637508,0,12.655205179964666,rural_saver
CUS01531,Dodoma,54,31.79038046466065,30756.80315159011,30.94610183828121,845114.3045430273,0,2.280717704987465,urban_digital
CUS01532,Tanga,29,0.0,12964.898096238605,0.15713799042769472,82855.32339231158,0,77.40751694338086,dormant
CUS01533,Tanga,18,72.26074887799159,84744.80296700317,35.02811668225516,205774.19133074692,1,1.8753175150699817,high_freq_trader
CUS01534,Tanga,25,44.804106684059725,47444.95474771358,26.901120676494138,512747.65057051874,0,2.1925130121311076,urban_digital
CUS01535,Tanga,23,8.369135081782506,7238.265773203893,4.882078206627081,788844.9271892447,0,17.887727407877602,rural_saver
CUS01536,Zanzibar,33,46.43877600318634,85325.68241198659,33.85153092718319,300957.0985491823,0,1.2776277858701082,high_freq_trader
CUS01537,Mwanza,48,51.5740595628933,106085.07606698327,39.106457867966846,225657.4031917532,0,0.9393440198042744,high_freq_trader
CUS01538,Mbeya,43,74.72206136531268,122191.82088564482,45.5292624648888,299904.97546863527,1,0.8779399407583557,high_freq_trader
CUS01539,Dodoma,18,6.488931132770158,19127.621331043138,3.7659968970560724,1099447.5485860575,1,5.32293756295372,rural_saver
CUS01540,Tanga,34,58.387809650020486,70686.860305535,32.77294499863664,350197.8566947962,1,0.2834544965981687,high_freq_trader
CUS01541,Mbeya,57,21.501021682385822,36961.974468803404,23.134285154953982,564950.8075485599,0,1.9205700423677923,urban_digital
CUS01542,Arusha,18,5.135154111975789,17132.180201299463,6.043960388655661,1258545.6914135036,0,8.911953036479462,rural_saver
CUS01543,Mbeya,26,26.823939768396635,58095.05013515978,28.484182399279412,582702.5757979837,0,1.615994715655193,urban_digital
CUS01544,Dar es Salaam,18,5.063676529547262,9387.674875819423,5.244790063407073,986544.5434825828,0,8.342515392275155,rural_saver
CUS01545,Tanga,22,6.752451102622095,15494.207275298248,1.7989446770130706,868602.7403740208,1,17.05724774002997,rural_saver
CUS01546,Dodoma,29,29.988557073200212,31910.77976785967,21.21063277964865,655363.790738446,0,1.9940091437864436,urban_digital
CUS01547,Dodoma,38,70.60975841778527,82363.00641905988,39.219556307579424,354196.6911881784,1,1.3221139622714264,high_freq_trader
CUS01548,Dar es Salaam,49,6.938061323112349,13373.13742917429,1.862457803828959,471708.3291741419,0,17.050906870917103,rural_saver
CUS01549,Dar es Salaam,30,23.07478593221516,59237.29166543765,12.98729986042275,552981.2196233434,0,2.7132095634755817,urban_digital
CUS01550,Morogoro,19,16.34213619082911,29130.137734188815,30.945735482796895,530351.7597492549,0,0.13235020580855927,urban_digital
CUS01551,Mbeya,42,6.814580359680358,12901.92259665497,4.5874055711510815,726584.7238388897,0,8.290509872751931,rural_saver
CUS01552,Dodoma,38,6.788120178154072,15154.654336673633,5.796263706020685,838921.796236732,0,8.080932481225098,rural_saver
CUS01553,Tanga,44,4.886083779653256,7554.851267360978,6.209922549796653,676780.484644608,0,19.410398732578287,rural_saver
CUS01554,Dar es Salaam,35,37.66689753296195,38542.502249506215,29.354881984101034,605333.7985903783,0,4.020841713039561,urban_digital
CUS01555,Dar es Salaam,27,49.16142418190445,112211.7138977019,35.51498481370692,453406.5623728318,1,1.2743190359168035,high_freq_trader
CUS01556,Dodoma,22,18.652588196651052,34864.408271457716,7.858644340526835,119075.23064992041,1,3.2992233998827194,loan_active
CUS01557,Morogoro,18,5.465842722534405,16726.197898512368,7.226989050897038,897210.4197324557,0,11.094539460464112,rural_saver
CUS01558,Zanzibar,36,0.0,6498.534004486197,0.0861092547802042,1975.0013226976298,0,92.1555730233517,dormant
CUS01559,Tanga,25,11.530044244228133,35793.92964663665,12.057797837764237,128808.31568773753,1,5.88914447848073,loan_active
CUS01560,Morogoro,29,15.487426564948567,46424.982829261,14.928078814304158,256207.10439597297,1,5.571136830865834,loan_active
CUS01561,Dodoma,50,0.0,2620.401214398031,0.2495835084104222,46751.34652614709,0,103.24446057612984,dormant
CUS01562,Morogoro,29,11.567569292567077,43183.25715089019,8.091724541704357,204609.30744030408,1,6.61203545621349,loan_active
CUS01563,Arusha,18,20.07151843590462,16271.859638787282,15.184862726155448,147998.6621745187,1,4.992544004028605,loan_active
CUS01564,Dodoma,23,55.33600935303143,123886.98499033877,36.586384866377486,407019.41414628125,0,1.5313345697998493,high_freq_trader
CUS01565,Morogoro,44,6.1129013596978865,23006.08451850606,4.995290156072403,865066.1078119006,0,14.636862810244885,rural_saver
CUS01566,Tanga,32,29.904054791466248,53763.28601701329,27.813660365914203,163436.93088957242,0,1.8391941406643417,urban_digital
CUS01567,Mwanza,45,18.664907879066792,23344.67879955385,30.232512087242483,692431.5639417853,0,1.4236154585982592,urban_digital
CUS01568,Morogoro,18,5.439971252558737,21225.024768991807,6.099503598553268,492986.6372067859,0,8.207642300765183,rural_saver
CUS01569,Dar es Salaam,31,4.3879569075165445,11795.372952436808,4.566459554486725,1213264.041964326,0,13.001488961123295,rural_saver
CUS01570,Dodoma,31,7.2060003932257795,14258.125092048695,3.1170552334944346,1469130.2846686877,1,2.5067828107705568,rural_saver
CUS01571,Tanga,54,0.0,3781.556195344927,0.022678260941465467,76770.09611392741,0,99.24820862128878,dormant
CUS01572,Morogoro,37,0.0,2531.505869953872,0.0,88665.71017310028,0,83.34448908839059,dormant
CUS01573,Mwanza,29,59.31866067433508,61971.44881483738,44.10538231827923,272079.22415194707,1,1.2871427226790289,high_freq_trader
CUS01574,Dodoma,41,29.364900921048264,43500.2500644237,28.456893861124044,644032.5948457883,0,2.322003223538532,urban_digital
CUS01575,Arusha,52,34.21524552839148,37608.20657787392,27.33967833590266,255036.55243183905,0,1.7253401151923577,urban_digital
CUS01576,Arusha,35,58.123974852282174,105199.71945429024,25.905771017019546,247236.30529671273,1,2.2377555616477625,high_freq_trader
CUS01577,Morogoro,28,61.51890962730204,50263.04272658366,35.791716715655085,360714.9768973883,0,0.0,high_freq_trader
CUS01578,Zanzibar,54,20.104108307234462,40882.22927312935,14.872133407300815,71148.21300613674,1,7.561859070558116,loan_active
CUS01579,Arusha,18,15.016522170418867,14525.245072856866,13.397018285228576,114518.90576202859,1,4.2475407772630325,loan_active
CUS01580,Mwanza,34,23.110997495030215,29788.988261971528,16.30014309965008,115500.54707257175,1,3.144509595701444,loan_active
CUS01581,Morogoro,29,5.872855985289688,8591.8702985844,3.0847532906074875,1028608.7470892996,0,7.843649223312733,rural_saver
CUS01582,Zanzibar,30,6.132881609427995,22397.79822819132,3.400093734034032,692849.8012762314,0,8.26725858590628,rural_saver
CUS01583,Dar es Salaam,37,26.339385393342233,45933.058356191534,28.603982387966372,680797.5446546811,1,3.044028674607433,urban_digital
CUS01584,Dar es Salaam,20,0.6881559850318877,12434.946705074492,0.0,124946.33606714902,0,64.74829738944786,dormant
CUS01585,Zanzibar,37,9.08924596022801,44740.34068889737,19.080773110569005,104620.79113533217,1,5.694633056255036,loan_active
CUS01586,Tanga,21,8.000489124833518,26093.57232258699,7.041946835963172,828402.2157057758,0,12.512231370968907,rural_saver
CUS01587,Zanzibar,49,0.10061189071848925,12592.610603716861,0.6753923987466148,43772.9790548244,0,80.22110788120176,dormant
CUS01588,Zanzibar,18,17.77438676780021,39643.770829933725,34.08935690741322,659861.5432406635,1,2.117282293573714,urban_digital
CUS01589,Dar es Salaam,30,29.057714903146557,40531.02534489015,15.790009367815262,616385.4510260618,1,1.975909747802361,urban_digital
CUS01590,Morogoro,30,21.87197468827516,27542.365996821038,20.546550298626876,771850.4228152129,0,1.9308266705534098,urban_digital
CUS01591,Zanzibar,24,32.42294535014327,51057.40514982589,21.614005651136424,77719.56970643962,0,1.5173054823893621,urban_digital
CUS01592,Tanga,18,12.934121084301475,43165.50128195218,9.850814188173944,229175.68383239536,1,1.9832558287091913,loan_active
CUS01593,Zanzibar,22,5.146844940326304,9771.712723511633,6.562505666856764,1022913.6017530517,0,8.282608698908282,rural_saver
CUS01594,Arusha,59,47.38124406553874,96635.98201927144,54.4812919535474,361857.3438030732,0,0.9056145724367082,high_freq_trader
CUS01595,Zanzibar,30,1.1168042829174412,9039.836016601463,0.3329195903418319,58980.60171109628,0,84.88551338566154,dormant
CUS01596,Mwanza,73,22.93552631574018,57386.64312665838,24.10991365285992,789745.5871629937,0,2.52061473409956,urban_digital
CUS01597,Zanzibar,48,29.242120769678905,31913.43830584382,22.593873839140063,910336.9423491083,1,1.2475403958470195,urban_digital
CUS01598,Arusha,38,56.74055228984359,87243.85532558762,48.58698256104503,192476.82365190587,0,0.3055570145687321,high_freq_trader
CUS01599,Tanga,20,23.84460092032402,31094.50055031439,22.647134374255664,823303.4572500945,0,1.3373159780474377,urban_digital
CUS01600,Arusha,43,13.162935554489144,38380.789907165796,18.46067662817236,167422.52102559496,1,4.892643789525962,loan_active
CUS01601,Mwanza,53,24.534035113799902,72624.72088116092,23.878083238530234,647275.0640711591,0,2.3458723676129534,urban_digital
CUS01602,Arusha,43,0.20504563043501528,11133.52899541082,0.3493705336154937,79481.69585328571,0,70.70029100063444,dormant
CUS01603,Zanzibar,39,64.29591908507976,69492.64244186829,50.76489829131407,409876.406266269,0,0.765884444134442,high_freq_trader
CUS01604,Mbeya,41,31.962911344160702,25871.099112350046,25.87840461261416,730510.9404827069,0,2.19618965874529,urban_digital
CUS01605,Mbeya,49,32.81469012868495,41069.20089578102,18.80046782662272,240051.13364692067,0,2.7030654937943432,urban_digital
CUS01606,Tanga,55,11.374293205779278,43038.36422625364,3.989276192172805,80440.51530321508,1,5.2519544330156736,loan_active
CUS01607,Tanga,48,26.55961560760957,34611.00333853123,19.414255610842854,462430.8109951414,1,2.7568735811344585,urban_digital
CUS01608,Zanzibar,25,5.522028825640211,14991.75658800627,5.398529011917047,748260.3732657182,0,7.301182734944639,rural_saver
CUS01609,Tanga,25,5.10501460048577,15244.893062516614,2.3565797476720802,985793.693738816,0,9.283005428575267,rural_saver
CUS01610,Tanga,39,28.62977829371117,38941.1452445785,24.23297083553017,819625.493480687,1,4.173486336893375,urban_digital
CUS01611,Mbeya,40,50.96699891709798,118555.2887385412,38.99498824439464,240882.25353012394,0,0.8657539871054025,high_freq_trader
CUS01612,Mbeya,44,62.07372828756691,89003.50667224318,34.30862865640144,184623.97891125362,0,1.230137856080357,high_freq_trader
CUS01613,Mbeya,22,5.997066212922383,16917.809704589123,3.663098590234177,377310.60272148956,0,8.498693498568993,rural_saver
CUS01614,Mwanza,21,53.191269890966346,93377.28535727444,30.934025714519393,193382.1792876286,1,0.19864683705984687,high_freq_trader
CUS01615,Dodoma,47,23.49017921304334,42627.15324458263,19.062119386856153,714786.1230732857,0,2.8416781361027317,urban_digital
CUS01616,Tanga,66,19.721585925827114,42083.147738170395,26.33710533676716,774238.1828229073,0,3.0690395916289455,urban_digital
CUS01617,Dar es Salaam,18,0.548154540803648,6843.766247033724,0.35320737109813466,22548.417329395972,0,76.35267571535614,dormant
CUS01618,Mbeya,36,12.352404817160973,33846.66117934408,13.798541163412173,238887.2435509089,1,3.072765870497837,loan_active
CUS01619,Dar es Salaam,37,29.44026979618462,25587.678180140076,20.899713049399715,809964.7623064956,0,2.107814726252874,urban_digital
CUS01620,Zanzibar,23,19.34077416948371,43840.69735918214,31.04165177648811,817341.5244130987,1,3.5636686743615553,urban_digital
CUS01621,Zanzibar,37,9.727244754314615,17889.865591542617,3.4222253157953713,883404.4301894258,0,11.10637040722978,rural_saver
CUS01622,Mbeya,58,60.23861651835228,61006.0946197226,42.118048888551286,220573.2851366952,1,1.6333712457686809,high_freq_trader
CUS01623,Zanzibar,18,31.900736582573707,41812.97905104972,23.648222086976894,681120.4526924549,1,3.318810060122396,urban_digital
CUS01624,Zanzibar,18,5.4085488920251334,19005.3574603366,2.3096807054403583,827955.33264665,0,16.073076428151182,rural_saver
CUS01625,Dar es Salaam,35,48.64763774592191,51561.603737296,28.26897235670824,154100.8203457949,1,0.8439615909656213,high_freq_trader
CUS01626,Dodoma,39,4.089071486491643,18167.68537532291,7.751528055665545,633711.0347881736,1,11.457697532671382,rural_saver
CUS01627,Zanzibar,23,30.343158993802092,67285.25302875893,26.601103659108624,708221.4342281942,1,2.839077136464404,urban_digital
CUS01628,Arusha,36,28.654023937477564,79599.40266936994,11.479050401768543,646629.3992670903,0,1.7719109575127974,urban_digital
CUS01629,Mbeya,26,5.495993449070937,16109.898644105022,3.024778588366202,1506717.8456241237,0,12.278445630498865,rural_saver
CUS01630,Arusha,42,7.8662860608022935,18667.338936756674,4.8385204730643405,591799.393134444,0,16.744691942984723,rural_saver
CUS01631,Dar es Salaam,28,10.276643349093488,45083.832356017694,7.25441057001046,72944.9689968,1,3.575315046606197,loan_active
CUS01632,Dodoma,44,0.7023366774621099,8277.534824551134,0.0,49161.58958603539,0,52.12997185417807,dormant
CUS01633,Mbeya,41,0.4880263307253191,9086.613611971046,0.8256372331993229,45271.91022823643,0,56.1148409989822,dormant
CUS01634,Morogoro,48,9.336731171173277,32894.31036727058,7.6040398156659315,93854.41334329038,1,4.4998248087109785,loan_active
CUS01635,Tanga,18,7.852411726181341,16681.770445642072,3.484566877224688,192652.50138001272,0,0.8826731009644515,rural_saver
CUS01636,Arusha,53,5.676664688426106,16322.886223152487,3.097830192341479,1360659.3445781902,1,9.00236837281897,rural_saver
CUS01637,Mbeya,22,17.562793467373346,27247.423402425036,7.798918275913071,34260.90296053304,1,4.915166240398974,loan_active
CUS01638,Mbeya,31,26.02555138482089,48127.203636661936,14.081456789980304,347251.7462957526,0,1.9474726312768276,urban_digital
CUS01639,Dar es Salaam,40,51.525753646493314,53765.00395478434,35.72199378086641,268024.7212604543,0,1.0558979593982265,high_freq_trader
CUS01640,Zanzibar,47,68.18071472276004,74161.22911221524,27.39362556864172,490739.454859291,1,0.5226688244130306,high_freq_trader
CUS01641,Dodoma,39,38.375059151436346,48007.323313892775,29.298353186749303,358079.58553705516,1,1.6649873507436805,urban_digital
CUS01642,Dodoma,30,9.222387870872442,16249.446971396292,2.1246185214662465,520968.42603483563,0,12.055173649540931,rural_saver
CUS01643,Mwanza,18,29.60717070800706,33156.48112647828,25.935991778518257,365025.97268519446,0,1.3571068513405944,urban_digital
CUS01644,Morogoro,40,25.91938824079956,34213.60290644485,22.94805058054608,600344.5600963709,0,2.3047089971575088,urban_digital
CUS01645,Mbeya,54,7.743617024482251,17271.39726927259,4.563426048848238,1113374.075568943,0,18.356206333115303,rural_saver
CUS01646,Morogoro,18,29.30281451115574,28043.922595094802,30.051752162464723,461224.7001870578,0,0.7170943982145337,urban_digital
CUS01647,Tanga,48,60.827832843798014,36945.31963721268,39.67022038242942,236207.21922925866,0,0.7873102842040673,high_freq_trader
CUS01648,Arusha,38,9.879397162056645,32180.38396955256,8.952351608317976,189647.06045063338,1,5.736748852814113,loan_active
CUS01649,Dar es Salaam,43,67.93577791935739,67553.40178267154,43.110389335049874,541230.8891168522,1,1.244503977484464,high_freq_trader
CUS01650,Morogoro,52,36.7671182648301,53712.56319948251,24.501579710793543,686014.6391020077,1,1.6120319276422541,urban_digital
CUS01651,Tanga,18,30.700943913705075,34006.65047610464,25.35678481331292,831869.5419988665,0,1.0723613868335988,urban_digital
CUS01652,Mwanza,55,30.37231650937828,34357.564417941205,27.111637529902502,790054.0776672482,1,3.7447404859785314,urban_digital
CUS01653,Arusha,49,36.274362059411985,62594.610888266005,23.795659303511137,342134.7137535245,1,2.0629529352160203,urban_digital
CUS01654,Arusha,47,12.248625844878891,44639.22442545639,0.22014669984013757,117164.52871992368,1,4.803177833215424,loan_active
CUS01655,Dodoma,19,3.8117141567393693,18299.84094460102,6.453333953273483,1603773.4748262772,0,8.161976074075111,rural_saver
CUS01656,Dodoma,18,38.97521378719138,53848.1032271153,23.890121842098804,276036.34115563636,0,2.6313202887739364,urban_digital
CUS01657,Zanzibar,29,64.2459962895108,41341.71102583865,45.06090045201463,64734.53276700599,0,1.1042779574524786,high_freq_trader
CUS01658,Tanga,55,7.980308678221346,16767.496442228923,6.649855217010037,924142.6840168702,0,8.858998269608364,rural_saver
CUS01659,Mwanza,33,24.983414979633736,52775.46179196763,19.597782084960244,186653.57646431017,0,2.370405423469423,urban_digital
CUS01660,Dodoma,39,19.02409017536658,48651.61289569946,25.331568170697228,422243.8737814853,1,1.7476120722940327,urban_digital
CUS01661,Dar es Salaam,51,0.05958150108296095,8547.70034008803,0.5661379216426701,14820.028721995557,0,76.26310736086388,dormant
CUS01662,Dodoma,18,44.70081413647323,118888.15727623773,52.95349961857908,266669.17122436705,0,1.5165472095097798,high_freq_trader
CUS01663,Mwanza,34,27.407232431862525,50644.84761833475,27.70041926791234,423874.1670496154,0,2.9769072641522993,urban_digital
CUS01664,Dar es Salaam,41,7.3563100301954325,47376.38009620376,9.143555910491019,237297.50217451042,1,2.2090866082669014,loan_active
CUS01665,Mbeya,49,14.56427569249506,23169.937976790072,0.4527867726259416,271861.2103602688,1,5.49607640380265,loan_active
CUS01666,Arusha,18,71.14402919232539,104921.17065298947,37.429301158823456,373465.03884586925,1,1.0415054641368786,high_freq_trader
CUS01667,Morogoro,45,18.35854833242532,56856.90257423273,19.906285317395607,1008667.3840857558,0,3.5875715067580414,urban_digital
CUS01668,Dar es Salaam,40,22.470498257978235,25087.900798377697,31.47647334594511,300086.35879758856,0,2.669614760229355,urban_digital
CUS01669,Dar es Salaam,27,17.326454677245497,32975.896114129195,15.702748939677257,261312.0688479627,1,5.311318603641882,loan_active
CUS01670,Morogoro,28,8.611908088808583,4887.198099305902,4.887785214022646,1121872.5324626765,1,13.895141949750586,rural_saver
CUS01671,Dar es Salaam,35,0.981611669831836,3657.2622852090035,0.5607580009691637,0.0,0,80.71408893462393,dormant
CUS01672,Mwanza,29,53.52365079761088,99740.62169722527,39.363438965057696,458204.344095832,0,1.2263471164371764,high_freq_trader
CUS01673,Mwanza,18,26.189178700145817,47978.59008265067,23.13320256446432,822290.5660865991,1,2.375966607825131,urban_digital
CUS01674,Tanga,33,71.31876326472452,75470.66015814141,31.65877134162629,546927.9013668858,0,1.4885478594458876,high_freq_trader
CUS01675,Tanga,32,13.601979959718683,42791.1018545667,14.530076168953173,144545.30016593233,1,9.145085729401604,loan_active
CUS01676,Tanga,45,43.271898661320336,46961.93147515058,26.497797056965386,237928.23111412578,0,1.3412998188399459,high_freq_trader
CUS01677,Mbeya,32,6.089785665245654,15067.607130634331,2.8449702519831055,1326776.538119344,0,11.205241162855527,rural_saver
CUS01678,Mwanza,58,18.908772987522504,34791.70598844151,10.034574822463593,128668.8302152231,1,7.7865128082639945,loan_active
CUS01679,Dodoma,35,6.544494163255072,15108.799203986635,3.709346080291124,1069274.0699055535,0,10.582969596156147,rural_saver
CUS01680,Tanga,40,63.902972391182274,98750.75815654387,43.21595904147131,314235.7119259938,1,2.0794911153484534,high_freq_trader
CUS01681,Mbeya,40,91.27183546031193,91246.28521414682,47.6713063396414,191092.61874379788,0,0.6478580316127652,high_freq_trader
CUS01682,Arusha,19,56.82687358123049,101300.19492792207,38.12163010502808,181612.0659118176,0,1.770790062070823,high_freq_trader
CUS01683,Dodoma,25,34.57229620744036,34301.82983607265,27.71679644029076,710633.0295191811,0,3.85318916616818,urban_digital
CUS01684,Arusha,41,31.664768655320973,60115.06334918863,20.78329149187564,450849.2838970011,0,2.3247330358220677,urban_digital
CUS01685,Zanzibar,25,19.54967954952564,60519.96990968936,26.568834140450615,982627.9744271208,0,1.695239548879008,urban_digital
CUS01686,Mwanza,56,6.4777821161557245,14848.747057610626,6.372278069754554,621414.3550935453,0,15.099107766859976,rural_saver
CUS01687,Morogoro,27,4.4337438098854545,16027.94894957614,1.447057896860692,1453970.7768904231,0,4.238233214951369,rural_saver
CUS01688,Dar es Salaam,54,1.1611618373380808,11819.379544315541,0.33661518846873195,80567.78633501886,0,72.69172550577701,dormant
CUS01689,Dodoma,32,5.506762253591574,11168.13689614147,4.940743428653981,1122082.292247465,0,14.013525254824131,rural_saver
CUS01690,Zanzibar,47,61.5305521150019,99364.37206409025,42.29888830429956,541990.7443933274,0,0.8480489325393246,high_freq_trader
CUS01691,Arusha,40,18.871177207593977,42188.07571162979,4.007799425943861,0.0,1,7.550529077241247,loan_active
CUS01692,Zanzibar,18,27.87053550030838,53331.75633336186,33.636549678329565,882706.2331692821,0,1.1132743671673566,urban_digital
CUS01693,Dodoma,25,67.60216168661904,117715.67993652915,49.5214243695321,401314.5706915164,0,0.7178612690449281,high_freq_trader
CUS01694,Mbeya,38,0.41828757541740047,4088.6949844142055,0.8267862195025761,10928.853408031973,0,71.05893446221553,dormant
CUS01695,Dar es Salaam,58,5.99523258048574,13216.048231802302,2.134433467939892,900738.5506762849,0,9.452528442533323,rural_saver
CUS01696,Morogoro,39,29.033063295355415,51394.406495688396,21.677676121597525,443112.8980650476,0,4.503926004852224,urban_digital
CUS01697,Dodoma,30,50.05921781891352,21118.199039956235,33.68134934454675,657106.4291030642,0,1.8204621005267259,high_freq_trader
CUS01698,Tanga,46,3.2158444812166938,23912.909965375547,11.588099044176674,169009.10887491607,1,4.979152406843542,loan_active
CUS01699,Mbeya,57,53.98383991198846,97695.4217540675,41.56262532026083,244724.63349566812,1,0.7863349566385194,high_freq_trader
CUS01700,Mbeya,36,20.562239316330892,45203.88731281978,6.85414517290074,34984.85816264883,1,7.192988431517241,loan_active
CUS01701,Mwanza,25,13.147300562082696,20360.553457649683,13.46960177751401,244890.80919727276,1,3.6418151430176104,loan_active
CUS01702,Mwanza,39,8.482123850017606,11790.677685532592,7.558120415712764,867284.472640287,0,10.180432004853586,rural_saver
CUS01703,Mwanza,29,0.3066841328179902,12504.849545390727,0.565743041872616,82643.18878252494,0,78.69039481388126,dormant
CUS01704,Mbeya,36,5.981871985144534,12871.516042148629,6.933193026365919,1200682.1171395804,0,6.294100172914916,rural_saver
CUS01705,Arusha,19,14.349162699016329,50496.52719718958,7.960204746487729,124485.84789363721,1,4.53848210324847,loan_active
CUS01706,Arusha,33,29.894412192555688,35851.86306385859,21.14639133844439,459112.90411966725,0,1.1610855359841854,urban_digital
CUS01707,Arusha,38,6.096016276416232,26768.940382311564,3.688877637801605,1081484.28667091,0,9.748573502542905,rural_saver
CUS01708,Mbeya,52,15.103490951312128,37025.58395711478,7.6539328426074515,110463.09523361409,1,5.033844506566153,loan_active
CUS01709,Mbeya,29,40.96514810799478,47044.20311909657,27.327345886255024,816211.5340100992,0,2.9282779452844236,urban_digital
CUS01710,Dar es Salaam,42,87.48869075780213,85293.51075003263,47.26545778537328,273238.06044598005,1,0.7438248914805474,high_freq_trader
CUS01711,Arusha,49,6.808619923328321,16145.037005223863,2.6659749646062743,124183.10686977685,0,8.044643558622862,rural_saver
CUS01712,Morogoro,48,16.758488839578327,47002.5678102012,13.207570080437895,0.0,1,6.2297912324959945,loan_active
CUS01713,Tanga,18,17.956037475684,41029.69037965607,8.911028817166999,76991.5046313767,1,4.134226082058949,loan_active
CUS01714,Arusha,23,4.819312530906709,7679.204502302839,1.1245183924843785,934943.6541678628,0,9.872826079299136,rural_saver
CUS01715,Zanzibar,39,56.19368409162347,69444.42396930636,39.49735406302951,71770.23388816416,0,0.7164844389621539,high_freq_trader
CUS01716,Mbeya,57,7.774443991262384,16639.354409655,5.598253579196165,280008.22114377865,0,14.412306667156336,rural_saver
CUS01717,Zanzibar,30,1.3521902399835086,9198.368537802548,0.22440641433455796,21246.83860799031,0,65.48382868929505,dormant
CUS01718,Dodoma,47,0.2033754038091426,4326.649009035815,0.42047297625661345,100899.19034426703,0,93.66513536460518,dormant
CUS01719,Arusha,26,64.15981040206658,88982.39122657894,39.175018194820765,270008.97930176044,0,1.0698350411382107,high_freq_trader
CUS01720,Arusha,18,23.33888734539789,48670.84777538002,26.143256078416375,537373.4711366432,0,3.250965117085132,urban_digital
CUS01721,Arusha,37,36.03749753988118,42492.290432003836,24.949935400135715,827644.6120105254,0,3.00286528504553,urban_digital
CUS01722,Mwanza,27,43.49231176436402,39344.20440038154,47.02527151219603,501304.5518616715,0,0.8651100176306351,high_freq_trader
CUS01723,Zanzibar,41,1.0374805919459826,8873.49253101457,0.23124650658129925,129725.60061531117,0,46.3115820198488,dormant
CUS01724,Arusha,22,3.90204342965561,14212.815640028792,4.297276768925347,1153378.7158905277,0,8.532207608812632,rural_saver
CUS01725,Tanga,47,31.79385881255012,48376.0124493829,26.17584335657525,586091.3994933838,0,3.1756003382308515,urban_digital
CUS01726,Mwanza,31,8.829601172368776,16862.971757479354,6.705328189310839,775175.2080838757,0,14.780403014727845,rural_saver
CUS01727,Arusha,25,9.768708819901446,32960.357930075275,7.260526234891861,287960.278599094,1,6.520081287039502,loan_active
CUS01728,Morogoro,23,21.730054236009927,35660.240714585336,21.20587380766833,566659.9212405612,0,1.0334831086469964,urban_digital
CUS01729,Dodoma,36,3.181904537810802,23441.524126617354,6.642511199673912,845295.3606731144,0,11.626276476408055,rural_saver
CUS01730,Dodoma,23,8.517602307647635,10180.328173337475,6.621095270706332,295292.3529096758,1,8.710827005453313,loan_active
CUS01731,Dodoma,48,29.66872731837628,50267.77434560431,27.00359759647029,94594.26343248045,0,0.6383156918714723,urban_digital
CUS01732,Dar es Salaam,39,57.625635555124,72038.05924597867,47.89844555263684,374309.1922551812,1,1.2291673168204058,high_freq_trader
CUS01733,Zanzibar,35,32.35817710572102,49119.80248898432,25.454609491609595,878572.0266422362,0,1.2021177214415695,urban_digital
CUS01734,Dar es Salaam,35,11.350662085353795,31039.67461756059,15.150967131560176,138082.322083382,1,1.3415779445720522,loan_active
CUS01735,Dar es Salaam,27,60.476274389475925,103900.93603366036,43.79510859804379,279176.0852211021,0,0.7794303741812187,high_freq_trader
CUS01736,Morogoro,43,13.57448098656872,41911.68535257887,11.61641099825501,215920.45709933486,1,4.231833592794413,loan_active
CUS01737,Arusha,35,28.673408091051744,52240.15901253563,20.621197926844843,178249.15680791572,0,2.7474569572421683,urban_digital
CUS01738,Dodoma,50,5.726331054644254,10760.799646111362,0.08834834816692849,1327453.686244437,0,8.281848072411236,rural_saver
CUS01739,Morogoro,25,70.57620974855261,65819.01339472615,49.31634372034828,278239.43716180994,1,0.8531938066012248,high_freq_trader
CUS01740,Mbeya,24,20.07473738350726,54313.57158610307,22.89647570484266,723441.9067290542,1,2.5485411113532397,urban_digital
CUS01741,Zanzibar,44,31.416188532411088,29702.031670368386,25.865325419061158,321859.08399628504,1,3.609990393936057,urban_digital
CUS01742,Mbeya,54,16.895554315355593,55180.45685179422,33.111191133647914,1159403.2020323477,0,0.6355800761146451,urban_digital
CUS01743,Zanzibar,23,14.064559101248483,45431.08922882558,6.641588004489249,179788.26025014807,1,0.020840969659745134,loan_active
CUS01744,Dar es Salaam,43,59.92655223261773,80916.0817355891,29.59506004579403,225051.57028725662,0,0.9568862064448906,high_freq_trader
CUS01745,Zanzibar,30,0.32841864963337675,13436.711532207657,0.0032186801695762157,107840.07659178556,0,97.26077260988525,dormant
CUS01746,Morogoro,32,56.528175549227036,95168.3897902934,44.789367438975816,464182.2412850185,0,1.2187213110306234,high_freq_trader
CUS01747,Dodoma,18,8.907825007574916,7911.954838907508,0.8015244279366751,966238.5298643927,0,11.301581804341287,rural_saver
CUS01748,Tanga,42,2.633743173907452,15488.732164647097,1.6415151614084653,941005.8881716968,0,8.040969957369157,rural_saver
CUS01749,Mbeya,27,8.423181757588353,19602.90879135811,3.6998528761002647,841665.8245981956,1,12.724409010000976,rural_saver
CUS01750,Mbeya,29,1.362516471017284,5016.522785310428,0.3643425216891085,43127.57563862154,0,65.98413371226947,dormant
CUS01751,Dodoma,42,26.17167291404544,37030.39681852932,24.205203078444615,579738.7265314612,0,1.5756301356523437,urban_digital
CUS01752,Dar es Salaam,18,20.13493424710977,35240.0061296548,10.235979162612837,121120.39425877787,1,3.995116596084234,loan_active
CUS01753,Arusha,23,51.57063991072156,112601.32168351284,36.60466445842258,248097.19744589372,0,1.622353832916367,high_freq_trader
CUS01754,Mwanza,55,6.554106676779987,14657.66933214918,4.135853650189538,973305.1221349351,0,13.172087546603677,rural_saver
CUS01755,Morogoro,31,0.522239969483423,1186.1324695989215,0.49149310744311947,61762.904157793455,0,75.65090063523849,dormant
CUS01756,Arusha,43,15.312285601241285,21637.871252811896,32.2375961024874,482899.4793801226,1,0.39696672675953826,urban_digital
CUS01757,Tanga,20,14.487494821506836,40376.67171989379,9.945469736280769,133386.2428794713,1,3.639912343650219,loan_active
CUS01758,Mbeya,32,22.013506448662493,50673.09106129881,5.845188181023264,61673.67183944414,1,4.304453715155815,loan_active
CUS01759,Dodoma,54,17.497600326238608,34507.51052388635,9.541475434203067,343046.2989415895,1,3.949593496809386,loan_active
CUS01760,Tanga,44,8.893726135361728,17520.467532923245,0.14773632710094908,909317.2471088886,1,10.080362765761894,rural_saver
CUS01761,Dar es Salaam,35,33.90991016266639,59040.2916248033,22.08910641807733,388114.97959064535,0,3.7560743221487414,urban_digital
CUS01762,Mwanza,39,30.7137825166726,42180.918649416024,21.482648970521186,731655.1877208997,0,2.40352291152933,urban_digital
CUS01763,Mbeya,37,31.34713191632644,34763.9312068789,19.42985321826584,591475.6786785488,1,1.4776771732803713,urban_digital
CUS01764,Dodoma,32,33.44930458500424,59250.14248984183,31.06130936323578,337039.667388563,0,1.7103546065583537,urban_digital
CUS01765,Morogoro,47,24.684164018904703,41346.981117631534,26.416569112162517,334075.51064159354,1,2.020993543384299,urban_digital
CUS01766,Morogoro,18,12.099975525177463,40743.495925247684,10.400364291314302,218544.67151106347,1,4.602706164352496,loan_active
CUS01767,Mbeya,37,33.69624298118814,46424.63706639658,18.90836650813528,990413.174009422,0,0.0,urban_digital
CUS01768,Dar es Salaam,30,32.23397532838442,50300.45769981378,31.577648041392166,861526.5415029229,0,4.277103612411636,urban_digital
CUS01769,Dodoma,32,53.37182886205978,121083.5375743402,33.65636618775646,238539.2580812284,1,1.1778266966380753,high_freq_trader
CUS01770,Mbeya,42,0.0,12648.318951963054,0.17868040536446544,110598.05806398476,0,81.07980014519678,dormant
CUS01771,Mbeya,44,75.78067525747952,104258.4749066108,41.88135067193445,463985.11377847753,0,0.8651015306975623,high_freq_trader
CUS01772,Tanga,25,0.49737753874492563,10024.236081972138,0.31264756727296017,0.0,0,70.99626564523646,dormant
CUS01773,Dar es Salaam,40,19.604732215357714,36836.09164390345,9.234037876583164,222465.23082266943,1,6.362063087128523,loan_active
CUS01774,Dar es Salaam,45,1.007950101390207,8812.393278354322,0.0,38656.37380603042,0,38.91195154440268,dormant
CUS01775,Arusha,30,7.883404484266084,17445.473496149018,5.935850258778597,427018.9985197617,0,4.34033604476714,rural_saver
CUS01776,Tanga,39,79.39502083119308,117330.92955886734,45.298283251795375,272756.9657099035,1,1.0935138418922146,high_freq_trader
CUS01777,Zanzibar,44,2.828618421630876,15523.054485579176,0.17334361586730385,1141255.1499318022,0,5.107514400588268,rural_saver
CUS01778,Morogoro,50,7.118755674367973,16161.994812071054,8.383415894302102,1090499.9508767868,0,12.076815469939767,rural_saver
CUS01779,Arusha,32,6.561954413660857,16899.616434002244,1.115263179609412,918405.4858508856,0,5.903146179157796,rural_saver
CUS01780,Dar es Salaam,30,30.61451466150447,44947.80480787184,16.93950154207983,545356.6333606114,0,2.1935135230311826,urban_digital
CUS01781,Dodoma,52,54.592038678919785,91680.5646996125,47.7038140398925,341796.07840622787,0,1.5665954894209453,high_freq_trader
CUS01782,Arusha,42,36.211765910818336,63755.394200888666,18.23428594764383,729485.2555820937,0,3.399027321856619,urban_digital
CUS01783,Dar es Salaam,62,28.451218389702515,67164.72279609134,17.06354187802775,446142.0837154269,0,2.1446162870330823,urban_digital
CUS01784,Dodoma,33,27.733950288800248,46212.39987029105,26.751193853116025,576741.9029985418,1,2.392211669327814,urban_digital
CUS01785,Mbeya,27,68.90319511788296,113214.4029140774,50.3880132495542,350315.4100174191,0,1.3750924326073124,high_freq_trader
CUS01786,Mwanza,27,4.728441896021676,14376.010711728008,1.4499646008917928,1022070.2315099727,0,7.159825420646583,rural_saver
CUS01787,Mwanza,38,0.0,16222.244175038666,0.0,11620.42045736465,0,79.29430794110625,dormant
CUS01788,Dodoma,44,18.336160705949702,55012.28053509907,6.891480739221478,103725.05296208797,1,8.217610994613715,loan_active
CUS01789,Tanga,54,24.460787826956086,58510.65864494702,28.015914100905178,637907.4536238732,0,2.106695554388445,urban_digital
CUS01790,Morogoro,35,46.87238696875583,70005.02329841325,34.977580519434674,238376.82659853826,1,1.479285514100953,high_freq_trader
CUS01791,Tanga,39,6.553986950160691,18119.954801815897,0.6365881075408106,1221475.2575263802,0,8.225958515290047,rural_saver
CUS01792,Dar es Salaam,43,27.547565031976497,50843.16529312007,24.70913959228203,542133.5425876757,0,2.708065532010135,urban_digital
CUS01793,Mbeya,31,0.14733525364625216,16699.08696726674,0.0,53395.05974880204,0,69.27147442764519,dormant
CUS01794,Mbeya,30,12.728716218426204,27282.899990014987,14.753368819232477,53623.776433369276,1,6.96712779736764,loan_active
CUS01795,Mwanza,37,31.195643702763117,43105.21178764111,18.49496830745324,381913.26906581875,1,2.6035703236850227,urban_digital
CUS01796,Arusha,46,0.30424173032974666,7238.273865475914,0.20233405285079206,0.0,0,76.22506500512559,dormant
CUS01797,Morogoro,37,31.134729167257007,45811.30558533847,32.84574586009601,399087.571034004,0,2.13301899568367,urban_digital
CUS01798,Arusha,29,0.0,10410.791999502411,0.3744950518666796,0.0,0,72.66581462230157,dormant
CUS01799,Zanzibar,38,0.0,9664.754714694289,0.8285329141710678,57950.707225108476,0,31.81231796472707,dormant
CUS01800,Arusha,18,0.40268060390048244,3595.9498609835873,0.40608714941730817,76392.94184382068,0,61.63013036213725,dormant
CUS01801,Dodoma,40,0.16715745320733894,7377.986122960761,0.14519833090875625,29501.537220128543,0,86.3579905425631,dormant
CUS01802,Mbeya,28,29.197560416561153,54797.853412129276,20.718463236023407,381088.1529882864,1,1.4086972283182293,urban_digital
CUS01803,Dodoma,22,1.0524252775911127,11203.41372247145,0.45755515708682404,53948.541297109376,0,103.97797052284062,dormant
CUS01804,Mwanza,24,0.017586439018566713,12497.18109475413,0.3082814690516126,29864.650788674644,0,86.03849253512941,dormant
CUS01805,Zanzibar,31,0.06732409356645486,9286.197444104066,0.3617446489891987,95502.40299967852,0,69.19821506796994,dormant
CUS01806,Mbeya,28,36.6378011831615,56827.76151933109,24.724491518813696,287797.4554837379,0,0.9459052026122636,urban_digital
CUS01807,Dodoma,18,9.2058097856846,7142.8139311299565,1.6773205661745743,973388.6354639556,0,0.0,rural_saver
CUS01808,Dar es Salaam,53,5.472792613718772,21780.21815742484,7.775521770433939,775650.7529510922,0,6.652536970861428,rural_saver
CUS01809,Morogoro,18,35.536124424280295,44651.992648135005,19.807341474323877,601639.4008619641,0,1.5994829016533816,urban_digital
CUS01810,Arusha,43,25.83994448009519,41651.69095813993,14.893509193652513,646407.4663996638,0,3.8598926148183104,urban_digital
CUS01811,Arusha,28,7.933672302351754,17598.10465467655,1.986396734311751,580521.9957772465,0,10.360710639385168,rural_saver
CUS01812,Mbeya,52,75.49964416239906,79981.2104376985,24.850394047047708,266391.5228242744,0,1.170980576030523,high_freq_trader
CUS01813,Mwanza,49,21.311256569787254,39915.499819791905,31.725270190052015,206530.0226071432,0,3.228921115237034,urban_digital
CUS01814,Zanzibar,29,67.92139647415624,107135.98254404234,31.671815015558916,505976.56258937775,1,0.4297934903133125,high_freq_trader
CUS01815,Mbeya,25,6.413393398079518,17153.835396401133,7.556219478751098,1030117.3756699228,0,12.70595183274454,rural_saver
CUS01816,Mwanza,21,70.95786629251249,91615.69798923138,43.204350529255585,32901.90343279793,0,0.2492878837932837,high_freq_trader
CUS01817,Mbeya,39,7.464619603977863,11790.461005446474,3.5199398015615193,886583.9234792221,1,12.338022123165699,rural_saver
CUS01818,Mwanza,24,8.593396864222392,11834.01568119209,6.136685953902867,1170390.7785476195,0,9.37993318835397,rural_saver
CUS01819,Mbeya,40,0.09640881751673097,4331.947395766032,0.41005432854782276,43149.910601897835,0,83.62800395360038,dormant
CUS01820,Mbeya,18,9.701219728558335,24102.314678907707,9.08535846730675,87990.3421108975,1,3.2391757209474283,loan_active
CUS01821,Morogoro,22,10.04612885455602,16444.381916795443,5.972476566035852,1160499.8451990695,0,16.647327196572743,rural_saver
CUS01822,Morogoro,60,5.687243244443183,10735.765437496262,0.6078409379352347,701627.6644325329,0,9.306133210329142,rural_saver
CUS01823,Arusha,38,1.997565181848041,15621.972076393224,1.007439559600142,59755.02623167173,0,79.56656467373347,dormant
CUS01824,Mwanza,27,60.00074645532437,93741.57837918858,46.01746052122734,230127.32170551922,0,1.1818093987862632,high_freq_trader
CUS01825,Dar es Salaam,33,27.14348061811497,40534.2813655935,29.550212462583463,566651.6920953313,1,2.2060162489421535,urban_digital
CUS01826,Mwanza,28,6.316440972573588,8541.850679896332,4.6761543789413915,1154756.7888944882,0,4.5913036584885285,rural_saver
CUS01827,Arusha,46,8.769324715985757,16104.87696790123,2.4506095205035954,464118.159920886,0,6.993795485947689,rural_saver
CUS01828,Arusha,39,20.062721246935222,24500.981278090636,13.012664246326398,202060.55189403423,1,2.6406383704741363,loan_active
CUS01829,Arusha,28,6.3264708374347185,6447.294615957218,4.262364909033237,1090879.4674295029,0,7.324835199411407,rural_saver
CUS01830,Dar es Salaam,33,5.58226646825478,16456.079606584448,4.19403553524571,1081292.3963901273,0,11.587414757186195,rural_saver
CUS01831,Dodoma,47,23.54006813628103,21017.571912339914,8.882130126242517,48028.33821515001,1,5.306135949103545,loan_active
CUS01832,Arusha,34,6.339310237688539,14416.420733321685,6.656804658104104,999150.7304316433,0,12.86102954738054,rural_saver
CUS01833,Dar es Salaam,21,21.531553186711886,35048.19727011766,31.372930536626466,525038.8909354815,0,0.5923115797291445,urban_digital
CUS01834,Mbeya,42,32.57410396571182,40903.5417628979,25.53663668300525,577538.63472605,0,1.6957639312679236,urban_digital
CUS01835,Mwanza,18,37.68653290583486,42569.84957588619,22.031808521820622,495507.6887081736,0,2.690324897113818,urban_digital
CUS01836,Zanzibar,44,16.341275783221707,35039.305446022976,25.15072722027187,593305.9721562619,0,1.8245565578167202,urban_digital
CUS01837,Tanga,18,6.1551532142313725,20726.697152670524,0.7021875513695583,874477.5862004329,0,12.408145999810039,rural_saver
CUS01838,Arusha,32,56.87511711750622,100011.51990877686,43.81729701117869,477919.4762181302,1,0.9695769753139795,high_freq_trader
CUS01839,Mbeya,49,61.76128743315424,109870.05875368406,39.63759365449566,354298.45192977565,1,1.3560824303695265,high_freq_trader
CUS01840,Dar es Salaam,18,41.97068978771746,53435.13328028332,21.693537242976227,702364.6095639601,1,2.6135106935103813,urban_digital
CUS01841,Arusha,35,1.2569189956648672,15401.667472232451,0.4704211989810644,67764.052436694,0,70.16710385481002,dormant
CUS01842,Morogoro,44,32.18771295488891,52602.62871324389,27.603548650016936,725333.7143206567,0,2.7866486699856474,urban_digital
CUS01843,Zanzibar,27,24.292933082081134,34733.73248044598,15.99791979192991,76616.37600707271,1,4.9404747607791295,loan_active
CUS01844,Tanga,43,36.275327514542795,64685.71865290622,23.50401939956219,834212.3045323702,0,1.9670811420383305,urban_digital
CUS01845,Mwanza,41,0.07873100923985782,8440.390380858244,0.9428361318605814,34999.5943924911,0,92.07652481413028,dormant
CUS01846,Dodoma,22,5.672468182594096,16108.27546454696,7.505239849078858,1066079.1439737903,0,16.403449185007027,rural_saver
CUS01847,Morogoro,21,1.3841736957951396,8546.087130473723,0.5680802550447042,27130.12443141919,0,82.7705261049233,dormant
CUS01848,Mwanza,39,6.127479679456185,11760.384074108602,2.2446913301748967,809063.1991902229,0,5.360390248889868,rural_saver
CUS01849,Dar es Salaam,33,47.10975663644871,103696.83923662666,32.97429542278492,408294.5805620128,0,0.8374384248038365,high_freq_trader
CUS01850,Morogoro,44,43.357170739994245,35894.38176573179,25.132793331331893,756273.7418984742,1,0.4057421625940678,urban_digital
CUS01851,Mbeya,18,13.289982741358585,32688.940686389753,13.64307860516832,85492.55364041125,1,4.822489377707767,loan_active
CUS01852,Zanzibar,52,6.641438121451591,16147.53537284205,5.591072596334435,556423.1604985842,0,4.886118558167253,rural_saver
CUS01853,Dodoma,18,56.15096692831221,55852.00439387742,34.56096588020147,58357.2249874183,0,1.3354934737477,high_freq_trader
CUS01854,Morogoro,30,63.74794308425853,90643.56689706433,35.74777400725333,334102.4970086665,1,1.4204222004135232,high_freq_trader
CUS01855,Tanga,18,12.473244973014465,41894.73564407766,12.177775654035598,0.0,1,5.508485872556358,loan_active
CUS01856,Arusha,34,25.95206972686502,43701.9117390396,22.239708852340815,700163.8444197833,0,1.2265342071807095,urban_digital
CUS01857,Arusha,59,18.737607516603063,39276.26429774785,30.740389166936787,298739.8869578569,0,1.4076991870698834,urban_digital
CUS01858,Mwanza,38,24.77283275998208,39242.26937569805,18.846175360991346,601864.3607134502,0,1.1141801523804058,urban_digital
CUS01859,Mbeya,35,33.11139561259109,41062.37366592097,25.215921654456668,557380.7010251837,1,2.1162641373710622,urban_digital
CUS01860,Tanga,37,0.2708790004895429,5936.145478111344,0.3713166224471481,74587.62378118144,0,61.30883804179824,dormant
CUS01861,Dar es Salaam,24,16.791817581878053,17925.035981392815,6.301069201156047,40732.438390247946,1,5.065768853303491,loan_active
CUS01862,Mbeya,36,12.518794407866261,23057.19476089154,8.38705385132879,60071.711902498486,1,6.515816884065901,loan_active
CUS01863,Morogoro,38,5.396116140638863,4811.5661684863735,3.0835867490103084,671563.0368937878,0,12.478828675217487,rural_saver
CUS01864,Zanzibar,57,1.131519154563294,5726.74306245964,0.11706723560380691,81136.34686707731,0,78.32432789076269,dormant
CUS01865,Morogoro,35,17.888652736913414,33094.55826065916,7.2562207454108,256121.01372670953,1,5.413994041779338,loan_active
CUS01866,Dodoma,26,18.381382137275452,43800.878568539745,12.199479937963588,220718.0460505555,1,5.902748717805364,loan_active
CUS01867,Morogoro,33,38.86212328970535,30195.880092111565,25.54688807248737,332646.58836427843,0,1.4966053035808904,urban_digital
CUS01868,Arusha,24,4.85741272426383,15678.779356719919,4.683515362715291,613099.8891016224,0,15.574696889825129,rural_saver
CUS01869,Zanzibar,27,70.32905577498401,91938.8703311605,41.20923943859651,453345.35230384907,1,0.7403323849512022,high_freq_trader
CUS01870,Mwanza,31,5.303593905328874,21697.610424738392,0.597839808950976,541734.3567269781,0,15.606775802743872,rural_saver
CUS01871,Tanga,31,2.7707316441581273,13688.069819170407,5.733043441683933,975887.114481889,0,3.7404578981930365,rural_saver
CUS01872,Dodoma,33,15.73457381962941,25081.751429666954,12.619564631911524,220805.48373160558,1,3.942702582691809,loan_active
CUS01873,Arusha,23,20.735689907894066,55341.506600580804,5.625338072267013,211558.75228373328,1,7.609929132325455,loan_active
CUS01874,Zanzibar,18,12.124396658906699,29136.229017707963,9.468875045855512,121490.75950235028,1,4.603430823889836,loan_active
CUS01875,Mwanza,34,48.31327894030349,106748.20190524666,44.422209188966995,141218.6708949914,0,1.6634334784098879,high_freq_trader
CUS01876,Mwanza,18,21.952233867616684,55499.451075770965,32.61522715485437,422771.93931208714,0,3.0901556348870205,urban_digital
CUS01877,Mwanza,39,6.886835437571596,10105.956818385504,1.4585548020119727,381675.6027042615,0,6.661154723930295,rural_saver
CUS01878,Tanga,33,7.1579088611588055,15809.094949076,4.593141559947943,1014314.426219849,0,6.959361942735905,rural_saver
CUS01879,Mbeya,18,0.4369179759754917,9717.2789297063,0.6304950201495478,60317.16081708472,0,58.78232561765678,dormant
CUS01880,Dar es Salaam,57,4.462125588241353,8277.548192367372,2.539255595278402,972683.0966595634,0,17.43271046775284,rural_saver
CUS01881,Mbeya,34,0.8575697019949633,12342.826973220139,0.1923293185137125,17764.721500121246,0,66.02080218398241,dormant
CUS01882,Dar es Salaam,23,4.743682231989958,9994.287877645744,4.833675384841519,598380.8501408243,0,5.511655544409617,rural_saver
CUS01883,Mbeya,42,57.26292116017788,105011.10763198025,44.59554437490681,200876.11363660335,0,0.7121882674253963,high_freq_trader
CUS01884,Arusha,47,7.778392458089137,16764.449605166767,6.402872101990841,1418760.6358858119,0,15.94625301594596,rural_saver
CUS01885,Zanzibar,59,7.417144937345524,5114.7079037368785,2.0675457301464197,533613.6251068925,0,13.517259933582624,rural_saver
CUS01886,Zanzibar,45,26.453964971805682,55249.87998439655,31.42312658845372,641666.3400365519,0,1.7543120722579078,urban_digital
CUS01887,Zanzibar,42,30.770829436235083,50129.556909802406,23.743985493960224,281409.0949854447,0,0.7153748803851521,urban_digital
CUS01888,Tanga,44,18.77868324996477,23595.678955092735,7.568796837579382,319717.9641111796,1,4.841035524261237,loan_active
CUS01889,Mbeya,43,4.454649588853638,5397.379887729521,5.039539096092934,625014.6552650614,0,6.749239847590543,rural_saver
CUS01890,Tanga,26,29.100989947635615,13929.496932492231,25.91006270352294,542053.734313922,0,2.3952078490158515,urban_digital
CUS01891,Tanga,25,50.51918699018444,89358.76672348587,37.115070985649204,500701.3578315122,0,0.3875891250081358,high_freq_trader
CUS01892,Zanzibar,24,0.9825255423070023,7330.970622948293,0.2337864696150716,81805.62707653388,0,56.704736222689164,dormant
CUS01893,Tanga,40,29.452534531278047,42005.861755942926,16.197851899577834,803211.9062703102,0,2.389014694713492,urban_digital
CUS01894,Dar es Salaam,34,3.4029515083002098,16514.394582147455,5.814907566404012,1242093.0691111963,0,12.052518634368099,rural_saver
CUS01895,Mbeya,45,22.26055390338132,60386.0145833563,29.651897461885248,409894.2378559613,0,2.248509443507107,urban_digital
CUS01896,Morogoro,49,0.0,500.0,0.31144455325224646,0.0,0,78.17144819624129,dormant
CUS01897,Dar es Salaam,27,24.264590492464045,46934.17975362187,27.25754919830162,364855.9983171285,0,2.27434232522765,urban_digital
CUS01898,Dar es Salaam,37,28.84828343335358,43327.98617784313,27.900369751239325,527907.9819706135,0,1.3790683818466873,urban_digital
CUS01899,Dodoma,18,22.619393997888583,54606.96349738588,26.96116266088562,446977.1087312226,0,1.2303000996659834,urban_digital
CUS01900,Morogoro,30,0.2013874162764816,7798.732682909158,0.45642261747406004,54484.397914110166,0,93.15349230056458,dormant
CUS01901,Dodoma,42,37.86620021059795,21827.039364590102,21.740228470370027,385701.2104474703,0,1.5655525125638834,urban_digital
CUS01902,Dar es Salaam,22,63.06624791291406,57359.56070224299,35.2947034145673,299982.44263114705,1,2.2164781423399633,high_freq_trader
CUS01903,Dar es Salaam,29,27.43692846760482,47171.714340405706,21.403045648282394,694051.5611869087,0,2.5531496213279996,urban_digital
CUS01904,Dar es Salaam,18,0.4451473841522376,13862.891756106,0.0,58181.578358114915,0,90.87843158012895,dormant
CUS01905,Dar es Salaam,36,8.700793254602655,13943.22974796822,2.944918299843943,806855.1353421242,1,5.239281309000895,rural_saver
CUS01906,Morogoro,61,4.805533984171999,18354.441360749148,5.035190987230361,1387700.823529143,0,6.787000995820734,rural_saver
CUS01907,Dodoma,33,31.972647979096802,36690.960945842504,32.465775446335684,871232.4767772064,0,1.246525124916028,urban_digital
CUS01908,Dodoma,34,47.15897884797646,87585.51342722865,45.69569557151831,94010.871251656,0,1.5842489877163526,high_freq_trader
CUS01909,Zanzibar,48,11.65949120211872,43308.41872099351,5.292319551807858,169423.34488760983,1,5.051031466106631,loan_active
CUS01910,Dodoma,41,24.50350743358666,39027.17025728259,17.790675646842885,687456.8549200818,0,1.1379260227301486,urban_digital
CUS01911,Mbeya,34,21.38223700166162,32830.0084202438,28.481807127586915,566775.8848341055,0,1.6406441846908344,urban_digital
CUS01912,Dodoma,44,15.781496359681084,48872.86267146823,15.22349130484108,242258.96305538685,1,3.742362260129216,loan_active
CUS01913,Dodoma,37,8.753519404601633,20814.093660593684,4.02609851466684,1118342.5634622448,0,10.595771165517618,rural_saver
CUS01914,Mwanza,44,28.58917202081683,35542.84160065318,20.569737812220236,459701.9276980723,1,2.14285992734841,urban_digital
CUS01915,Dar es Salaam,51,35.56430369787467,60891.53237815835,31.092327291548756,448583.7945421984,0,2.9307435780654325,urban_digital
CUS01916,Morogoro,52,1.277996223605213,9939.984838769502,0.0,60968.283903007774,0,86.1088173581882,dormant
CUS01917,Dodoma,18,70.91560084062402,75318.02754260362,31.767061483578736,380094.172772446,0,1.7375685534211853,high_freq_trader
CUS01918,Dar es Salaam,28,0.7834433061973336,9278.139898969956,0.23796999974065114,22246.511770857756,0,33.76447395113875,dormant
CUS01919,Zanzibar,18,20.55868329424228,27171.44361719874,11.811082454255168,46620.81572465638,1,5.960496388167176,loan_active
CUS01920,Tanga,27,10.19059235586139,14294.66236601074,0.0,684675.1573320371,0,7.376727472534795,rural_saver
CUS01921,Mwanza,21,4.367175845863575,9206.585240005781,5.643578847866174,1260340.6845708739,0,9.929453399870898,rural_saver
CUS01922,Morogoro,32,6.14204139667285,16149.818810769098,3.561202780572352,1018822.4933308344,0,5.783442443637681,rural_saver
CUS01923,Zanzibar,26,9.35114320383397,17102.10294709613,7.941866260743666,1252580.7507919339,0,7.107572533521505,rural_saver
CUS01924,Mbeya,46,31.198205709895127,46717.51300549101,21.05486882004457,766611.9895220083,1,2.8390098153007264,urban_digital
CUS01925,Morogoro,31,31.00597341608368,59370.83597354284,28.887152503581692,583009.3198584174,0,3.783030992590942,urban_digital
CUS01926,Tanga,48,7.496867397675688,13093.065039051291,0.2762338397247017,531798.270658214,0,12.804526798420417,rural_saver
CUS01927,Mwanza,35,64.69512186280954,70619.13234164788,44.75441745179011,325441.19413949444,1,1.2362596507334307,high_freq_trader
CUS01928,Dodoma,55,24.369996694675912,42865.610717244235,31.067835677710704,876177.5632139294,0,2.057267157887286,urban_digital
CUS01929,Arusha,29,8.072683774735934,18759.757853521634,0.0,912276.7951967388,0,12.731261753202395,rural_saver
CUS01930,Dar es Salaam,44,0.3841448917732405,10477.651755818813,0.06792648987339636,32778.71949772039,0,78.86653279521923,dormant
CUS01931,Morogoro,60,1.0377020344662489,8253.267224861163,0.7485234071348925,0.0,0,115.44478436802694,dormant
CUS01932,Mwanza,40,65.47939619444269,110806.56593588782,39.696001087957775,268564.7455389995,1,0.9754939918677883,high_freq_trader
CUS01933,Morogoro,28,83.83923686029486,92506.8636450638,28.089371509239754,546646.5931835125,0,1.2169725542726626,high_freq_trader
CUS01934,Tanga,20,63.26091769621083,100429.37705658062,28.43649344855558,188029.16454395698,0,1.3108565316612801,high_freq_trader
CUS01935,Mwanza,53,33.97395971828719,56169.344931895954,20.704646050442484,203484.19282643462,0,1.4047424130912076,urban_digital
CUS01936,Mbeya,39,5.763394849967558,9965.86012004848,4.295697109903881,511395.6987403253,0,6.089343762912943,rural_saver
CUS01937,Arusha,49,1.37511684140111,16791.150240943585,0.0,32101.810198540425,0,85.31064570074717,dormant
CUS01938,Dar es Salaam,47,15.015497862473662,46048.04182687559,21.564285117180525,215195.7601939378,0,1.4322255403590534,urban_digital
CUS01939,Mwanza,47,30.126088690492388,56370.47324601183,24.133621679236313,459010.8106126003,0,2.695517347469211,urban_digital
CUS01940,Dar es Salaam,44,27.11275189333692,33850.61685140354,25.67829079743618,695596.1927684441,0,1.3212371270403953,urban_digital
CUS01941,Tanga,45,5.185132857981782,12751.579086604479,6.5082797402804875,488698.31811564823,0,7.5494583475686925,rural_saver
CUS01942,Mwanza,35,5.78240067614925,16356.81142436068,3.4744270004764752,1156972.995609892,0,7.708214112619595,rural_saver
CUS01943,Dodoma,36,23.945826633882756,27116.560921057215,33.3278901551799,489614.92470894963,0,2.398854351412882,urban_digital
CUS01944,Zanzibar,31,62.03812574793597,145398.77348191736,22.462251444633107,332151.22792612575,0,0.8934533074584685,high_freq_trader
CUS01945,Mwanza,28,15.940653335941528,34764.22537844946,4.745767287261404,180509.28302487032,1,6.432108903399161,loan_active
CUS01946,Tanga,44,39.207376469344425,61026.86094796912,28.219761495855856,766364.1488056028,0,3.1413721047344207,urban_digital
CUS01947,Dar es Salaam,28,12.148583290938173,34603.185617134,12.294680131904359,217019.59232369153,1,4.845045570912898,loan_active
CUS01948,Arusha,34,37.505241924267,32132.16342577251,19.29334122183541,334574.43809971726,0,3.247344877119003,urban_digital
CUS01949,Tanga,39,17.4815719777839,34894.95422376084,5.23209269618818,327448.5606139547,1,7.7494799301399535,loan_active
CUS01950,Tanga,18,10.720550388038651,32750.656228302207,7.2302977943201245,157806.57927427752,1,5.6198463491986965,loan_active
CUS01951,Tanga,31,40.792353914295305,47850.32096197621,26.282960000972135,515518.12278500287,1,1.9166994691021633,urban_digital
CUS01952,Tanga,40,68.51441256863492,112651.93933440425,46.12023583767497,448240.8503875723,0,1.194925869767778,high_freq_trader
CUS01953,Zanzibar,42,5.499823000110414,33454.79717312291,6.529153972384866,168514.66645634884,1,3.417979681372726,loan_active
CUS01954,Tanga,47,19.905140490697974,47035.70046020159,16.477046246097068,15918.073274328577,1,2.601999930106363,loan_active
CUS01955,Morogoro,33,16.12223985523506,35320.37510311895,9.772559411620323,0.0,1,3.4553417907530157,loan_active
CUS01956,Mbeya,42,0.14207006226980667,5659.45603780234,1.0676194265941854,42450.40875300798,0,80.56240016533462,dormant
CUS01957,Zanzibar,32,25.136303404779387,59963.77497646419,26.217810968033678,342567.1252550667,0,1.8278516793282094,urban_digital
CUS01958,Arusha,40,66.111561626677,105868.12972948051,44.133224662511886,350837.3037116345,0,0.0,high_freq_trader
CUS01959,Dodoma,38,0.0076193616643795425,9122.329113586566,0.494381544324067,85137.41195675184,0,85.20602886347774,dormant
CUS01960,Morogoro,44,0.9733861587503714,6773.839919223535,0.42360096587851576,31366.604173885316,0,97.20593415242607,dormant
CUS01961,Morogoro,22,6.035417923696015,19826.936653631466,2.4389112592174045,926995.0736448888,0,11.735534240201822,rural_saver
CUS01962,Morogoro,40,0.8181075440421768,616.4234877105728,0.09964738286479088,3118.09978582403,0,91.56438799371253,dormant
CUS01963,Tanga,59,36.83913637749136,41208.69997005837,27.047928407063303,613204.469435295,0,3.306625832078896,urban_digital
CUS01964,Arusha,53,54.82240004563903,110842.98978799708,42.552935301174486,349666.86336756626,1,0.833461004269421,high_freq_trader
CUS01965,Mbeya,26,23.831604473965605,42101.3142605927,22.89853549990956,443239.3213493244,0,1.9556875645779153,urban_digital
CUS01966,Mbeya,24,61.79162419981626,89173.83267604088,47.42270857030482,98942.5818477401,1,1.3626488054187025,high_freq_trader
CUS01967,Zanzibar,50,52.91650870789667,87475.53208276542,39.22256851146366,268506.23458465,1,1.3865794636267659,high_freq_trader
CUS01968,Dodoma,24,2.179142627226538,7232.296912882369,6.005713949549975,1370938.9021877218,1,13.261746005115334,rural_saver
CUS01969,Tanga,55,9.159335653786421,14110.02859559997,4.62927418114624,684230.0056358734,0,13.337808470461868,rural_saver
CUS01970,Mbeya,18,8.88121473822045,14954.249778913823,10.216757230363793,1305237.79454211,0,6.011382409385553,rural_saver
CUS01971,Tanga,31,10.331672565377271,48773.02655890228,11.948355653350093,100930.14533052334,1,4.728261978206585,loan_active
CUS01972,Mwanza,23,69.60060804628395,68030.05593910425,42.797491088929945,345012.866392005,1,1.7940030146051744,high_freq_trader
CUS01973,Dar es Salaam,19,7.705759959040386,15272.477885773213,4.816856625318109,544596.059942538,0,18.68971345809822,rural_saver
CUS01974,Morogoro,43,30.12525283593717,35576.28365579985,37.448030297987316,847926.4956300501,0,0.7721325241305794,urban_digital
CUS01975,Mwanza,46,19.825046813695053,29026.633863095183,24.04415632583939,626683.3339087149,0,1.5604747021828862,urban_digital
CUS01976,Arusha,18,4.276370574047147,18133.221767782205,4.428241357336251,1080194.7256885597,0,8.178670619580474,rural_saver
CUS01977,Arusha,53,4.9049895203858185,33240.25841930522,9.569908476521546,63113.35008449387,1,3.2578006002631166,loan_active
CUS01978,Morogoro,48,70.51007736363375,58459.82813195942,36.461215591048756,360900.4037484605,0,0.5956523422972837,high_freq_trader
CUS01979,Dar es Salaam,19,35.08840781511243,36174.63818649275,26.302755473171555,598717.6494244499,0,1.7029254867499568,urban_digital
CUS01980,Arusha,21,20.815276185765477,50524.72042655303,8.357707673703638,98073.65499645495,1,7.109188875297152,loan_active
CUS01981,Arusha,33,5.7039106624947,14705.308060643829,2.4584474526901623,1015794.5082262343,0,7.838957018574499,rural_saver
CUS01982,Morogoro,28,7.554688588873205,14435.467300233573,13.673089466553305,90774.15287105224,1,9.26972816605008,loan_active
CUS01983,Tanga,40,42.03431797349576,56250.89435265092,20.77343098528462,83632.05203754507,0,2.0312958748811454,urban_digital
CUS01984,Dodoma,18,0.38558191174777534,3424.5722776045423,0.17189200067364793,71199.11857835119,0,67.91249265251578,dormant
CUS01985,Mwanza,60,15.456002408891376,23880.680585124705,13.674104798792449,91271.92798158545,1,4.408591819008486,loan_active
CUS01986,Morogoro,18,26.160554663796475,39713.102206403084,26.928109929494653,242947.63955486938,0,2.993940043455595,urban_digital
CUS01987,Mbeya,20,0.3702941507621117,2908.5350959786683,0.637232035187862,81576.83261768035,0,82.76019779661547,dormant
CUS01988,Dodoma,51,22.47147105262465,32377.388609805123,17.221484267602264,171230.96534901188,1,6.013616037833296,loan_active
CUS01989,Morogoro,47,31.65060330576165,62314.70031017546,24.8877059927352,590592.26814884,0,3.442540509091208,urban_digital
CUS01990,Dar es Salaam,39,28.829342842925637,22713.3779084652,28.051930196856617,312259.04050920164,0,1.884233812629425,urban_digital
CUS01991,Zanzibar,27,1.5771588701036385,6749.577875280322,0.5297638987239389,120670.69516226326,0,92.25226438017748,dormant
CUS01992,Mwanza,22,6.474029592245497,17403.900915546576,6.867626266547924,1264215.1021914256,0,6.575181791215293,rural_saver
CUS01993,Mwanza,39,5.799450645456147,36292.57814699187,23.981946962561693,494943.06343771215,0,2.0414646247848287,urban_digital
CUS01994,Mwanza,25,5.062805772069057,21858.71911236836,4.115428831758952,638545.8991095359,0,9.148120786965354,rural_saver
CUS01995,Mwanza,44,67.15055380796042,92363.92275035781,55.94586375603741,358537.7195490854,0,1.368184764382343,high_freq_trader
CUS01996,Tanga,18,25.617933926225113,31032.051548039883,26.680175956132853,612703.0353530004,0,2.2545209989906128,urban_digital
CUS01997,Arusha,36,5.295767313223396,21414.593671034316,6.416123000176114,1184025.6306022103,0,12.383188813420398,rural_saver
CUS01998,Morogoro,30,46.73939008542638,67362.45252868914,35.14255259553836,510203.86149544944,0,0.4600612183365873,high_freq_trader
CUS01999,Arusha,22,5.689798921398633,12319.785905238865,6.811383245612555,894328.0389379094,0,10.897032824533293,rural_saver
CUS02000,Mbeya,39,61.30264437408633,116557.92054467104,51.78152788384565,127827.75484208361,1,1.031067290020761,high_freq_trader
CUS02001,Dar es Salaam,50,7.360592152159611,8198.754895467388,2.8560250314600113,241166.30826212943,0,1.3431222366269129,rural_saver
CUS02002,Mwanza,49,22.774107339544674,36406.434920617656,3.949707569288279,180057.01231305412,1,8.718265116921884,loan_active
CUS02003,Mwanza,36,0.2574173441518901,4515.159808666465,0.27874139725120517,0.0,0,120.28177122627889,dormant
CUS02004,Dodoma,35,33.20063772620205,39461.89765924552,16.284568150708562,885162.9661361752,0,2.348838763569242,urban_digital
CUS02005,Tanga,34,11.077078819089007,33503.67762973769,6.199796695830479,214734.215404715,1,6.143093854996428,loan_active
CUS02006,Dodoma,42,4.863297056609939,25536.589498910085,1.3958720276933279,436616.07094174734,0,8.967810693716373,rural_saver
CUS02007,Mwanza,37,28.177153521892237,51004.053393833674,26.41082874124829,1020711.3440363901,1,1.3189228673205058,urban_digital
CUS02008,Morogoro,52,12.287923520378552,44608.229502955655,29.46491235552994,720436.8237740843,0,2.649239155570494,urban_digital
CUS02009,Mbeya,36,0.7237279501447293,6735.554261949234,0.0,79345.20281023187,0,85.30405027207806,dormant
CUS02010,Morogoro,41,23.871691028834576,56581.82404008667,22.71381787085934,593115.5777908032,0,2.449851718165498,urban_digital
CUS02011,Mwanza,18,23.674669859151837,36770.35551721013,28.426200237788745,400994.3077808859,0,2.101366724708905,urban_digital
CUS02012,Dodoma,39,36.186855109879,48723.044727161934,25.97062932944935,801448.4621169518,0,2.2010268962161272,urban_digital
CUS02013,Zanzibar,48,5.31426458659664,7082.818485524278,4.4298441182084165,1313681.3491933667,0,5.730307236094233,rural_saver
CUS02014,Zanzibar,40,5.38106029628732,4539.870637524977,6.035807630365042,616385.8127720661,0,14.591093602389673,rural_saver
CUS02015,Arusha,23,10.847837131310207,20000.035189184924,4.476400049569179,1766746.198261881,0,12.327259275515345,rural_saver
CUS02016,Mbeya,42,17.951686806430665,41546.372496619755,24.19204042184259,665852.7168819717,1,2.6606743221179476,urban_digital
CUS02017,Arusha,52,33.6095588970619,40253.89091936845,19.180905338662,908729.8634767255,0,2.151976333847407,urban_digital
CUS02018,Mwanza,35,0.5416308619877569,5517.971159221395,0.0,46766.02593939071,0,90.43440955963186,dormant
CUS02019,Dodoma,59,8.426249855871355,13928.652842489846,2.4368039626882916,508106.0298598835,0,4.92537029020138,rural_saver
CUS02020,Dar es Salaam,33,0.7196482131546728,7617.5406033427535,0.8166005287036722,10931.97893085485,0,72.25714328208512,dormant
CUS02021,Morogoro,33,42.68088267042717,54427.258073298464,30.529629543161164,866978.9646909742,0,1.5117883354044235,urban_digital
CUS02022,Morogoro,20,22.07840498011824,44208.44540124247,23.977969753775195,937846.9990638408,1,4.362617557786873,urban_digital
CUS02023,Morogoro,18,25.8679280340078,62909.93356817046,23.452113998583265,306434.63286974974,0,0.802401742245086,urban_digital
CUS02024,Zanzibar,39,9.9976556353078,13241.955666596741,4.346305725605027,872113.0958495741,0,6.637355870849465,rural_saver
CUS02025,Mwanza,37,8.837270624127907,19737.17818277037,1.5618662050898333,1196559.7254709816,0,7.501115997546018,rural_saver
CUS02026,Arusha,39,66.86744620379879,91176.32369557189,43.84194667325377,170557.3474614299,1,0.03535763551088733,high_freq_trader
CUS02027,Zanzibar,36,7.285886786903429,11458.148241758689,6.338394056666112,867605.7954965064,1,5.620758446896175,rural_saver
CUS02028,Tanga,18,2.8069569530770178,24002.52991721211,6.0978425610852725,1448053.2962552994,0,8.592374140793629,rural_saver
CUS02029,Dodoma,39,0.2968829375535173,15062.61142334381,0.05164480275083863,43702.37015408733,0,63.90859501834234,dormant
CUS02030,Arusha,18,35.71650810528587,26529.4725898258,17.261120091847037,897324.007854871,0,1.7406194386515412,urban_digital
CUS02031,Mbeya,34,7.862426982382066,14658.809455680004,5.213087672025786,183854.36636241793,0,12.947186864145486,rural_saver
CUS02032,Dodoma,24,8.510595545601703,21109.025035703933,2.082872749558816,1147197.795400104,0,10.216061764619026,rural_saver
CUS02033,Tanga,47,7.573852371128765,12473.221269240485,2.8386049451753035,1111995.2950619147,0,6.45265812254762,rural_saver
CUS02034,Dar es Salaam,24,28.651342911549605,27550.56605636046,28.278206891941053,518679.75355131103,1,0.0,urban_digital
CUS02035,Tanga,51,45.07386274441799,105985.0707596498,46.44633277047083,181934.5502108056,0,2.027446460556564,high_freq_trader
CUS02036,Morogoro,25,20.95528547598478,38141.2912213253,8.22512717788431,145529.1157682595,1,5.881483207325524,loan_active
CUS02037,Arusha,26,19.433499142104495,47822.239467496955,24.415269611977685,469458.26690627733,0,0.9553996340716915,urban_digital
CUS02038,Mbeya,36,0.8902632424562529,11715.26312050455,0.06128213918734701,56961.27814229721,0,59.42385518441937,dormant
CUS02039,Mbeya,43,66.72439438579121,97938.97533732773,42.18529872432194,138225.24943394918,0,1.2755326755981495,high_freq_trader
CUS02040,Arusha,37,23.682878923174677,55987.027399003295,17.413825691115875,513836.3691911902,0,0.7375909374967009,urban_digital
CUS02041,Zanzibar,37,38.090733817999975,80132.79040572885,26.01279254189341,606230.8176475416,0,1.0629146419155038,high_freq_trader
CUS02042,Zanzibar,33,0.8022603153004162,11912.619399338113,0.0,89305.32792280271,0,99.91650588034508,dormant
CUS02043,Mbeya,34,0.0,22560.088377984113,12.075397105052629,246049.39730479132,1,6.457673844233595,loan_active
CUS02044,Mwanza,29,24.629363502842224,45051.75556367139,8.42469432502038,324568.8521562731,1,2.807665530586799,loan_active
CUS02045,Mwanza,18,23.44815893187649,40620.82062615721,27.990453482005577,593204.0856790643,0,2.0588148162089044,urban_digital
CUS02046,Mwanza,25,2.9694789841638656,13073.44367285289,2.3141423973045248,830463.7538561646,0,9.70220201042721,rural_saver
CUS02047,Dar es Salaam,35,9.421151817984507,22662.469857295077,5.191754871297764,431255.07879140094,0,11.534788396602808,rural_saver
CUS02048,Mbeya,39,24.57993366634384,40648.42747356307,20.80142546406464,370985.20832819515,1,2.8823137950296953,urban_digital
CUS02049,Tanga,51,6.77940178078107,26714.41779038031,5.745137361831409,1150430.8856184315,0,8.262304166359296,rural_saver
CUS02050,Dodoma,59,18.26136058783092,26704.580459456007,11.815466217359353,216990.88707366498,1,0.8083380874142767,loan_active
CUS02051,Tanga,41,22.465679244491998,49353.17791247887,14.37769348085622,246773.76682294125,0,2.491544259094942,urban_digital
CUS02052,Morogoro,38,9.164799105382922,15411.319439447494,3.2546942930789564,507792.1241534255,1,12.83011723198691,rural_saver
CUS02053,Tanga,29,66.5653792235366,121909.58897686479,40.60217474495967,505097.8256625352,0,0.9633544777297547,high_freq_trader
CUS02054,Morogoro,44,7.585410263478016,9927.577767042756,3.3564690489930182,342097.0527532039,0,14.987161102901933,rural_saver
CUS02055,Tanga,35,7.678800791959897,18498.469142182526,5.228791245012159,1103674.037288588,0,9.199226225920613,rural_saver
CUS02056,Dar es Salaam,68,13.32147430650243,19336.903639651602,5.05996405242425,168398.0892018779,1,6.811551817443837,loan_active
CUS02057,Dodoma,35,4.16047513968946,17224.71071032849,6.582405221298883,1219703.1363496736,1,14.281015895368439,rural_saver
CUS02058,Tanga,51,37.9772904689233,60397.90927625114,19.738861996447266,664313.5875268773,0,3.5217889732357097,urban_digital
CUS02059,Zanzibar,59,27.34385497139302,22724.79001481627,37.18683770534996,626217.709437448,0,3.1457622883908885,urban_digital
CUS02060,Morogoro,33,13.987809127714932,34007.57589273028,10.952184938846317,61122.34947583199,1,3.6186651008372612,loan_active
CUS02061,Zanzibar,59,22.97465813184874,39575.497243640704,29.36411843665067,204820.62297501223,0,4.4622187450424615,urban_digital
CUS02062,Mwanza,41,7.146405561637346,21582.213050219903,6.61365256959255,862244.3989532704,0,17.154332075149426,rural_saver
CUS02063,Mwanza,40,30.16885268853131,46237.97381969053,24.0731665283269,646333.9945060858,0,3.1186152928631783,urban_digital
CUS02064,Morogoro,48,5.644246810647256,10800.392712544854,3.0551149643459246,978349.8308637092,0,13.783508354858487,rural_saver
CUS02065,Tanga,43,11.80590389516487,26689.32335351751,14.54422890507066,160396.31653340432,1,4.594965742196219,loan_active
CUS02066,Morogoro,32,7.322898477291455,8721.18131633354,6.7692902461721784,776877.9169753878,0,4.665805545745349,rural_saver
CUS02067,Zanzibar,28,5.123826617829081,41582.07978051663,2.304251893019976,126666.65112263792,1,7.208550955432376,loan_active
CUS02068,Tanga,45,22.577595090906883,54604.27764674412,22.752409747353003,518988.0610620356,1,0.8327212648454227,urban_digital
CUS02069,Morogoro,29,3.5361052889809645,23876.735798680966,3.566305029866455,1162358.2144237095,0,9.390848304150289,rural_saver
CUS02070,Zanzibar,39,14.78517719022902,42126.84247490375,6.0543006241565696,53739.312901511716,1,7.968405443507246,loan_active
CUS02071,Tanga,28,5.595591582201794,14210.671943882939,6.860779442775289,874449.2436727429,0,8.921137454900428,rural_saver
CUS02072,Arusha,51,23.979455844249735,39006.63764500944,32.316050564443074,742297.7654120851,0,2.9816556346188223,urban_digital
CUS02073,Arusha,27,21.475778849134613,57363.34014023641,14.046205756314627,184978.76350921375,1,7.582280769736298,loan_active
CUS02074,Tanga,26,5.2091670165957,14678.775907732805,6.737763061800786,643236.4941653298,0,10.946152312828067,rural_saver
CUS02075,Dar es Salaam,35,7.340835905543866,21841.99671025202,6.400923386967049,1005987.8305584725,0,16.942494542589657,rural_saver
CUS02076,Mwanza,43,19.701773098076025,54582.814791855766,13.341072318519736,70232.70136743897,1,2.521954437383425,loan_active
CUS02077,Mwanza,34,30.66871520106408,71484.98478556408,26.175281438807033,534511.7566498732,0,3.180437377897345,urban_digital
CUS02078,Arusha,26,2.9877204635345365,15111.303014576348,2.008523777745986,772308.7468950553,0,6.379287806660037,rural_saver
CUS02079,Arusha,49,23.69626482207859,32903.75379442128,21.586177176984386,421060.3116452093,0,2.2008000535302905,urban_digital
CUS02080,Mbeya,22,9.773406780875206,18386.625069608846,4.899174049266616,1122101.181688468,0,10.20079738170637,rural_saver
CUS02081,Dodoma,27,33.03351732582904,44624.462281700035,31.24759487145321,783027.1807170634,1,2.2631423518333236,urban_digital
CUS02082,Dar es Salaam,48,1.1233455234493774,500.0,0.8790677234873439,9846.641667510048,0,84.90224358341739,dormant
CUS02083,Arusha,22,26.02781915617353,19253.77833765533,22.36356044309722,556167.5395000685,0,2.0453716089607377,urban_digital
CUS02084,Morogoro,18,0.8245425515467266,7015.681056693944,0.88832846565592,42314.64029478554,0,83.6078253268239,dormant
CUS02085,Mwanza,40,26.771721969175026,54040.96129405775,27.00994902832481,541346.4524344264,0,2.6444585877332862,urban_digital
CUS02086,Dar es Salaam,34,7.686821707705199,13629.439023826888,0.6312504143808844,1060128.0549230087,0,15.56673509360045,rural_saver
CUS02087,Zanzibar,58,6.8345089437319615,12015.344655994344,2.709728557752861,870631.4200986174,0,9.083618138136138,rural_saver
CUS02088,Dodoma,58,72.5116047207164,97700.94853499124,52.41341808763934,176265.58529900317,0,0.7697487412201364,high_freq_trader
CUS02089,Morogoro,41,2.493540386405589,22335.460715709072,3.432181719094647,729609.462804579,0,5.968338700980967,rural_saver
CUS02090,Mbeya,24,4.118411035404867,15885.396396309094,6.670725158180296,1015955.3806297359,0,12.16564444335168,rural_saver
CUS02091,Morogoro,25,12.848649697464925,42868.502461181255,11.623195015285715,192813.31636010733,1,4.945234902179133,loan_active
CUS02092,Dar es Salaam,47,1.2440584682846678,5208.82618212936,0.42571168491174605,46636.860405387495,0,86.25986334069312,dormant
CUS02093,Mbeya,45,36.269667495015625,56895.87698995645,24.78812662986824,512974.9507792632,0,1.0083754552380315,urban_digital
CUS02094,Mwanza,67,16.66392444038312,34374.625578212785,10.74065175893606,109182.77573109581,1,5.854111086490496,loan_active
CUS02095,Arusha,18,8.141644430167522,17579.413860632038,5.151117866619252,1451861.2966487235,0,9.269069024952918,rural_saver
CUS02096,Tanga,54,31.35264305297141,55178.085006531604,19.02199973882583,887016.0036001407,0,1.657531890983437,urban_digital
CUS02097,Dar es Salaam,28,4.283604363838203,16456.235626828413,5.549675509584846,1070541.0491038456,1,13.046000888695765,rural_saver
CUS02098,Tanga,65,38.12667872098195,43666.207221930876,22.780758985087974,869525.1002627508,1,2.320278190699021,urban_digital
CUS02099,Morogoro,34,41.851927100360726,43677.108222761446,26.59928586750266,601039.9610094761,1,2.119631499105866,urban_digital
CUS02100,Mbeya,41,41.751991110816434,96575.58303913976,39.66165701989885,346830.0684950305,1,0.8198303182607272,high_freq_trader
CUS02101,Dodoma,38,36.37628379961413,50936.75717366797,23.01196724092433,723353.7052368871,1,4.103679888730786,urban_digital
CUS02102,Arusha,27,86.21347072950904,68266.37350798419,31.058836939087485,354874.9938996472,1,1.1691223872184722,high_freq_trader
CUS02103,Morogoro,40,7.573221029607393,37831.50556650686,4.869631998806476,39839.49618090184,1,4.238736403063526,loan_active
CUS02104,Mbeya,19,1.4938796186281464,11917.037213015174,0.7299652761387243,69609.85062629214,0,82.33707437887463,dormant
CUS02105,Zanzibar,44,55.041236203269065,81620.5057604397,47.148456170866574,153183.48634708684,1,1.2898249158847013,high_freq_trader
CUS02106,Mbeya,25,69.54267656214117,128457.99091581491,39.60632429650099,379523.6864237342,1,0.5176024948662162,high_freq_trader
CUS02107,Arusha,34,18.20656038476444,40310.427995074824,14.699923577349086,17343.948112073733,1,6.782413985092365,loan_active
CUS02108,Dar es Salaam,44,4.800181763075193,13745.912441198047,6.073541574082007,1119372.155197522,0,5.443570143722881,rural_saver
CUS02109,Dar es Salaam,20,20.333545446073636,43582.1461410683,37.405360636899516,691912.1676740191,0,0.9389647281336715,urban_digital
CUS02110,Arusha,25,7.591644074076102,13588.24005552571,6.347242963127348,942939.9712873556,0,8.110720738746606,rural_saver
CUS02111,Arusha,19,8.26416002130486,17702.56196937143,2.277620293171345,834814.5317659717,0,15.406836421489821,rural_saver
CUS02112,Mwanza,32,25.804182137606766,68056.76107556361,23.664110996526386,656684.5029098517,1,0.767838293701578,urban_digital
CUS02113,Mwanza,34,1.152311809927625,12479.06139300919,0.5459299101561292,48825.20153987693,0,99.59139475359387,dormant
CUS02114,Morogoro,29,32.06780807423445,57144.46770473526,32.98410033755323,608735.0830836346,0,3.395075362788366,urban_digital
CUS02115,Dodoma,36,9.974831340678675,48190.34466166112,3.833090505618502,22575.88571666785,1,4.6634097703825805,loan_active
CUS02116,Zanzibar,18,21.640287002336805,47662.372060526155,25.3323504431824,503922.42118914414,0,2.4297612100073045,urban_digital
CUS02117,Mwanza,26,19.210949125296725,50520.75132778712,33.27428844710137,398012.8442055237,0,0.7649037553036822,urban_digital
CUS02118,Morogoro,42,29.158667912849257,39088.66543964686,17.47238048415162,334416.4618770829,0,2.47658380321459,urban_digital
CUS02119,Mwanza,37,22.544945212808546,57071.41548689018,27.53389333755429,601458.8813289996,0,1.3508845309640303,urban_digital
CUS02120,Zanzibar,43,37.70348683190799,58654.279387398165,22.71894788185461,707724.292354872,0,2.7300671774052008,urban_digital
CUS02121,Dar es Salaam,63,45.81443314284641,38159.85081207445,38.61401654619016,698127.0975565957,0,1.204543833265585,urban_digital
CUS02122,Tanga,21,30.957932108218593,38206.16572600994,22.98269694478548,686155.1555417905,0,2.3458991462741694,urban_digital
CUS02123,Dodoma,37,31.867781966583465,44125.22874381443,21.504773269706423,814434.8335579884,0,0.0,urban_digital
CUS02124,Dar es Salaam,47,5.723640520254207,8235.76374760021,0.5788950076299324,1479190.0133006414,1,10.07858289228712,rural_saver
CUS02125,Dodoma,18,9.538553541080411,9100.230359417394,1.565214819750631,1085122.5705348048,0,14.9986481426395,rural_saver
CUS02126,Zanzibar,22,7.407194831943289,19946.343167101473,5.872344133622774,777991.6856377433,0,6.897371632138589,rural_saver
CUS02127,Mwanza,28,4.482668541322496,13795.1883581044,3.0181265047242563,672362.5670833079,1,17.844383153836045,rural_saver
CUS02128,Zanzibar,18,29.979793441187375,23892.336525067774,30.788245664547084,633432.1300973693,0,1.5648589293360518,urban_digital
CUS02129,Arusha,56,23.054839967745544,43570.99394878569,23.34694459384367,1101062.392735683,0,2.990226992061654,urban_digital
CUS02130,Tanga,66,32.023684514730576,36914.20714462394,17.57756207006527,749084.0565428409,0,2.54596309552912,urban_digital
CUS02131,Morogoro,34,70.04849141268743,62484.17835515206,40.40848612403564,505532.2790281726,0,1.7528527974064794,high_freq_trader
CUS02132,Tanga,20,16.671737104734177,31492.589596561505,10.6381453612843,166995.79422156326,1,1.7829161471665653,loan_active
CUS02133,Mwanza,19,12.964456963058206,27048.362303348003,14.047284704942303,231871.9949668409,1,6.120588308666954,loan_active
CUS02134,Arusha,38,5.803730445572915,8264.038441099376,3.705413228097807,1094226.3501687811,0,11.891379119436174,rural_saver
CUS02135,Mbeya,18,5.532879455979406,19368.302548497057,5.812952200353348,742748.4905028858,1,8.822746502653489,rural_saver
CUS02136,Mbeya,28,6.880212984226638,8527.389091047422,4.656448418667521,439408.10935163795,1,8.26560479305727,rural_saver
CUS02137,Morogoro,64,47.100348556695515,99108.62704983984,38.26421129012916,418584.08409740083,0,1.1054269410698891,high_freq_trader
CUS02138,Tanga,40,57.12865249158788,94668.26024251571,26.71167793569903,172053.10680117697,0,0.8350511287488904,high_freq_trader
CUS02139,Zanzibar,22,44.183646769466876,115382.65706562044,30.058520452620797,185261.71412888594,0,1.7835115040032896,high_freq_trader
CUS02140,Dodoma,50,15.73842226709776,36560.204688303405,12.629439911089753,244722.44397432712,1,4.19184947199612,loan_active
CUS02141,Mwanza,36,9.567918357743146,17509.616498608102,4.314873820705267,757624.6579155392,1,8.888185869366009,rural_saver
CUS02142,Dodoma,39,58.68609237080512,104942.9498203707,28.366613804747786,272703.8594565292,1,1.4977993797511118,high_freq_trader
CUS02143,Mwanza,29,55.614817711216,46148.24370608217,43.657028723295994,0.0,1,0.9981704052488345,high_freq_trader
CUS02144,Dodoma,35,10.342766120270461,24121.713925500306,6.065623467353528,622401.9701782868,0,12.475876555294803,rural_saver
CUS02145,Dar es Salaam,31,19.792874267690664,29011.211593576914,10.562130218691166,175318.11017441272,1,2.7982915969200013,loan_active
CUS02146,Mbeya,31,21.84722454974087,55424.01618848063,19.459722872113925,658360.740826278,1,0.86656311685869,urban_digital
CUS02147,Mbeya,41,15.901908099852305,38647.55295191631,2.911059473158823,136508.84927762664,1,3.498855780579796,loan_active
CUS02148,Mwanza,31,56.78836402704886,87979.22485953783,34.04040849197552,558697.1564385749,1,0.8001330048055523,high_freq_trader
CUS02149,Mbeya,34,23.416384103758766,23259.79756306311,20.54245524554121,408123.0316997606,0,4.264695928598053,urban_digital
CUS02150,Arusha,30,0.0,10952.17642284949,0.005677052604630528,33524.86839216002,0,62.423008776334214,dormant
CUS02151,Arusha,46,20.11898830402441,36575.836060082875,29.099721239317176,593288.611925169,0,0.0,urban_digital
CUS02152,Morogoro,45,51.773761318042574,118099.21385919237,41.234198433581575,215691.98564320122,1,2.087422978714038,high_freq_trader
CUS02153,Tanga,28,81.8259324654315,95602.17530572152,50.81920041105403,228213.7113379757,1,0.684951646287647,high_freq_trader
CUS02154,Dar es Salaam,30,0.5485002877271381,2930.4043601611056,0.3988272667124042,40641.25370377193,0,35.24878734424639,dormant
CUS02155,Zanzibar,34,19.26418232419121,37851.97952493777,15.78988946809259,191608.76764998614,1,3.892077859531428,loan_active
CUS02156,Mwanza,38,25.911711778530744,50855.67427335803,24.299110737316138,474288.0732082156,0,2.4611806655547586,urban_digital
CUS02157,Arusha,46,18.52790142308905,58266.856117699295,26.635904053859868,925856.6071243598,0,3.1334517288164596,urban_digital
CUS02158,Zanzibar,18,5.63553590558422,13116.783234725466,1.8297078870199273,496257.09068325214,0,4.976897430388175,rural_saver
CUS02159,Arusha,46,28.89337286863657,50228.46152262126,25.78749615973976,689057.7220797959,0,3.268895393067397,urban_digital
CUS02160,Tanga,41,5.1081556751266595,15437.75322845106,3.4128769740685394,1290757.6773750545,0,5.224264959354499,rural_saver
CUS02161,Mwanza,45,34.42223730541426,68483.72775898146,27.68945175608328,879156.1917374413,0,3.464777771630867,urban_digital
CUS02162,Zanzibar,44,3.4355808741129557,14958.190720808216,4.6000772381183355,870057.1100419138,0,16.268912254751616,rural_saver
CUS02163,Zanzibar,25,6.6328832497584616,10712.338053808355,1.8467970034928425,389605.47795595066,0,9.747020746395846,rural_saver
CUS02164,Zanzibar,40,5.6194743778197225,39327.10901848891,9.305090825598736,92904.5222519456,1,3.071920150698344,loan_active
CUS02165,Dar es Salaam,31,26.020102093471902,30737.684072442295,23.709375224822562,809109.4934505234,0,2.0684235422942883,urban_digital
CUS02166,Dodoma,38,10.551680947176978,25771.025836462843,3.352583732992339,244498.06691097212,1,5.924908352095699,loan_active
CUS02167,Tanga,37,6.679058792449782,11327.268548725388,3.349475341413394,757737.3967852151,1,14.08080816582434,rural_saver
CUS02168,Morogoro,33,8.731968550259369,21198.441222542082,1.238951384869993,833144.0156775126,0,12.446111795928266,rural_saver
CUS02169,Mbeya,38,5.077302345417321,20244.67581292554,1.1133191145438897,771793.5685297984,1,5.88144222740698,rural_saver
CUS02170,Arusha,42,6.672308579921294,13434.041539796723,6.247970292275555,1306212.8661897867,0,11.001731425576843,rural_saver
CUS02171,Mwanza,30,20.835637119852116,66550.01771255129,29.69992631364113,360214.7292117794,0,2.4212487640448264,urban_digital
CUS02172,Zanzibar,60,7.089199097443299,13203.018264919468,7.049623516240116,902492.0978103911,1,12.41070118845132,rural_saver
CUS02173,Dar es Salaam,51,34.592073729223095,49561.77150097176,27.233167280992138,362190.6470765624,1,1.9582502924986438,urban_digital
CUS02174,Morogoro,32,6.791417686537212,23545.857487045723,6.642441566384379,906182.6120356359,0,16.090381543418918,rural_saver
CUS02175,Tanga,39,0.570225243666621,500.0,0.3841295704727529,71613.13949254442,0,77.89022182831003,dormant
CUS02176,Mwanza,38,5.913047248800993,5014.890550228469,7.325189521806729,789651.3457794845,0,15.43193111380731,rural_saver
CUS02177,Arusha,35,69.23243667719514,61125.291607737934,39.35284500784361,494217.6164185874,1,0.5008333475031244,high_freq_trader
CUS02178,Dodoma,18,28.612342066586766,52770.86519808022,17.109237813801776,90124.6459198739,0,0.9170180267952508,urban_digital
CUS02179,Zanzibar,23,20.114563410127786,38503.38224072531,11.240778176203793,174276.4067351629,1,0.8796756919370292,loan_active
CUS02180,Arusha,43,54.57927467464565,71281.43072159163,37.82790760283036,336929.95540181926,0,0.2598979864796498,high_freq_trader
CUS02181,Morogoro,36,10.379584150140902,33071.67226232121,11.866208461949398,150896.70875836126,1,6.348395521132127,loan_active
CUS02182,Zanzibar,27,56.25764952402906,60682.25612840313,41.97734845130931,314995.91662385553,0,1.2910279124226318,high_freq_trader
CUS02183,Arusha,21,23.634207134332247,35830.21731694418,15.606692239063703,1000896.337375019,0,1.1415458225857624,urban_digital
CUS02184,Morogoro,32,5.224065067212038,11523.953166683417,6.876146373521108,525378.6551808584,0,12.207136329149646,rural_saver
CUS02185,Dar es Salaam,21,31.357817477826785,46640.5396475344,23.765912065698572,318870.77961527195,1,1.2995716187094524,urban_digital
CUS02186,Morogoro,26,63.230469582278246,45032.12723225593,36.42271925651813,274038.77125023364,0,1.1994821313547703,high_freq_trader
CUS02187,Zanzibar,33,1.1222400752248958,6719.869245816662,0.72573911026629,40246.18251666955,0,74.67460673460405,dormant
CUS02188,Dar es Salaam,20,29.38731165179395,39961.82166124858,24.480674868728745,906162.8053191254,0,3.0557383436195336,urban_digital
CUS02189,Tanga,43,16.088754613784946,42707.37925455936,7.923457790234197,94193.21089950373,1,7.787686005345929,loan_active
CUS02190,Zanzibar,24,34.34792008437704,39702.5992988013,21.39989706342078,789778.1209326315,0,1.2475608377039864,urban_digital
CUS02191,Dar es Salaam,32,0.2443524301802092,11500.334205834706,0.0,68871.57405031778,0,60.835624825077026,dormant
CUS02192,Mwanza,33,58.24505303259173,84481.37820906722,37.70297896067625,233346.60992382042,1,1.6598867734827363,high_freq_trader
CUS02193,Morogoro,35,24.13208366588748,40104.67414643181,20.79414395819316,753068.8343829002,0,0.0,urban_digital
CUS02194,Dar es Salaam,27,0.3603045862148954,5656.847132770792,0.5734668359843089,0.0,0,106.5248812993978,dormant
CUS02195,Dodoma,46,54.59058873980398,102609.67378656723,44.249727918727984,204917.7213642659,0,2.056846360601002,high_freq_trader
CUS02196,Mbeya,33,28.9411181697661,47109.30299088053,27.106585142482608,748212.657209002,0,1.6491280206346732,urban_digital
CUS02197,Arusha,54,7.541587886283625,6049.599012713443,1.3017152288732459,695476.489039312,0,13.328502453361494,rural_saver
CUS02198,Zanzibar,21,26.281874800693906,54965.770915499816,27.55081239132875,708333.830214026,0,1.6004680615594964,urban_digital
CUS02199,Dodoma,24,0.6735409117490027,7782.309958872344,0.17534778664794423,69944.25878890426,0,70.99021665822451,dormant
CUS02200,Arusha,18,26.4010115858189,54847.55816649592,18.88243373912041,641855.3635075086,0,1.239190108630546,urban_digital
CUS02201,Mbeya,48,15.548200970786663,21352.670166026404,14.28974886889116,142642.2061572649,1,3.8563726868614516,loan_active
CUS02202,Tanga,25,9.84075577887616,27523.17094164662,2.6830133518734174,254760.50434662215,1,8.745731393186393,loan_active
CUS02203,Morogoro,37,28.41888148904831,38811.67035589617,23.84342496928551,576480.4116579385,0,1.039034506046053,urban_digital
CUS02204,Tanga,36,3.767745154181605,12940.710419842133,0.5264973449799575,778635.5425645293,0,13.774317426954648,rural_saver
CUS02205,Mwanza,32,0.488773985751409,500.0,0.0,40439.670998575864,0,80.57119976347612,dormant
CUS02206,Dodoma,38,49.6312923007986,83992.17201585743,37.38331572764484,416850.487332356,1,0.7232927361781816,high_freq_trader
CUS02207,Mbeya,18,6.849288790881362,23262.990453952214,3.943704737316768,1250623.4412619555,0,7.449304701797159,rural_saver
CUS02208,Mwanza,44,28.90783924005841,52770.287458306,11.22307445126784,637657.2735181681,1,2.5472375963384395,urban_digital
CUS02209,Mbeya,38,28.055826984312393,52092.45142699819,23.37071054576486,676207.4734110923,0,1.7959779458975844,urban_digital
CUS02210,Arusha,43,21.24884347628395,33667.69835190242,5.498415338328606,204083.44993247953,1,7.869755221218748,loan_active
CUS02211,Dar es Salaam,22,1.311684831816497,11820.836365018444,2.8307990246823946,913460.5175484357,0,15.979133017807282,rural_saver
CUS02212,Tanga,25,26.21101044298215,31176.720367257578,6.93239474610622,217616.37698494305,1,6.848608533648251,loan_active
CUS02213,Mwanza,28,7.004056255478146,9832.211280496711,2.405508272039584,871538.9507687228,0,14.21099299151453,rural_saver
CUS02214,Morogoro,29,13.897718908594504,26198.017183259835,14.150439245686663,96709.84205202459,1,7.2840222054895065,loan_active
CUS02215,Dar es Salaam,18,28.17800684956609,39315.49228118458,26.728609976284886,561105.7377342199,0,2.046179163240047,urban_digital
CUS02216,Mbeya,30,27.54491053116953,52795.34364167256,24.690271901305845,790331.3131449731,0,1.540709287673746,urban_digital
CUS02217,Zanzibar,25,24.82946312482185,37755.43365186452,7.657855136807118,69508.6449546347,1,1.8029385484681555,loan_active
CUS02218,Dar es Salaam,27,18.795967542693205,30729.68226758037,6.167313007429714,82145.29727726073,1,6.298961599879864,loan_active
CUS02219,Tanga,27,5.383223260890857,26029.415627737137,6.4392461484112875,1340587.5989009542,0,9.395590888652237,rural_saver
CUS02220,Morogoro,36,7.087680391667692,20299.034392260997,4.652852425840079,638258.9872021624,0,12.482283464531418,rural_saver
CUS02221,Mbeya,34,6.259581838779142,15250.612678842752,4.538193115494461,1114788.2925515438,1,10.094341735533668,rural_saver
CUS02222,Tanga,44,5.825403381860486,11098.34677900118,2.4139437013365033,1063186.8824409333,0,13.255735471652095,rural_saver
CUS02223,Tanga,55,31.821752821328843,55115.15909726493,21.61817121749064,681779.8900958084,0,0.44867330060056787,urban_digital
CUS02224,Dodoma,46,26.32976523057037,44472.88294497813,13.223523048519967,197100.68779676146,1,4.353133316626549,loan_active
CUS02225,Tanga,33,22.160696830801463,32271.397042450495,22.013354056287508,731250.6349791017,0,1.774583933082642,urban_digital
CUS02226,Arusha,27,47.857569136386516,29005.80208035701,31.787899684649567,339132.97759750386,1,1.2471814919307025,high_freq_trader
CUS02227,Mbeya,29,22.956345250076875,49500.69605821028,22.941249648815294,781415.7245092205,0,3.2838205628328874,urban_digital
CUS02228,Arusha,48,34.40520550064707,69416.11076565982,24.268712808038135,699861.3353881537,0,1.953409157932268,urban_digital
CUS02229,Morogoro,41,0.25277340796669456,10344.638284299352,0.38414182165338145,61723.55870827554,0,91.24039481530546,dormant
CUS02230,Mbeya,49,5.7220243476543144,19166.481777150686,6.223712179049228,733741.6697940008,0,2.925228779116396,rural_saver
CUS02231,Mbeya,25,0.37135238625536937,8533.744631338775,0.23394127951681798,38483.11328372409,0,79.64342573693192,dormant
CUS02232,Arusha,48,26.588338381339405,34145.38886272944,26.94538292924838,647847.6240535404,0,2.0370787456223955,urban_digital
CUS02233,Tanga,48,12.794938423282854,41350.449654318836,7.1791708587668275,215139.072030392,1,7.074611200007216,loan_active
CUS02234,Mwanza,47,77.65220269366438,97311.12500197563,49.90357361330594,543626.9928480637,0,0.6983809291183989,high_freq_trader
CUS02235,Tanga,21,7.457338663058286,17201.57659519303,5.610429276419357,10935.039158045547,1,5.544316059650864,loan_active
CUS02236,Tanga,31,17.858302527977283,44497.52015873794,24.085560142235234,226043.38050278014,0,1.9253612480270013,urban_digital
CUS02237,Dar es Salaam,34,8.358573957472224,25732.72396161787,3.3734030280363956,503435.54022607376,0,10.77717241367809,rural_saver
CUS02238,Arusha,42,7.221382236448789,26059.54625098107,0.5737582858393595,747876.0998898587,0,7.91181775893666,rural_saver
CUS02239,Tanga,18,8.473759713627604,24566.698720797645,4.666145414201047,376251.0643740287,1,18.74421146637446,rural_saver
CUS02240,Mwanza,18,30.98083941514344,14825.889311181752,17.243864090552453,777387.4562799826,0,1.6235581746117211,urban_digital
CUS02241,Tanga,41,32.16043531735983,41602.23156410914,16.39067412743173,606037.8279020567,1,3.404547428066818,urban_digital
CUS02242,Arusha,44,5.598652619749254,15579.963416562106,4.076253630974883,687961.5574115472,0,12.940867725295771,rural_saver
CUS02243,Mbeya,51,23.949411812584522,52634.550618837406,26.327332136682728,458058.241510961,1,2.67969310264754,urban_digital
CUS02244,Arusha,32,2.3766562040390027,23200.306191846474,6.328319351816343,959735.5500498099,0,11.561733796876572,rural_saver
CUS02245,Zanzibar,25,19.149838291366123,24101.724515179674,35.66153317352942,612615.0436816575,0,1.969267206889126,urban_digital
CUS02246,Dodoma,43,26.157627341420397,46094.26432762021,23.016808612240176,449559.4544611041,0,2.188364691868143,urban_digital
CUS02247,Morogoro,41,0.4147380438508661,7324.448238874088,0.7447357686756164,21679.543732726404,0,37.527365035512666,dormant
CUS02248,Morogoro,33,4.741299810251461,9613.245213532758,5.77047603418484,856569.4848722526,0,17.739784476038217,rural_saver
CUS02249,Arusha,29,2.2214464503056206,16353.291169261136,2.7177825995791576,1145782.444598811,0,15.402431116027318,rural_saver
CUS02250,Dar es Salaam,43,2.7909112877081648,16187.58026513433,3.494885039081608,354222.0355867634,0,7.0514702180940425,rural_saver
CUS02251,Tanga,28,55.827178046487184,101771.74324680597,23.684320961119635,215264.0833277998,1,1.082688153197734,high_freq_trader
CUS02252,Tanga,55,5.923383735738,16690.54252356009,3.981286679663025,1158301.1870770417,0,14.677621299503151,rural_saver
CUS02253,Morogoro,32,0.9137531664825329,14963.83378552389,0.098425690133946,2227.5838146335445,0,72.19438418578186,dormant
CUS02254,Morogoro,39,22.297070761946777,23699.55567343161,9.684484158160233,182414.34928343093,1,5.200205007968717,loan_active
CUS02255,Morogoro,56,8.158195261823952,22678.72735611331,4.065614414912169,655246.2739216307,0,5.689466213058039,rural_saver
CUS02256,Mwanza,39,21.72067682459365,49893.9879142887,12.741563423892343,0.0,1,2.921758337848911,loan_active
CUS02257,Morogoro,41,51.892236017388804,82118.00304155282,44.9024654466074,274503.85724570445,0,1.4428293565692825,high_freq_trader
CUS02258,Mwanza,40,26.50602434212262,53535.19420925608,24.475235315487943,866272.2384830492,0,3.32392766658068,urban_digital
CUS02259,Mwanza,42,5.204276406638321,10704.74505828248,6.3170011588102515,1166726.2295628958,0,12.861982541265862,rural_saver
CUS02260,Mwanza,38,0.13846424667117052,4658.784212147339,0.0,39874.04308289107,0,71.45024923386867,dormant
CUS02261,Dodoma,42,9.700459423478339,37388.74324944845,8.983818322384346,75213.90290684436,1,1.8209855124552452,loan_active
CUS02262,Mbeya,38,6.892794298958934,17783.845141404534,2.543511133016473,951323.9586305292,0,6.053668752592479,rural_saver
CUS02263,Arusha,37,18.227092624363827,32309.46342836834,22.17303581958382,791703.7465820585,0,2.140575282795078,urban_digital
CUS02264,Mbeya,45,0.3751540871382633,9072.080152637738,0.0,30326.384043141497,0,103.6871971493779,dormant
CUS02265,Dodoma,43,34.602353139721885,23089.069727522845,19.25652057353215,537779.6860643777,0,1.686916025493556,urban_digital
CUS02266,Arusha,18,64.54046433905816,98903.08651828022,39.81175501170232,119995.07546608162,0,1.640921241017863,high_freq_trader
CUS02267,Mbeya,31,6.875922042005858,17093.94704534518,5.5357846229627325,1234714.7105395116,0,6.500073173326632,rural_saver
CUS02268,Morogoro,18,69.85968220866195,37434.02515469035,41.02565068873005,439818.2736721004,1,1.3542807924186666,high_freq_trader
CUS02269,Dar es Salaam,56,23.06734344786137,38304.04953573375,15.338605086712018,56029.24184693003,1,1.4923463108227004,loan_active
CUS02270,Zanzibar,22,0.03673908269024245,6756.60438146764,0.4582363921387466,73186.59980865548,0,96.56832589728572,dormant
CUS02271,Arusha,47,0.8533163162521105,10890.224225600537,0.0,92560.54524960057,0,25.258487748794252,dormant
CUS02272,Morogoro,61,52.390680383306105,107637.73703208847,44.08155364239362,294431.6176641399,0,0.9567756722929889,high_freq_trader
CUS02273,Arusha,45,43.905132112381494,10296.341801545525,36.674605864432685,227396.11501289572,1,0.536780523036194,high_freq_trader
CUS02274,Arusha,35,8.093352720591563,39507.751057216585,12.553862471428172,175317.27256324896,1,5.974286551651848,loan_active
CUS02275,Dodoma,22,25.921020317646082,50836.44526349837,27.001831188059956,777936.2042437505,0,1.8164684793154424,urban_digital
CUS02276,Tanga,52,0.7804824133060124,10906.836685351049,0.21767619565287533,28121.960541247,0,86.93927069852191,dormant
CUS02277,Tanga,26,38.63771832489693,57008.532583618675,25.163287030240518,965114.9772365291,0,1.520806109584394,urban_digital
CUS02278,Mbeya,42,11.482492187744413,34936.302526649415,11.852347264649074,36787.44484112656,1,4.102148144864671,loan_active
CUS02279,Mbeya,41,0.4870386239600893,8978.032535313363,0.0,22646.397869674238,0,73.78276325431854,dormant
CUS02280,Arusha,26,6.462606584363721,10755.878067189744,3.526876012903611,1353551.5028630425,0,9.349867826574377,rural_saver
CUS02281,Mwanza,59,28.03954217340444,48311.365183200076,26.827817225507797,677597.116877763,0,1.4888951006074196,urban_digital
CUS02282,Tanga,34,4.887065356144232,8541.481523510512,0.7225650438951257,794043.3338610864,0,7.696209242635225,rural_saver
CUS02283,Dar es Salaam,38,73.31469680096092,71056.97168681088,34.06226617664167,313656.8554994959,0,0.9105213787170233,high_freq_trader
CUS02284,Zanzibar,18,31.530915720701394,27953.931842719594,22.295312754054297,496263.4941880487,1,2.4068777285183485,urban_digital
CUS02285,Mbeya,39,26.580888088994048,32227.127624900248,26.48165990591273,761139.3983707441,1,1.225767929959677,urban_digital
CUS02286,Dodoma,44,7.955624323992182,42826.6087718021,14.197266139448889,137038.74928854112,1,3.4521768009631506,loan_active
CUS02287,Arusha,40,84.03044374411627,134891.27995837881,38.44021186007596,136098.6273423153,1,0.9365656119239869,high_freq_trader
CUS02288,Dar es Salaam,30,29.816510219781673,46116.041570157686,29.142569017412658,813133.6138061236,1,1.0768875286135742,urban_digital
CUS02289,Tanga,33,21.440049048931996,50030.36302796507,22.32066532577285,554514.269940541,0,2.3972546800337446,urban_digital
CUS02290,Mwanza,21,23.432128379676296,42381.48916333034,8.336556585023432,120299.7387238296,1,6.576759387008071,loan_active
CUS02291,Mwanza,39,70.73655407733685,121430.80500492196,49.45111094404676,531412.3502271696,1,1.8649795176614505,high_freq_trader
CUS02292,Mbeya,31,0.3957860623545127,681.5932119914496,0.30326035363201337,65574.08176735854,0,75.87105810854709,dormant
CUS02293,Arusha,30,7.290664097713364,9870.424825180442,4.331382490474402,1029488.1002637753,0,16.850421571176092,rural_saver
CUS02294,Tanga,40,29.10254429074421,47580.83007069025,27.246874296941836,707480.6171282692,1,0.0,urban_digital
CUS02295,Arusha,25,26.588624604820204,17831.883090052983,23.69501944613183,457887.8474620051,0,2.3752913698278735,urban_digital
CUS02296,Tanga,46,35.36825994245824,104765.44205545938,45.56919354994917,267633.47232696885,1,0.8258647357683426,high_freq_trader
CUS02297,Zanzibar,37,18.166447771582465,28257.697872706656,34.15640861521764,786439.270005418,0,0.4296199615770935,urban_digital
CUS02298,Mbeya,21,21.146107648760346,41199.51134490181,23.763604051996214,581912.322227057,1,3.834756239125504,urban_digital
CUS02299,Dar es Salaam,21,64.6661538598029,130787.002861068,36.77427874928285,427553.83380213194,1,1.0106356840500612,high_freq_trader
CUS02300,Arusha,32,15.054160302396234,33835.45021284401,12.432491596648308,292244.9286951618,1,4.222209158181313,loan_active
CUS02301,Dodoma,25,63.59181148186115,95047.50220641844,38.74061751771795,523157.24111945275,1,0.9476018674402665,high_freq_trader
CUS02302,Tanga,25,2.5065786253176077,16646.159681589685,4.490835799734712,582200.8395215481,0,9.424594265891546,rural_saver
CUS02303,Morogoro,37,6.810163342209711,13870.941492248247,2.8180128171444823,641498.3922789292,0,13.697934275479078,rural_saver
CUS02304,Tanga,37,5.525755956050727,16542.452122842104,6.728770029335201,1047124.2105540397,0,12.554118017039539,rural_saver
CUS02305,Arusha,26,5.022089152241309,7247.233393322345,4.685671704774688,1004004.025330661,0,14.143284274407065,rural_saver
CUS02306,Zanzibar,23,2.4572311762706267,11514.420770724017,0.9181213948960276,1001410.9066472026,0,13.938756769983112,rural_saver
CUS02307,Tanga,28,4.383786273489372,17672.19826341826,5.959679562895981,296213.8165130615,0,1.2096376286269415,rural_saver
CUS02308,Tanga,26,1.0468284039481155,20039.080533677443,0.22835284975530976,12586.523648898641,0,64.73015651169867,dormant
CUS02309,Zanzibar,26,10.375881620100976,30731.499935276563,11.582309064900969,136447.2848754923,1,3.2367943998139346,loan_active
CUS02310,Mwanza,47,12.930707251647839,25005.736024157828,7.171420014448941,201490.88004829924,1,4.539358077549019,loan_active
CUS02311,Arusha,34,30.500318918710434,28402.404435033626,22.173104969430515,441580.23418844235,0,1.628347773952345,urban_digital
CUS02312,Zanzibar,35,5.621611160315486,7599.327351373036,6.810792335914311,1098699.017155056,0,10.76744768398137,rural_saver
CUS02313,Tanga,49,37.34052512000854,80014.21010301367,23.369391320443086,483494.05139182706,0,0.0,urban_digital
CUS02314,Tanga,27,5.293012379873437,19376.77873735033,6.15290434177764,575708.9310206936,1,16.978747557801732,rural_saver
CUS02315,Tanga,51,21.728960230574703,43302.53063518665,31.539472104891384,737087.5963526253,0,3.588520943591049,urban_digital
CUS02316,Morogoro,40,30.004733264335147,78313.43589043361,22.762884222032458,819605.6994318387,1,2.902848436419421,urban_digital
CUS02317,Zanzibar,45,88.68163091859061,113796.29503453187,43.81472890151881,183794.5811732413,1,0.49599874921274145,high_freq_trader
CUS02318,Zanzibar,31,7.723755279379681,14101.82277043205,7.327063973767418,1356868.8208109976,0,12.26204448661789,rural_saver
CUS02319,Tanga,47,9.609961430182139,30216.63010279002,9.582444542976766,17170.62026759627,1,6.153627949992245,loan_active
CUS02320,Dar es Salaam,25,27.952493590544055,12633.095298737931,22.735036177924513,321322.757526504,0,3.4519363006285246,urban_digital
CUS02321,Arusha,40,32.97741767112936,36576.88656541607,20.107849114140375,1006481.2337215055,0,2.9343024110319758,urban_digital
CUS02322,Dodoma,46,6.323394783197556,21320.12454986062,7.810693208934572,394944.9226168065,0,9.827205006406288,rural_saver
CUS02323,Arusha,26,29.541326095114343,68105.67437331335,29.501332046480513,872940.4875577646,0,1.1939140759829472,urban_digital
CUS02324,Arusha,21,35.9387128135027,33393.884566418295,19.31032825394619,375728.9165198889,0,1.8577680903338762,urban_digital
CUS02325,Dodoma,25,19.796291999599894,17263.333747575132,6.083989019198226,91490.08804224001,1,5.437743077016548,loan_active
CUS02326,Dar es Salaam,18,37.143988606574005,51038.67845311709,20.551982869578584,799523.4154137002,0,1.4095633627598874,urban_digital
CUS02327,Tanga,38,32.408902400372256,36442.8624694361,20.42696348173814,991627.3869845446,0,2.9559146327623917,urban_digital
CUS02328,Dar es Salaam,22,0.6914955126747866,6997.830968691674,0.2091853492971306,95839.65170485678,0,93.60920139576464,dormant
CUS02329,Dar es Salaam,50,4.83105253323867,19907.476350253924,6.357383549332816,1066483.0806047795,0,13.015116322114856,rural_saver
CUS02330,Dar es Salaam,42,0.5867782728390185,15919.212222406666,0.0,70544.22561340925,0,54.59557283074,dormant
CUS02331,Dar es Salaam,51,9.602711633525457,17498.54295354112,3.1919879638791775,752678.9362736918,0,7.957103835096592,rural_saver
CUS02332,Morogoro,45,75.30765932114068,52585.81387644123,40.306881144661176,309373.72752002184,0,1.219124996036922,high_freq_trader
CUS02333,Morogoro,46,36.08241033365202,36378.385829572086,24.182538863833344,446870.4641467709,0,2.3294509091072473,urban_digital
CUS02334,Mwanza,18,8.626983707693913,18444.88581972881,2.279660274318238,494348.1857027346,0,16.00208443544485,rural_saver
CUS02335,Dar es Salaam,43,1.5423779783540075,9957.618200645778,0.3513424548147381,14960.86546980869,0,75.32432445790906,dormant
CUS02336,Zanzibar,28,17.515103602767734,28201.128718475673,9.771738868170003,100719.46383705875,1,8.328323165792785,loan_active
CUS02337,Mwanza,36,3.663060682289928,16389.075411156307,3.014365220565444,774508.0008892184,0,5.954365101913031,rural_saver
CUS02338,Dar es Salaam,30,0.3665607760789885,17986.057544082774,0.4782760298003439,15449.1445576396,0,44.28727513965774,dormant
CUS02339,Arusha,22,35.98884969702793,48382.36606151927,14.087398451528333,396115.1403164937,0,2.442036938368239,urban_digital
CUS02340,Mwanza,52,28.91690556375146,28966.202145451036,24.030927094892267,674005.1968896426,0,2.245575423605166,urban_digital
CUS02341,Dar es Salaam,44,26.900931782753208,54282.80121721736,20.935521144149277,618155.6519784827,0,2.322259955349209,urban_digital
CUS02342,Arusha,33,54.062408693705365,76224.80201533315,42.8545457477117,176247.60450303167,1,1.176598209200618,high_freq_trader
CUS02343,Morogoro,36,31.12642248748744,52929.00422916494,23.194990542064005,375466.1189420096,0,2.5849639304653893,urban_digital
CUS02344,Dodoma,46,53.40288761091024,70390.3378541219,44.94258248204741,266752.1391656917,0,1.4396678987192806,high_freq_trader
CUS02345,Dar es Salaam,36,28.8304585267716,48213.09885100848,13.056254524440215,405815.74033530906,0,1.6813452775964306,urban_digital
CUS02346,Zanzibar,27,15.77625162520487,37857.469467912524,7.260221634935316,205309.03710198705,1,8.618576887103181,loan_active
CUS02347,Arusha,50,51.776018113069526,92136.69566326229,35.793895123095965,40450.73803751852,1,1.510095069733722,high_freq_trader
CUS02348,Dodoma,41,37.59933752774785,47715.65326535252,19.045472460230943,512396.7701685636,1,0.47010801045802575,urban_digital
CUS02349,Mwanza,39,39.750241334357455,44002.87708576805,17.210825945971994,575615.9232489936,0,1.5087683232015534,urban_digital
CUS02350,Morogoro,31,20.713164825363833,46568.65719391154,27.257816328597393,883947.5540463927,0,3.043120450519277,urban_digital
CUS02351,Arusha,31,21.739235206078206,21284.155750361842,8.387438791017626,240275.7045380773,1,4.577776570494978,loan_active
CUS02352,Arusha,45,26.40800730060093,46405.82129816694,29.430419209596202,784846.3036646429,0,3.092388567490796,urban_digital
CUS02353,Dar es Salaam,30,3.943261051814004,23692.763667165316,4.440426108290857,75507.19580465578,0,10.020219724842649,rural_saver
CUS02354,Tanga,45,4.788633869625602,17197.50934267184,2.2232221621254213,726928.0611987803,0,8.831011825191052,rural_saver
CUS02355,Mwanza,46,63.25274765757239,99825.91845860709,44.8848177081383,286035.8594751448,1,1.902586239688441,high_freq_trader
CUS02356,Mwanza,29,9.225654027871169,20172.692104807247,3.0792571922690364,195606.61850134027,0,12.546088186832947,rural_saver
CUS02357,Morogoro,23,1.0088929966973064,14934.363678778593,1.8364428994953972,682685.2257702234,0,5.8834321836639605,rural_saver
CUS02358,Zanzibar,18,15.9279016370506,43723.62091613309,8.389176418372815,267377.2324018326,1,2.4426616441496796,loan_active
CUS02359,Arusha,44,18.08689741353741,49038.5875819214,19.111053403054136,317961.5272301562,0,0.0,urban_digital
CUS02360,Zanzibar,19,72.61030076298479,111882.11161674435,32.65517227165928,341413.6446674558,0,0.7625583774554536,high_freq_trader
CUS02361,Tanga,34,24.23439894343479,49461.44766705699,31.537713271735974,830287.9226643678,0,2.079700038774776,urban_digital
CUS02362,Zanzibar,35,3.1048000922246963,10822.467330552474,2.3942902908126174,1072427.7946621948,0,12.94629367810585,rural_saver
CUS02363,Mbeya,33,10.085349087030568,34500.67103650743,7.100651638270081,202628.79934048775,1,4.281825193805214,loan_active
CUS02364,Mwanza,44,0.8468111148355417,5035.622841633736,0.589192975746675,9572.109441211593,0,81.1310193587765,dormant
CUS02365,Mwanza,27,0.0,1876.8355088351555,0.525013315758341,38272.33575352438,0,73.18395792463589,dormant
CUS02366,Tanga,18,33.476862278963424,48590.59452492047,25.203320440285218,366075.9063650277,0,1.0077870812425207,urban_digital
CUS02367,Morogoro,35,5.686917050831177,20322.36630033655,4.45338997832636,767453.7280510489,0,10.41445588853687,rural_saver
CUS02368,Dodoma,18,6.354668860519646,9800.028230274867,4.213076720060422,373425.48920988326,0,5.589003232358478,rural_saver
CUS02369,Morogoro,45,9.34884988505343,6803.896616110427,1.6001307417257369,989717.1113823003,0,8.866458293935796,rural_saver
CUS02370,Tanga,47,4.406891494487881,13001.540266089794,3.3958441150352576,738481.2425465249,0,9.901331733966023,rural_saver
CUS02371,Tanga,40,3.4281111685922117,11802.963379651545,6.4069824510470905,987986.6583853057,0,11.813734493358126,rural_saver
CUS02372,Mwanza,25,9.642099989695364,15457.703289901587,1.9773134463145223,1091639.2458683674,0,9.560252094326836,rural_saver
CUS02373,Zanzibar,57,24.93823151308139,50710.18285284494,21.25677514395464,794677.0631980714,0,1.0104756235884318,urban_digital
CUS02374,Tanga,33,2.939547116814095,14866.41735500855,7.7029676951258,891422.5656302182,0,12.60989945762006,rural_saver
CUS02375,Mwanza,42,15.284095515143537,41170.66008137565,25.16109252915597,646332.5819385151,1,2.2809580661495055,urban_digital
CUS02376,Zanzibar,32,20.824815837049506,40405.013115277914,9.65580373305324,143505.01195684774,1,4.298691035527439,loan_active
CUS02377,Dodoma,57,0.8124681952658024,3963.6507586812027,0.3440545375225932,96562.01964222107,0,70.50753005310372,dormant
CUS02378,Morogoro,40,28.98202868397357,44321.901694247994,24.583092511519332,537715.3511672427,0,2.880174858223151,urban_digital
CUS02379,Dar es Salaam,18,0.7706604806782298,7269.629257768016,0.6473367296491928,48821.851446206754,0,80.34440196393793,dormant
CUS02380,Morogoro,26,53.647897557066614,99183.82870453094,47.25769387667193,440240.96131942567,1,0.26111011237595916,high_freq_trader
CUS02381,Mbeya,18,33.36755563625066,25437.98149101578,23.50795028133276,593152.6365513768,0,0.9688400038536471,urban_digital
CUS02382,Tanga,34,29.02763656927409,51317.16327054574,29.03727481316519,528289.6693231699,0,2.485773774888429,urban_digital
CUS02383,Arusha,45,17.62060418323553,44188.083916569034,24.442253742313557,703638.8484796989,1,1.6879551851921257,urban_digital
CUS02384,Dodoma,34,27.375487283673202,41331.18741441498,33.531631988917496,385999.1626336896,0,3.02124973587419,urban_digital
CUS02385,Morogoro,31,59.562495204574034,94548.69390858842,35.243669140497694,235777.76603569955,1,0.8383511497005585,high_freq_trader
CUS02386,Mbeya,50,3.79587605481964,35976.49087929451,7.890128879384269,655.1130708239798,1,4.299897970178126,loan_active
CUS02387,Mwanza,37,24.764620249423505,53013.482158481944,30.914060016928584,474386.25819568173,0,3.7286917749097013,urban_digital
CUS02388,Arusha,36,64.48499810482713,79818.6519007918,45.496406643457924,294053.60794716235,1,0.8223837330085914,high_freq_trader
CUS02389,Tanga,48,22.49896541764673,50737.54158830976,24.22381710466898,350398.1992842271,0,2.6205627016310844,urban_digital
CUS02390,Mbeya,37,0.048789384363033206,3610.2380202358117,0.885295482090316,49706.96160514977,0,76.82937870643946,dormant
CUS02391,Mwanza,21,80.5811481184821,96359.13172142331,48.519705993114755,304347.5784804489,1,0.6583816653535033,high_freq_trader
CUS02392,Dar es Salaam,21,6.43557316717337,21119.443968250005,4.322021884301647,807665.4544109198,0,11.421783451380696,rural_saver
CUS02393,Mwanza,26,33.400979605843496,41667.17925191283,22.512729034916585,566186.7967374501,0,2.165502673024368,urban_digital
CUS02394,Dodoma,34,0.14645389152574922,7219.556756611865,0.3906659228080925,48934.701695062286,0,72.5101962765383,dormant
CUS02395,Zanzibar,32,11.098085487180306,46070.509123387754,8.070754179232662,160337.64405472475,1,0.879329507923261,loan_active
CUS02396,Zanzibar,32,21.40246501952182,33251.73876360852,36.11092973483392,649905.1801261719,0,2.855303583320787,urban_digital
CUS02397,Dodoma,34,37.638412071469176,55160.24758291792,24.206674759011516,652657.9248915219,0,2.052239184866376,urban_digital
CUS02398,Mwanza,39,30.289201787418943,65879.68561692556,17.97392941520632,828470.9527017614,0,3.2696631482648053,urban_digital
CUS02399,Mwanza,22,0.4205778756023185,1077.631506486964,0.8216930628881958,21717.391594340985,0,76.6776572231263,dormant
CUS02400,Mbeya,36,0.0,7180.240641243472,0.12194662137891854,14935.549360807192,0,74.29134770545629,dormant
CUS02401,Tanga,40,58.472078172030244,27989.84913746806,35.815120775601244,370261.50153401296,0,1.2558960972179047,high_freq_trader
CUS02402,Zanzibar,40,47.78734287657355,89692.94241735038,46.59992866678125,168536.66543092267,0,1.5751195589905707,high_freq_trader
CUS02403,Zanzibar,40,9.604044458538633,33390.38096804993,11.786906858295582,0.0,1,3.931353837762733,loan_active
CUS02404,Morogoro,29,62.710129310380765,76940.54038407192,31.16334395535064,394269.732329137,0,1.2726736008145028,high_freq_trader
CUS02405,Mwanza,65,34.4353704579679,37868.668679566064,29.952269870759515,864258.5061095061,0,1.8194388466337021,urban_digital
CUS02406,Mwanza,46,0.5759222295446218,8964.225915385838,0.2933815964285675,16107.005688309728,0,100.90146474769529,dormant
CUS02407,Arusha,44,34.95731864991126,52239.85656659144,20.54015362050848,531784.3488975635,0,1.883532343633405,urban_digital
CUS02408,Dar es Salaam,37,5.5249898418361525,12049.598538713362,3.404506151781001,1264609.7910957055,0,17.431664705634454,rural_saver
CUS02409,Tanga,53,12.832990371864863,55744.86413757989,10.71882124523744,320246.0909760945,1,4.159744890195362,loan_active
CUS02410,Zanzibar,18,0.5590016861367476,11346.622378182388,0.0,60452.41847627921,0,53.617591240185995,dormant
CUS02411,Mwanza,40,14.529584902142863,45956.12037126704,12.19021551597682,51283.99603272925,1,1.203227234325806,loan_active
CUS02412,Mwanza,36,9.162397590716825,10180.269815649164,8.194808156352723,898052.0135492999,0,3.7564785731459924,rural_saver
CUS02413,Arusha,30,8.964441931586528,9009.37616650907,4.236989596327559,902028.318416507,0,8.46957108541203,rural_saver
CUS02414,Tanga,23,6.349291648560749,16512.90513919108,4.505145700206487,1261796.2526721358,0,2.753265861981056,rural_saver
CUS02415,Arusha,34,25.723145088308936,37654.80432140668,20.83243838954114,308347.19235501514,0,2.649331112279531,urban_digital
CUS02416,Tanga,28,31.027042771041486,39047.01603066182,28.51422995390965,498327.62493129296,0,2.316623792926297,urban_digital
CUS02417,Morogoro,33,8.398412534816828,10746.53906147585,5.341453625734667,1423432.782647145,0,9.094067655907898,rural_saver
CUS02418,Morogoro,18,37.76977232171078,49833.390885494126,34.72101338609336,655850.2775888041,0,1.4164930647867902,urban_digital
CUS02419,Dar es Salaam,18,12.625050816396861,30472.02165950232,10.959159021675466,305345.457632116,1,5.109632976818359,loan_active
CUS02420,Dar es Salaam,48,22.516554100738233,48147.45434245096,24.464973798393487,924891.1044625167,0,2.9301154737777164,urban_digital
CUS02421,Dar es Salaam,30,22.624461242816253,56619.53171152483,22.587905484213163,310401.3188078948,0,3.397543618614386,urban_digital
CUS02422,Arusha,28,78.75314100292152,48601.477141961346,30.425654105789103,277991.0937371793,0,0.6664333069703879,high_freq_trader
CUS02423,Tanga,44,25.846152017183595,48341.100844204455,20.662315587643192,578796.3677362053,0,0.7943795832399703,urban_digital
CUS02424,Morogoro,18,23.53897220421007,45645.71995073916,11.326864327445266,98677.72458112266,1,4.426162551634519,loan_active
CUS02425,Mwanza,36,55.64087730727379,108352.89799360666,30.89375694252397,363508.2426368305,1,0.272833784868754,high_freq_trader
CUS02426,Dodoma,34,24.295328391990882,49993.1841106024,27.348943429456316,679787.7867546302,0,2.2888712724225724,urban_digital
CUS02427,Arusha,31,0.10175837663899734,12126.155013948199,0.5049714467944321,70412.0405035961,0,109.26983111527963,dormant
CUS02428,Tanga,22,0.22549632389457502,6585.589134970228,0.0,4292.50637461977,0,87.42206017936223,dormant
CUS02429,Mwanza,43,58.779361474740476,79694.30993155832,47.085218862368535,309069.19575022423,0,1.4858165048715397,high_freq_trader
CUS02430,Zanzibar,36,43.06819874911321,96306.66611650081,34.279385683318814,188784.33107997483,1,1.062135694225894,high_freq_trader
CUS02431,Zanzibar,18,70.49088315395153,72459.8881011639,35.753200244471984,398500.71872194915,0,1.4953859204546456,high_freq_trader
CUS02432,Tanga,18,0.3771165957122954,1604.6685073306435,0.0,88930.00575814859,0,95.88915747669441,dormant
CUS02433,Mwanza,54,3.897887683596674,16699.362844155658,5.430634980358696,660145.8944704125,0,5.474609415765459,rural_saver
CUS02434,Mwanza,19,0.26252210047324165,8125.16921445106,0.32509338066678817,83168.61360421428,0,55.95066870735182,dormant
CUS02435,Mwanza,40,20.82860128888862,17847.004148952532,9.58177739252758,280034.9777362315,1,6.39451221649131,loan_active
CUS02436,Zanzibar,31,0.0,5060.79502332657,0.7033187463093477,64170.184737709424,0,92.80498494001128,dormant
CUS02437,Dodoma,40,0.8833308152377157,9037.412137823878,0.24901199967358692,7579.7883037579595,0,94.07816594639152,dormant
CUS02438,Mwanza,32,4.787475901704294,20896.263670640255,4.487624998133249,979019.6517285231,0,12.674826481221196,rural_saver
CUS02439,Zanzibar,31,83.80396985081435,71654.97947839965,45.96777471195264,287421.125044151,0,1.6167116591851365,high_freq_trader
CUS02440,Dodoma,48,18.009181710668322,37655.57280509773,7.434794022886731,250647.91989753663,1,6.422375591347781,loan_active
CUS02441,Dar es Salaam,42,23.011482099561803,44652.78884537841,21.853880827219424,750262.3978039982,0,2.758483116961044,urban_digital
CUS02442,Dodoma,36,25.748505115520963,66956.61109747563,20.273826751382675,318197.1827886478,1,0.0,urban_digital
CUS02443,Morogoro,31,3.146029850389524,10257.677487613142,0.7318226489699731,1014864.8858110628,0,12.008356122783793,rural_saver
CUS02444,Mwanza,36,5.0492717195758114,17546.729834307967,5.247022659256183,1243740.8616136366,0,9.88076214935628,rural_saver
CUS02445,Dodoma,41,0.11085515736493423,6303.613077997929,0.17429984706868126,58800.828320816334,0,75.05909934469156,dormant
CUS02446,Zanzibar,37,27.35802050712449,38042.96799828639,24.956414486287365,416563.21132183244,0,1.7145348120351587,urban_digital
CUS02447,Zanzibar,18,9.203090968771079,16907.918507813898,4.146437906139544,692288.7540418635,0,8.919177918349913,rural_saver
CUS02448,Zanzibar,49,0.40245588886933464,8765.959177472856,0.054448290704194324,46454.590846707964,0,73.57034326701795,dormant
CUS02449,Dar es Salaam,18,0.0,16135.209836742255,0.29014940394263755,67406.33701857386,0,77.5567253307571,dormant
CUS02450,Mwanza,40,0.0,5902.896481448843,0.5981159454350895,8470.365927508574,0,57.88525145917835,dormant
CUS02451,Tanga,21,65.31265052197801,65399.872156907106,27.216069118469264,380858.9464819549,0,0.8273491923121571,high_freq_trader
CUS02452,Morogoro,18,0.28505983876757834,9576.250293538922,0.23005705296700996,92215.80924544437,0,93.49941438808575,dormant
CUS02453,Zanzibar,44,51.69283645390656,76299.44184135835,34.02707214681605,328623.19077973877,0,0.16296256592239067,high_freq_trader
CUS02454,Dar es Salaam,53,0.508061853163166,9430.565654034444,0.5234479004605572,26990.908419795025,0,100.17811378631639,dormant
CUS02455,Zanzibar,30,4.21213512943765,22191.23303465445,2.1920319512648843,1664634.385981677,0,14.22634688182157,rural_saver
CUS02456,Dodoma,18,0.8575111918332742,7837.899731497329,0.0,0.0,0,125.15166592385786,dormant
CUS02457,Morogoro,36,29.81565163878944,53275.03987835792,20.424596082430007,458329.0924192789,0,3.202594230762175,urban_digital
CUS02458,Dar es Salaam,41,36.77935182605491,58574.630070362895,22.856076128682453,285895.24816136586,0,0.653210748697135,urban_digital
CUS02459,Mwanza,61,6.119786952758939,18172.124158456474,5.72683995229944,1059257.5660247656,0,12.079533899968048,rural_saver
CUS02460,Mbeya,18,7.550602196644941,39872.8746689146,17.32801314022293,56032.80031324479,1,7.002200183691831,loan_active
CUS02461,Mwanza,33,0.8561808572090955,6914.736395355481,0.2818662610470441,40251.35824340902,0,101.25378182869262,dormant
CUS02462,Tanga,49,25.22011879209621,39643.49383989348,22.295050220554554,384092.8960138927,0,2.1176696247034195,urban_digital
CUS02463,Morogoro,33,0.6204894497708784,6102.121081612526,0.0,58834.60642419806,0,72.65258438484324,dormant
CUS02464,Tanga,29,29.57517710288859,51232.66897493676,25.348676120682352,565896.3793510597,0,1.3872152311239645,urban_digital
CUS02465,Dar es Salaam,18,43.84748649075046,118989.36703780582,32.460972062153445,305287.06557105336,1,1.0016091877688889,high_freq_trader
CUS02466,Mbeya,44,64.68585595928072,123161.58125313531,46.29225782399885,0.0,1,0.3370742240328456,high_freq_trader
CUS02467,Arusha,18,0.7264207254461584,8321.340420959234,0.12917812734106723,89925.70184689449,0,74.2134829963672,dormant
CUS02468,Mwanza,35,1.1161499749892316,8877.139971868699,0.6345020121863908,67176.45870367473,0,122.83245492411376,dormant
CUS02469,Arusha,33,7.439661287919583,13481.038570966462,5.605275417660582,15776.080203697551,0,9.588030125334171,rural_saver
CUS02470,Mwanza,37,4.246146102983108,19530.614192731497,2.9911103524561273,960082.3200215958,0,12.001456831415188,rural_saver
CUS02471,Morogoro,41,19.206985131907466,36448.701718395874,7.975967224294041,138675.3970752047,1,4.432915237154376,loan_active
CUS02472,Morogoro,51,61.27982450723021,70143.38543594995,38.22430188709438,71112.49513858705,1,1.0006529339521244,high_freq_trader
CUS02473,Zanzibar,57,3.9318508047072322,16008.847096658897,4.438620628244162,830868.794170563,1,8.584201026831215,rural_saver
CUS02474,Morogoro,40,5.167631493132111,16704.68571799634,0.0,1147070.5150199567,0,5.791879883597511,rural_saver
CUS02475,Zanzibar,49,28.11676416647468,50596.435086230675,22.563794677126157,972653.0774103043,0,4.691574713048215,urban_digital
CUS02476,Zanzibar,33,32.992691724305935,32514.2683877124,28.548411918474862,720787.686136123,0,0.5953996927787759,urban_digital
CUS02477,Zanzibar,18,24.901130742695013,57947.39033346555,19.581103557903376,508951.81139678817,1,2.5101692578797277,urban_digital
CUS02478,Arusha,32,5.00465629629919,6386.173896686569,3.3742490495162105,1116914.702927256,0,7.08960666893012,rural_saver
CUS02479,Mwanza,31,21.80542486539204,33700.371385260514,0.0,221574.48069687784,1,4.081801601521822,loan_active
CUS02480,Dar es Salaam,23,6.671846944481002,7876.460434626317,4.149307149757298,1060349.098465655,1,7.604274995866316,rural_saver
CUS02481,Arusha,35,24.246870205729998,43367.982773674266,25.477341796359244,535091.3363288017,1,2.295286213601152,urban_digital
CUS02482,Morogoro,30,29.560816954739032,53794.871171540406,25.203874465705084,238096.63337018364,0,2.119675208076098,urban_digital
CUS02483,Tanga,22,2.3465669078261833,3605.451900628319,2.11126442128446,1055188.271057265,1,11.20788490110367,rural_saver
CUS02484,Dodoma,30,50.590510276276234,124019.57746627941,29.5137530356676,615265.9322271545,1,2.067361034934943,high_freq_trader
CUS02485,Morogoro,49,6.712692532303072,19542.924755259715,2.698448188419362,569639.0286521516,0,6.910768889870534,rural_saver
CUS02486,Dar es Salaam,47,52.60284583524822,92391.03666493356,47.864324164862744,491976.34655187593,1,1.1921481183066258,high_freq_trader
CUS02487,Arusha,34,75.16227890756721,43241.17318952199,54.103566564284975,194901.07996945275,0,1.0387808624079438,high_freq_trader
CUS02488,Morogoro,28,26.760892130338817,33089.24001571733,26.61914005323989,542791.0662488632,0,0.9649953115509642,urban_digital
CUS02489,Mwanza,35,0.7425496542161797,5155.52779760448,0.5926324670209867,46423.56561747911,0,69.21190156317259,dormant
CUS02490,Mbeya,31,21.97577465878161,21286.613080576924,16.625467885676578,226812.8087139708,1,4.9566870099252025,loan_active
CUS02491,Dar es Salaam,47,6.57135675065395,12292.927462291336,5.932950327770587,687823.3184292997,0,12.716555273300784,rural_saver
CUS02492,Arusha,28,23.073069749386708,54037.65882144439,19.090074594369103,169933.83487821417,0,2.8346599760763174,urban_digital
CUS02493,Arusha,36,15.277391617455041,35223.99673016755,12.487594195457305,21063.206045948158,1,4.795294086330964,loan_active
CUS02494,Morogoro,27,8.173149180728718,21209.175787653643,8.541166324070442,150681.94266161,1,5.024092050111059,loan_active
CUS02495,Tanga,41,5.209647357041461,16492.608806743716,6.489242013586637,233880.93406676408,0,9.55539335522608,rural_saver
CUS02496,Zanzibar,35,1.0927716686304945,4979.4956967337,0.5832914033691741,12378.714070162147,0,77.55198465534511,dormant
CUS02497,Tanga,31,22.065794290903,50242.601472602415,31.931436327573902,405628.6258367243,0,2.8558731210790134,urban_digital
CUS02498,Dodoma,27,76.32471505867989,79257.79146453211,39.06964237440964,151026.8705360143,0,1.0015114727494852,high_freq_trader
CUS02499,Mwanza,41,4.636008750898852,17312.460589499908,6.7943809801491275,1088703.0742892954,1,12.221229884887812,rural_saver
CUS02500,Mwanza,18,32.07575728401952,62858.04906934996,30.18785033058593,383024.3533782461,0,2.265356505798508,urban_digital
CUS02501,Mbeya,28,0.0,6542.131119547604,0.0,39687.29543738257,0,89.28682505523915,dormant
CUS02502,Zanzibar,19,15.417313013756184,24300.480417209328,11.195069139883326,190650.8313175653,1,2.154131485971716,loan_active
CUS02503,Dodoma,29,66.11057756181422,94100.16401370452,39.60230564611536,280757.7692788021,0,1.1714257460057027,high_freq_trader
CUS02504,Zanzibar,51,24.18641917677751,44292.05765955758,23.051325510001345,1012136.4450098637,1,2.2896653121143786,urban_digital
CUS02505,Tanga,32,23.13289244952319,61075.77394970005,23.263022128395797,1100269.0459292806,1,0.7710708706491325,urban_digital
CUS02506,Tanga,23,21.681346786641267,35815.41154411227,9.761498369611582,207519.77310941473,1,4.310004618664892,loan_active
CUS02507,Mbeya,19,23.64410390483195,22773.887207524684,10.677866639053953,188390.76384655465,1,4.972697760163077,loan_active
CUS02508,Mbeya,32,4.002471944577733,17612.584591783092,2.4402413828076917,278394.8332534606,0,6.510018480176877,rural_saver
CUS02509,Tanga,21,0.3750938357430983,8208.952732068297,0.0,25236.40737207166,0,69.80151902490674,dormant
CUS02510,Dodoma,41,7.427635318923286,13463.105097559548,1.1011267966981864,732291.3063632913,0,8.215638185952454,rural_saver
CUS02511,Mwanza,23,10.803400551906229,20753.22100680363,0.7272593112733241,791930.2545003976,0,12.300283689698556,rural_saver
CUS02512,Zanzibar,40,24.812487014809967,30067.057489088133,20.988671382542456,487006.89054958447,1,0.813487263080243,urban_digital
CUS02513,Tanga,24,19.307021363713297,45311.67527000914,16.173725601287256,868451.1452053265,1,1.9442627061114546,urban_digital
CUS02514,Mbeya,21,24.01438403442654,39555.09501269034,23.465863820377002,874093.9294812656,0,2.9710045037340955,urban_digital
CUS02515,Mwanza,41,50.75931948442046,91518.03157881077,30.391199225247263,345597.442582816,0,1.2726726959791623,high_freq_trader
CUS02516,Dodoma,21,16.802304100261598,61000.26956005315,16.16307334983993,569450.1572308354,0,2.3585975259848233,urban_digital
CUS02517,Tanga,24,29.72242973444069,51130.14016523389,18.463980776935863,678518.5277929953,0,2.62438925730379,urban_digital
CUS02518,Dodoma,43,6.16102691583641,14563.011538522473,6.321314655822537,972639.0086101013,0,11.438370822176696,rural_saver
CUS02519,Dodoma,52,27.644997917597827,34996.64434394429,20.91754249696142,735998.5843270461,0,2.0026887610791353,urban_digital
CUS02520,Arusha,43,28.902354358141928,32050.418504430825,34.88923926336305,952489.6595891819,0,3.275755411339087,urban_digital
CUS02521,Mbeya,38,0.288230097409624,2578.3398801801814,1.077576783252203,7803.858001300883,0,80.95116262115815,dormant
CUS02522,Tanga,19,7.032011168379037,14551.578669040762,3.841500313543786,941523.5200170979,0,9.992734554279078,rural_saver
CUS02523,Tanga,45,1.506841234848689,10142.796597209464,0.3626720283912465,31265.981169811697,0,54.92771614300311,dormant
CUS02524,Mbeya,40,14.200688074577313,41210.64584572895,4.5913994651954,273748.38751813053,1,6.802754870818874,loan_active
CUS02525,Tanga,46,32.44602615720889,28956.23339502636,32.3891344569396,696652.1996165933,0,0.9034083433354385,urban_digital
CUS02526,Dodoma,34,16.055795986135024,39826.009029320936,10.10665821822512,69780.50486591588,1,6.0172355798562345,loan_active
CUS02527,Dar es Salaam,36,26.885013528527885,43690.69137764709,13.707059639031701,367641.8501950046,1,5.769147744360239,loan_active
CUS02528,Dar es Salaam,36,51.8495118073051,78686.20354431635,23.623169867614312,418563.5008209862,0,1.4513679909778774,high_freq_trader
CUS02529,Mbeya,46,0.4788160349278005,13544.297715531866,0.6628327079809286,49133.257830361326,0,57.01991847173407,dormant
CUS02530,Mwanza,30,0.012712514292369304,1780.554835527354,0.4495049605463182,86554.69765409679,0,66.89829664412248,dormant
CUS02531,Dar es Salaam,46,0.8609966743429089,12380.118745648862,0.22114043565539315,19171.905268324128,0,45.85938794776922,dormant
CUS02532,Arusha,25,0.0,9488.096964809467,0.5332221205327548,34960.9436434837,0,71.67578299640088,dormant
CUS02533,Dodoma,47,22.541730369795417,42187.30534549115,30.389563310381867,922146.2189207205,1,1.2878783719551998,urban_digital
CUS02534,Mwanza,37,6.653522091697624,37476.108541480906,9.82434562864318,253506.22748195048,1,7.790037079276752,loan_active
CUS02535,Arusha,46,0.21469782887922978,6826.690460373039,0.48521633236739237,39953.176337242025,0,78.8785091305605,dormant
CUS02536,Dar es Salaam,36,78.18194068555111,97217.00362023636,40.94212325632111,133906.47607772294,1,1.2478505339140744,high_freq_trader
CUS02537,Mwanza,47,6.7213069471105085,18858.952449403667,5.7911010602611865,1383240.5687419816,0,17.016804877061617,rural_saver
CUS02538,Zanzibar,46,27.639211712983155,24991.515258680094,24.427811321484914,911695.5609780643,0,2.082462647462552,urban_digital
CUS02539,Dar es Salaam,46,5.224376904433406,10653.081257723552,5.140004302447469,676983.8942887192,0,17.36148769771146,rural_saver
CUS02540,Dar es Salaam,22,9.766775570834374,19370.063765077677,5.360729843384905,1010860.6900261072,0,12.048426327620387,rural_saver
CUS02541,Zanzibar,40,5.335548366157852,21457.46145675697,1.5351866261494984,535045.0047599701,1,8.339685182253334,rural_saver
CUS02542,Morogoro,39,7.979714863758891,17307.66242128939,2.735508842643105,1284880.1425585817,1,10.107311416758312,rural_saver
CUS02543,Dodoma,56,26.128097798450174,25425.543663359284,27.75078873130837,738148.603974235,0,2.5106761426572533,urban_digital
CUS02544,Mwanza,62,3.7447232936529202,14633.543545546445,3.6360353717318827,1398123.5803112648,0,6.486335413950278,rural_saver
CUS02545,Zanzibar,18,4.750584201717723,14944.23108170334,5.027014606975238,716983.6350842228,0,8.109326798865913,rural_saver
CUS02546,Mbeya,28,12.375089805418554,41530.2008618617,6.807303496982986,174175.9511093682,1,6.125100880283332,loan_active
CUS02547,Mbeya,41,30.093825157228405,53428.94592004217,21.30607990116181,630354.4620496057,0,2.727850170800594,urban_digital
CUS02548,Tanga,33,5.253033969608655,17392.219255980788,3.1748032564146023,1037208.5863069436,0,19.484186114274035,rural_saver
CUS02549,Dar es Salaam,31,24.116610397647253,32606.115626529663,21.717697532037903,733020.1390442476,0,2.2956798446873297,urban_digital
CUS02550,Mwanza,38,5.013250028138382,10415.847447689875,2.8862247980739877,511461.5822603173,0,17.348605945288178,rural_saver
CUS02551,Dodoma,26,6.5453839107120535,16044.04394795066,2.8145113575739833,1206754.1876267071,0,14.13648701585533,rural_saver
CUS02552,Tanga,27,0.0,9739.622118328078,0.011116882254524008,81637.98817501619,0,32.467573712463334,dormant
CUS02553,Mbeya,32,13.338116790839187,37610.99071963205,11.584942944005583,201179.00818517565,1,6.509972728579263,loan_active
CUS02554,Morogoro,25,40.65222617023875,61645.08400748386,22.440058921693193,572625.2615716043,0,2.363298613860578,urban_digital
CUS02555,Arusha,38,0.0,6405.359484907294,0.6194277551922007,45436.96939551601,0,73.07676117040668,dormant
CUS02556,Arusha,26,21.98657540322924,45303.43455173085,28.451647477494127,661312.6333223962,0,3.2641319062686582,urban_digital
CUS02557,Mbeya,43,25.93518781827844,68177.86623559962,25.57084256664249,636191.3179544795,1,1.908538844384678,urban_digital
CUS02558,Mbeya,20,6.029691420992934,12403.108825746762,3.425227674105162,1257547.5954048291,0,12.136160907448943,rural_saver
CUS02559,Mwanza,35,29.634094520495598,57816.089726761486,22.695392293898774,795485.6124721648,0,2.827672842556706,urban_digital
CUS02560,Mwanza,33,0.9432927806087468,2141.273546317443,0.3099437160520135,71390.44583232561,0,80.92599052491907,dormant
CUS02561,Mwanza,18,0.22627236349747099,1443.700003350562,0.2181100498881306,65506.24840459885,0,90.22017027498221,dormant
CUS02562,Arusha,57,74.10390151591959,65639.47947175716,39.0308148696427,214677.54275136904,0,1.0470373587709225,high_freq_trader
CUS02563,Dodoma,18,6.795704946013494,12116.601806828767,4.922138055111111,1483541.774021213,0,13.78277443623996,rural_saver
CUS02564,Mwanza,37,0.6934392994786878,6927.929000297385,0.09596254137827498,49330.48018223215,0,77.17267962594298,dormant
CUS02565,Dodoma,34,5.653025804402227,18512.194372580583,4.455149681641147,1012777.0076547891,0,12.219823439356851,rural_saver
CUS02566,Mbeya,23,15.4784502999016,51164.735925540124,19.440383488714787,582752.4350599414,0,3.3330290237912124,urban_digital
CUS02567,Dodoma,20,20.104822741825217,48908.6060302419,25.212138770189473,359624.8244151799,0,2.597540945746756,urban_digital
CUS02568,Zanzibar,61,0.0027073039345442695,5423.360258550989,0.23632192529897497,70819.14517326395,0,68.47038652849486,dormant
CUS02569,Morogoro,56,10.21844858660626,28470.066026987122,12.712355497163653,229043.45529062083,1,5.829601747291989,loan_active
CUS02570,Dar es Salaam,51,29.904735609231935,21286.755797882313,24.484978437236794,485803.27518049814,1,2.9646240642150268,urban_digital
CUS02571,Mbeya,40,0.9696838843993731,6702.15148359669,0.2764674316902822,91765.31123409563,0,35.56976168450093,dormant
CUS02572,Mbeya,27,73.1209156215004,87782.17423219913,45.18327850513432,315473.1804836735,0,0.5954849912928737,high_freq_trader
CUS02573,Dar es Salaam,35,41.70502873925089,93059.96729303748,35.895348632251896,120133.78121404344,1,1.383638370043498,high_freq_trader
CUS02574,Zanzibar,38,3.867518287868502,17409.01781201776,6.0703127641529075,1563910.2489890764,0,5.978566439205234,rural_saver
CUS02575,Tanga,35,0.0,9135.180847287882,0.8756030093721274,85875.92632157513,0,54.731003875267234,dormant
CUS02576,Zanzibar,39,0.7458372151534234,1080.385593443414,0.0,54638.83532325984,0,78.35350099868037,dormant
CUS02577,Morogoro,18,20.434813517492085,32816.98331145488,10.239247144764713,195712.93733473975,1,5.878058552588111,loan_active
CUS02578,Morogoro,48,22.569272847318288,40249.75876573668,19.69586474606907,893393.6995954268,0,0.8902745942034007,urban_digital
CUS02579,Dar es Salaam,50,11.76880304305826,43515.83854344257,15.53271876224262,247291.2771717253,1,5.360808289167658,loan_active
CUS02580,Tanga,23,24.866571900488136,74830.57605535316,25.204247707172694,829358.8324219792,0,2.4994145332514917,urban_digital
CUS02581,Dodoma,20,48.49867956105891,84887.43608943645,48.84266035076793,25285.85342324723,1,1.6549363114330915,high_freq_trader
CUS02582,Mbeya,18,35.5234039795345,31466.484281187935,19.417291929577996,570555.6444248031,0,1.359992803587684,urban_digital
CUS02583,Mwanza,25,33.591689141635065,28743.116578892623,29.93982287740583,613958.1642201211,0,2.2973042459594577,urban_digital
CUS02584,Morogoro,30,28.82723152897115,30683.124039155347,30.744454648270324,394540.95401786605,0,0.9652496977393881,urban_digital
CUS02585,Morogoro,57,11.9626959618427,14927.769566323916,2.3569404059195893,766633.3164678368,0,9.348856314179768,rural_saver
CUS02586,Dodoma,42,6.672079061960053,19517.00474863427,2.1801127203897916,838997.3492274879,0,7.098772678294995,rural_saver
CUS02587,Arusha,21,31.257088305019238,43187.00067193985,29.454556503262804,548476.5122963041,1,3.441539007100459,urban_digital
CUS02588,Tanga,33,2.5940621584290393,10660.918418809533,4.774483853356079,1285077.3043395565,0,17.25935008116168,rural_saver
CUS02589,Mwanza,44,4.300123718360883,24756.77584317817,3.699422243962026,500403.59214248654,0,11.574680375409388,rural_saver
CUS02590,Mwanza,36,80.17872265008867,105361.56456136102,47.799114856355644,308148.7608492082,0,0.9829210927216867,high_freq_trader
CUS02591,Mbeya,59,13.015924269769087,40043.77835335919,12.007380700860427,215513.3279915672,1,6.279213030070945,loan_active
CUS02592,Mbeya,25,1.0263148698182836,7170.992438341624,0.435921451147774,92380.94342480047,0,56.00053621968938,dormant
CUS02593,Tanga,18,33.40165235942665,45079.20528269389,23.745338000427797,339417.42527043493,0,0.7116418148943275,urban_digital
CUS02594,Dar es Salaam,33,34.958218110439454,66475.26714951695,20.663771168845035,800621.8447310472,1,1.9084813048885212,urban_digital
CUS02595,Zanzibar,33,17.587670726595125,22462.30116657341,5.155881479395711,243523.59718310245,1,6.102410423146823,loan_active
CUS02596,Dodoma,23,39.44707120578685,67767.78806198487,26.19583999880067,308868.9763533575,0,1.167418170004233,urban_digital
CUS02597,Zanzibar,26,3.6075481511467897,3686.9337813722377,4.33451462700194,210371.0649662722,1,12.777587893057177,rural_saver
CUS02598,Mbeya,30,9.575857435002643,34321.530424412966,6.685577886097798,164852.63383938966,1,2.9343402689764595,loan_active
CUS02599,Arusha,37,14.94239192244202,51351.515940171856,10.79924349966864,190355.5297807221,1,3.750413832302704,loan_active
CUS02600,Tanga,37,5.450393119584133,15148.280203541784,5.297891141731089,749929.8479259202,0,8.054341322872471,rural_saver
CUS02601,Dodoma,47,0.31800903733868857,13991.825454314298,1.1037488133582498,32961.731444380624,0,80.88005716409388,dormant
CUS02602,Tanga,34,5.468501875952043,10028.044303471335,7.4763466229295155,1105847.1881415609,0,15.802089600523752,rural_saver
CUS02603,Zanzibar,33,48.28042961095772,77666.70638939211,49.63858564270811,402312.8482214923,1,1.883281597247723,high_freq_trader
CUS02604,Mwanza,26,33.92510776438695,47640.46856744082,33.66476518711375,750609.0974122655,1,1.8211985212331603,urban_digital
CUS02605,Tanga,35,19.799781174768302,48704.82468131014,21.332407433178123,492764.95647092257,0,2.0522234383972684,urban_digital
CUS02606,Mbeya,28,1.369147675904225,10649.51787164561,0.9323446734990872,36830.288904064524,0,90.6744128625649,dormant
CUS02607,Mwanza,24,40.87325575843822,35782.2207672562,12.841329983887059,458410.13816702913,1,1.0486754989281648,urban_digital
CUS02608,Tanga,44,0.5176408824257752,500.0,0.6587856678243396,0.0,0,72.44498354692237,dormant
CUS02609,Mwanza,44,6.703086549801416,20934.36460630381,3.277093416043948,760575.9810995798,1,14.116807518111221,rural_saver
CUS02610,Dodoma,30,16.60907106733797,37326.625022677996,9.85484350479812,182794.41315855496,1,9.069868888958416,loan_active
CUS02611,Arusha,37,54.7073296085619,99734.31895306036,23.02603784722438,279740.74452984956,1,0.7368846030688901,high_freq_trader
CUS02612,Tanga,31,10.218670926612916,16657.999374893716,0.0,477034.69003280735,0,6.784696367150705,rural_saver
CUS02613,Arusha,18,73.9928583939756,62716.71382058639,38.3400049425853,332588.77309127804,1,1.073402629289002,high_freq_trader
CUS02614,Mbeya,51,28.49975246804839,43190.94752549693,28.320548764564283,744594.0617138806,0,0.6981928904591401,urban_digital
CUS02615,Dar es Salaam,30,8.300592214191383,16376.660011305807,8.290836575252008,711541.1026329021,0,9.956647972446818,rural_saver
CUS02616,Tanga,43,13.20795214319142,37171.43028010337,25.717925769023868,588394.4508489298,0,2.0423255195560728,urban_digital
CUS02617,Zanzibar,22,11.792496772357033,43738.567905164564,5.637428102962621,109729.84646402582,1,8.397986403201422,loan_active
CUS02618,Mwanza,20,52.09479224843033,58672.223485142036,33.38186893350475,320754.4737043154,0,0.9906809332406638,high_freq_trader
CUS02619,Zanzibar,40,11.364347724090276,19539.642012790486,12.946238499538158,214485.85589177697,1,4.919104801336907,loan_active
CUS02620,Arusha,42,19.381162866736144,36012.0888768254,15.574442735969702,68096.58430066412,1,4.302659543899766,loan_active
CUS02621,Mbeya,28,7.829293353369612,49479.74607114551,12.24709752198021,290023.55780943774,1,4.9188575732305635,loan_active
CUS02622,Mwanza,19,31.94263653856578,57366.780934971284,20.427895797642286,200480.6984832693,0,2.2613849258469805,urban_digital
CUS02623,Zanzibar,45,13.638168283867884,31515.50447768059,17.6821282688994,330695.66024699295,1,5.848905376565198,loan_active
CUS02624,Mbeya,35,0.9350994971582651,2878.7137214572977,0.5095569046307598,19411.805860997265,0,71.56928342046767,dormant
CUS02625,Dodoma,38,8.204992882120745,21496.31720994283,0.4861326093416105,246690.7311358113,0,14.809629479864803,rural_saver
CUS02626,Dodoma,37,0.6961080084685656,11572.190792331026,0.5623226734055571,40874.48052223825,0,94.11700470679087,dormant
CUS02627,Zanzibar,41,6.400044911029299,10702.804506881334,2.5140254275820153,1570232.663034449,0,11.47983706662215,rural_saver
CUS02628,Zanzibar,40,27.674702252308602,53057.879224357865,25.64491633036341,425949.690376525,0,1.4552935772556492,urban_digital
CUS02629,Mwanza,24,23.79907884348848,49107.47464738373,19.3757278054519,651555.8159987184,1,1.173128831606542,urban_digital
CUS02630,Tanga,34,42.60960554897851,46096.70738042025,21.841304176854013,479016.2800516304,0,1.36150396544674,urban_digital
CUS02631,Zanzibar,38,5.920061821697332,12914.825108867855,2.2174154411206866,782708.5197589517,0,7.566543297068398,rural_saver
CUS02632,Arusha,46,26.131139914871177,48317.65170337365,17.767677877154057,104584.69527727674,1,8.349376474942382,loan_active
CUS02633,Tanga,33,0.7288519790240774,6626.93113515941,0.5158492855818134,64547.91660855427,0,39.63627001174209,dormant
CUS02634,Zanzibar,26,7.744808373156559,16387.10806596944,4.938941941995592,674572.8518565153,0,9.614629555236245,rural_saver
CUS02635,Tanga,38,7.829724709326323,16727.342914228408,4.489095549878689,1515235.398747473,0,14.801986750573576,rural_saver
CUS02636,Dodoma,33,5.293672623976617,9704.313391778205,4.482780255995563,100953.1386130479,0,11.261593571979454,rural_saver
CUS02637,Morogoro,30,20.492982891645443,61627.2434408487,22.31374521945237,405581.45071932656,1,2.110756107790334,urban_digital
CUS02638,Morogoro,39,54.43159961367071,89859.03268146722,50.76652776428293,370431.96157298156,0,1.42621693786062,high_freq_trader
CUS02639,Arusha,21,28.906766391920023,52077.36501616615,21.779279128965314,372131.4272874848,0,3.504928317812964,urban_digital
CUS02640,Tanga,54,62.151500089758834,78778.24526739305,47.0670295360061,336996.8602242575,0,0.8492832573447451,high_freq_trader
CUS02641,Tanga,33,66.40316950860077,90927.08298445486,40.75870157992023,301530.72781584883,1,0.5636818514611452,high_freq_trader
CUS02642,Mwanza,18,0.35890702113824535,1095.2223155041593,0.5576744729287233,81887.5814418002,0,62.315631328768674,dormant
CUS02643,Dar es Salaam,30,15.119772516012175,33737.41529311278,10.350994833598369,156603.61362016769,1,4.845916673557177,loan_active
CUS02644,Mbeya,31,27.34776418925341,61358.654869216974,21.106405250455495,1051068.0026372934,1,2.2400592169169133,urban_digital
CUS02645,Tanga,28,21.91181606225518,40452.117833780045,9.180390563664227,259701.18184358516,1,2.969016438963548,loan_active
CUS02646,Mwanza,24,66.75084518313291,110036.66063536337,42.58097508124361,280921.15167648246,0,1.565700462987694,high_freq_trader
CUS02647,Tanga,25,48.8411716416589,127836.53281484821,34.2499071040899,340909.660062722,0,1.2710536453897463,high_freq_trader
CUS02648,Zanzibar,41,0.0,15479.55389138544,0.0,33401.9229829628,0,82.45007277235729,dormant
CUS02649,Tanga,37,42.38673449490567,84740.01540234002,45.42150997874042,402160.96155259595,1,0.48914497770108323,high_freq_trader
CUS02650,Tanga,18,8.437686771879774,47842.705959639075,10.629635056963847,94255.07390224261,1,2.890997185227813,loan_active
CUS02651,Dar es Salaam,48,6.9895581404099625,10985.767045230285,4.799343523512126,1061263.7152387123,0,11.007390387979553,rural_saver
CUS02652,Zanzibar,43,76.63332521687715,96455.37926224967,42.54821259913568,216378.9301577203,0,1.6410372546555532,high_freq_trader
CUS02653,Morogoro,21,52.911484718814116,130598.03759030605,38.171088603962424,179723.8930771991,0,1.78559580835962,high_freq_trader
CUS02654,Morogoro,43,4.497754979887677,29492.54659298936,5.882075472649747,680083.2463724362,0,3.309211226607789,rural_saver
CUS02655,Dodoma,45,22.59399104950483,16060.16418836563,4.698473989708929,140435.9537946501,1,10.57534011171814,loan_active
CUS02656,Dodoma,26,6.745599547510152,8875.382047367235,0.0,911654.9056771555,1,8.928769917794918,rural_saver
CUS02657,Arusha,43,0.01117893648228896,13558.031192912658,0.03404151104538827,41715.5582369492,0,74.21843788567666,dormant
CUS02658,Tanga,47,22.88901795282173,56736.81625800328,21.101668192233607,567620.566148717,1,1.0307722869013314,urban_digital
CUS02659,Mwanza,36,29.859386813441947,43589.630133777915,34.628520175410834,597230.9211161287,0,1.6634732261224716,urban_digital
CUS02660,Dodoma,46,71.56941574447745,83117.36647722057,23.131756309890203,377035.52742252307,1,1.3709382209795864,high_freq_trader
CUS02661,Mbeya,48,4.103312464165578,12323.893980828365,3.3199279480132984,455315.33921487146,0,3.4983083355546745,rural_saver
CUS02662,Zanzibar,23,6.848796957347315,14005.663338285734,4.690232297269558,995319.986499097,1,11.19259925743921,rural_saver
CUS02663,Dar es Salaam,34,30.077169714037453,13484.098845032848,14.352000500499694,712905.330311286,0,1.1465618275064813,urban_digital
CUS02664,Morogoro,29,5.208096690251549,10056.961010935098,0.7219019761333949,309552.7587799303,0,8.310001790090727,rural_saver
CUS02665,Mbeya,44,64.25963943004051,86864.88896913675,40.35557383087277,313955.52159164584,1,0.38518924356026607,high_freq_trader
CUS02666,Zanzibar,34,22.967733960960278,51592.15409974023,7.786920355728086,91346.33936234628,1,3.891435104329345,loan_active
CUS02667,Zanzibar,23,22.012429250456176,27243.169841455143,24.24971153253699,0.0,0,1.8931556148959265,urban_digital
CUS02668,Zanzibar,38,0.8900772633064209,12190.539508420585,0.6213737280743802,39606.59356128087,0,52.297119760731775,dormant
CUS02669,Zanzibar,18,2.7082710499176192,21967.747447320184,3.338739936405333,1050052.1017328803,0,6.296071896966602,rural_saver
CUS02670,Mbeya,32,1.010594746900576,7359.181040499921,0.4713914860308708,51902.41046990227,0,84.36950107824721,dormant
CUS02671,Arusha,33,5.816535162381515,17028.158274636142,4.864236842436055,1743431.065202203,0,2.884964856441452,rural_saver
CUS02672,Morogoro,35,5.188208319469005,21400.65240405,3.3685040747975683,1039286.6632339996,0,3.9455967544268846,rural_saver
CUS02673,Dar es Salaam,30,4.003079953061962,16214.354356112693,1.89388209309497,814987.937431295,0,6.8451151288262775,rural_saver
CUS02674,Mbeya,26,1.0603496571683557,9856.184030732638,0.49155721078262804,49226.76045908059,0,91.45698196739171,dormant
CUS02675,Morogoro,27,6.815182142913759,13604.263049864117,3.972308303274339,850759.4166256214,0,15.22221173071549,rural_saver
CUS02676,Dodoma,18,2.480261306218537,11442.515495561796,2.206079706864084,1149524.502239722,0,5.875703267848087,rural_saver
CUS02677,Dodoma,27,61.61254228227312,88877.08931456476,46.31297453951142,374569.69418391486,0,0.22899898010713104,high_freq_trader
CUS02678,Dodoma,31,71.38676765691844,76535.59703843389,26.979473004247662,421198.4369807485,0,1.531318496813439,high_freq_trader
CUS02679,Mbeya,29,8.726381782246735,8486.721904314149,6.868442359262179,708193.2013362232,0,10.687280781702322,rural_saver
CUS02680,Tanga,39,50.854647719076716,80754.44527587152,31.883498529657608,594294.0964422044,1,1.5794736272149714,high_freq_trader
CUS02681,Zanzibar,18,14.321604829668596,36937.81847080381,12.288679069016665,158037.4768477239,1,1.8665020187127306,loan_active
CUS02682,Dar es Salaam,37,37.05392934287063,13383.43316141436,24.978425768134258,553004.3971013166,0,0.8600332587659625,urban_digital
CUS02683,Tanga,37,1.8805058736398774,8519.920186069385,0.7044705320484417,5039.429736558712,0,95.4019063609076,dormant
CUS02684,Zanzibar,40,29.61843210416851,48402.822521524555,32.531690856548195,651020.8931445144,0,1.3840619607285543,urban_digital
CUS02685,Tanga,28,41.63431605567578,102866.04559648263,31.341261145546486,365738.7029646138,0,0.8592591326628031,high_freq_trader
CUS02686,Morogoro,50,37.1134778994123,49822.17300372024,30.30556501153665,1179042.5126925763,0,3.5019901863012235,urban_digital
CUS02687,Arusha,24,0.09624557628538544,7926.339473841518,0.46106329705052707,70826.9369017183,0,49.548967157478245,dormant
CUS02688,Tanga,40,31.668700472625375,40587.4012414428,17.013257455693108,585804.6530985221,0,2.176914981308903,urban_digital
CUS02689,Mbeya,34,4.463653810982814,12945.85765643588,5.8555773865756535,737044.5398870858,0,3.9829236789752844,rural_saver
CUS02690,Mbeya,34,16.72635232380277,15245.067815530576,5.718998473627554,36261.781160529805,1,6.576704474067485,loan_active
CUS02691,Dar es Salaam,18,7.435724309891098,15939.108245596757,3.1200826731220963,1003940.5160327011,1,9.569553557783244,rural_saver
CUS02692,Mbeya,20,20.73866396072829,39002.646550603095,9.867694539963619,0.0,1,4.4033827936659025,loan_active
CUS02693,Dar es Salaam,29,14.317752846498909,29640.331145023643,8.119604789420137,209170.1093276883,1,5.511144280238698,loan_active
CUS02694,Zanzibar,42,11.88809389575105,30451.414295403476,9.01022307959597,196724.01475006764,1,2.9148797407470024,loan_active
CUS02695,Dodoma,37,11.572432054756213,46024.190813142515,29.203683216878982,677741.1816321602,0,1.9389082203550496,urban_digital
CUS02696,Mwanza,29,69.23505905547978,54622.62879690749,35.15985317410762,545786.7192101218,1,1.7639510684390398,high_freq_trader
CUS02697,Mbeya,40,20.816313151835974,41813.631470640794,29.494963588243657,847779.1743552573,0,1.963194480683726,urban_digital
CUS02698,Arusha,38,4.576460698090906,2465.075253111914,3.9206946047031512,553873.7238780875,1,2.474426717843352,rural_saver
CUS02699,Tanga,54,16.861810837065615,34525.60752523932,17.469380671724437,275557.09086472925,1,3.6313450138681587,loan_active
CUS02700,Dodoma,50,1.3811007243950906,7504.390503830643,0.3136209368556474,48478.35340620202,0,62.10001223685272,dormant
CUS02701,Dodoma,24,6.874752286300696,12229.05226469066,2.148007855289097,672566.8804159574,0,13.652679549229035,rural_saver
CUS02702,Morogoro,32,7.803405136273172,15984.783741606485,4.28568388506395,1207738.8444437762,0,4.381928429713765,rural_saver
CUS02703,Dodoma,31,64.27167387637422,124114.39138058314,40.520540206899234,555554.444808726,1,0.731210672860281,high_freq_trader
CUS02704,Tanga,61,50.19326969240374,118985.11204870102,17.84135270659231,224464.66029245628,0,0.8438407594654018,high_freq_trader
CUS02705,Morogoro,49,6.160769294071515,20844.67134497371,8.838275047382538,1020627.2121631408,0,13.609861269700247,rural_saver
CUS02706,Morogoro,56,14.805923530631803,30161.563414392404,16.869581273185325,128350.84338223038,1,7.387457540964515,loan_active
CUS02707,Mwanza,18,22.905724464067386,34788.235175608745,28.272432009150016,373932.1386845393,1,3.5484092329598758,urban_digital
CUS02708,Mwanza,31,30.41283567165143,59540.94467189125,23.870461674732585,414581.43392683717,0,1.1614802135259428,urban_digital
CUS02709,Tanga,53,0.24336973876825957,9864.589579846763,0.7737346866364159,59834.6263653351,0,101.87331140887525,dormant
CUS02710,Tanga,40,12.066798488409063,37748.58503991194,8.300209423405509,31426.89270591225,1,5.711521737437709,loan_active
CUS02711,Tanga,48,18.66473150115268,47051.91599373126,16.146334978635352,734772.9532743853,1,1.510206892464484,urban_digital
CUS02712,Mwanza,49,26.07057899071839,46330.23122487756,23.0069189651554,701478.4838686286,0,2.8356354568913,urban_digital
CUS02713,Dodoma,34,22.5018918212787,36090.217039463925,23.360996320939506,809360.0904417579,0,2.891484144138654,urban_digital
CUS02714,Arusha,53,12.83133238206933,45978.06366347927,6.789316685248216,332854.0922999942,1,4.646716422915434,loan_active
CUS02715,Dar es Salaam,44,29.055578071481882,59266.42654100852,14.234207662655118,511480.59196580725,0,3.0814192976234094,urban_digital
CUS02716,Arusha,37,7.3520642158657825,20305.289211772637,4.9500393068158495,257044.791963037,0,6.649340003825598,rural_saver
CUS02717,Mbeya,18,15.23663809534925,23939.593156149625,2.245226944660825,69809.68747229018,1,6.652476874488679,loan_active
CUS02718,Zanzibar,36,22.718314179951975,50016.559845594806,18.862876625661507,491390.3620504854,0,2.282642739130158,urban_digital
CUS02719,Mbeya,43,0.6994273764318512,2907.197903871788,0.36445289281674853,28502.503107659933,0,77.47830361372152,dormant
CUS02720,Mbeya,18,5.647481958765329,19567.07707989528,5.581627968480703,1172349.028577848,1,14.403067561757624,rural_saver
CUS02721,Mwanza,33,50.49515211888309,84718.57333497613,39.3022156049369,353660.81388687977,1,2.00435435227471,high_freq_trader
CUS02722,Morogoro,33,5.984624407884325,11646.254464328127,1.9932464796401295,862109.0488293518,0,9.65238361401861,rural_saver
CUS02723,Tanga,36,5.828141451124594,19076.477392387693,3.6578683421415983,1061801.7206192603,1,4.915421915602715,rural_saver
CUS02724,Mwanza,22,26.610294486568897,35291.70262124337,24.609258670124913,641820.0188349957,0,1.4812041755957381,urban_digital
CUS02725,Zanzibar,33,52.751605590699825,103348.37851396666,39.80931176006122,228419.5734066181,1,0.4933943241138009,high_freq_trader
CUS02726,Mwanza,59,84.30975027883797,104144.66606019743,29.33708605684198,406082.4251098435,0,0.9975713116966841,high_freq_trader
CUS02727,Zanzibar,43,21.195352529710522,48763.34707362553,20.57338097874375,747765.6158753175,0,3.2545526461520247,urban_digital
CUS02728,Tanga,40,4.612932262252978,29581.012887667137,5.110852267302145,734801.4153514465,0,12.523334507077172,rural_saver
CUS02729,Dar es Salaam,44,19.832410769606856,43681.71009602631,6.609735335055607,318644.328320579,1,8.93777563510043,loan_active
CUS02730,Tanga,18,28.23218030530372,45670.630592536676,22.381178026026785,561123.1550077016,0,3.5302634529129135,urban_digital
CUS02731,Tanga,35,33.33992748921666,44907.42470541684,23.004769303421657,698568.3017128153,1,1.9887508178122046,urban_digital
CUS02732,Mbeya,67,0.5402244822830921,2530.0424065108928,0.434074789312701,81794.44988186259,0,83.14662928173207,dormant
CUS02733,Arusha,41,4.1508504288161285,18867.256502353768,4.486547411361381,1503693.8849020316,0,12.404620979980251,rural_saver
CUS02734,Mbeya,18,21.65006482685358,34573.43455951356,22.6216606168466,791476.5634958406,0,1.7932651133101092,urban_digital
CUS02735,Mwanza,47,3.408359739677921,2517.001024684747,6.416621009820128,870982.1566280861,0,9.562966667870498,rural_saver
CUS02736,Dodoma,37,27.239486102955595,49918.93710117463,25.317567454056345,667541.4579775934,1,0.3755754867593295,urban_digital
CUS02737,Mwanza,41,6.0965740280606315,13010.573897233055,2.9305674311795795,1359004.3966232738,0,19.751786135589498,rural_saver
CUS02738,Mwanza,45,56.52413321069178,103816.97101161585,40.871462963501706,501299.8900409085,0,0.09940700829271043,high_freq_trader
CUS02739,Mwanza,50,0.642952724808965,10689.900715876365,0.4576310588160757,5587.994140109877,0,80.62479407613034,dormant
CUS02740,Dar es Salaam,23,29.030601728867886,29280.50166054222,22.330714409525758,711351.3459426457,0,0.043653918822725846,urban_digital
CUS02741,Mwanza,18,66.092725156065,104695.78147446355,38.13482226696483,394739.8803436951,1,0.9177141472882224,high_freq_trader
CUS02742,Dar es Salaam,36,36.55343692646643,54944.33830849173,26.81878215822821,461806.6701762495,0,4.042425643288437,urban_digital
CUS02743,Mbeya,39,47.21771215564355,72011.44996122766,31.403444908936265,319623.3794844826,0,0.4840603815725195,high_freq_trader
CUS02744,Tanga,37,4.216198325184966,14162.217251170941,2.092927549915766,956271.4733093397,1,10.606313230619158,rural_saver
CUS02745,Mwanza,30,40.17279992090499,106367.89184838752,37.61005685925141,332566.9073042788,0,0.3786333618830324,high_freq_trader
CUS02746,Mwanza,37,36.25300083106086,51327.25618116114,24.649375206952183,415138.3668102798,0,2.276655190965464,urban_digital
CUS02747,Dodoma,22,38.25734324852638,36810.459321165705,24.896849703874736,261365.05517941958,0,3.4693732133552966,urban_digital
CUS02748,Dar es Salaam,18,7.684263083924119,22205.1987318275,2.6205744503370374,1040081.9082234041,0,10.921900649118172,rural_saver
CUS02749,Dodoma,48,31.58281916063434,51206.852886235974,17.36893967019604,407134.2692059566,0,1.6972880956830263,urban_digital
CUS02750,Tanga,49,29.86436158303269,45677.46679850728,23.147754833884946,658536.4263869028,1,2.5338506930209714,urban_digital
CUS02751,Mbeya,54,67.8923308735428,99630.8472910048,40.73357741929863,375007.43465077004,1,1.1206546371906179,high_freq_trader
CUS02752,Mwanza,29,62.639840240453594,92086.93296767431,35.232925556220756,373909.0920325443,0,1.6546498911952945,high_freq_trader
CUS02753,Tanga,41,24.394731658566336,67014.94906453705,23.051171691937984,490384.5074257173,0,1.0886280144639748,urban_digital
CUS02754,Arusha,53,17.619378707956688,28487.967675464384,7.617376401467657,298789.6854451731,1,10.39275952511029,loan_active
CUS02755,Tanga,22,81.25710315742543,145364.28874761792,37.58457711674118,168259.8055889995,0,0.5178529910291743,high_freq_trader
CUS02756,Zanzibar,47,9.971826578692589,33686.03662234737,2.062496514194371,35351.24611520489,1,3.755322412333318,loan_active
CUS02757,Tanga,40,0.5033241007588249,10308.087683744454,0.44025905378818087,43796.80730700846,0,94.76263050453339,dormant
CUS02758,Mbeya,18,0.3407998634389258,1264.3605555440672,0.456197517720538,12160.898659222992,0,82.60566251181706,dormant
CUS02759,Tanga,26,6.516794082069635,15956.597184652373,4.389895002790183,944099.0751866096,0,12.366436536401427,rural_saver
CUS02760,Dodoma,52,0.0,10698.534817325733,0.5809291802672422,68185.94299843296,0,70.85610277075119,dormant
CUS02761,Tanga,39,5.2245127960568265,40860.61393418882,18.440947404556496,161957.31583544836,1,5.58246608919693,loan_active
CUS02762,Dar es Salaam,40,29.189004037959908,73207.36180728613,19.784175736357085,406254.67067738005,1,3.7408315925815088,urban_digital
CUS02763,Mbeya,36,8.142017082497297,18894.91809962556,6.036147683126064,1325395.9107732377,0,8.171804406713058,rural_saver
CUS02764,Tanga,43,25.9656792332234,75258.62378050879,21.336716735243584,696628.2008959281,0,2.132818393121412,urban_digital
CUS02765,Mbeya,25,18.508765176823314,49169.98472293325,15.350277336593287,144695.60569679755,1,3.111227714995228,loan_active
CUS02766,Arusha,22,6.60547595204396,15788.93056693548,4.515853181562571,739466.9080990555,0,4.109264710720456,rural_saver
CUS02767,Tanga,30,0.39551340516167516,12986.26563759183,0.21367382905523463,53044.32007321776,0,88.28485712850474,dormant
CUS02768,Mwanza,60,64.59153197113493,96268.89379580096,30.953525488271502,230352.69081726868,1,1.6410960128286427,high_freq_trader
CUS02769,Dar es Salaam,39,17.4272857797723,30866.854453156273,9.7441906724867,140898.81453624458,1,4.18423957352831,loan_active
CUS02770,Morogoro,30,30.576930979684878,30914.910036690057,29.440850238873132,232639.2789851122,0,3.1493152730561933,urban_digital
CUS02771,Tanga,42,83.6258821614118,78998.16244234557,23.984392247613755,367910.9532516652,0,0.5842757357792647,high_freq_trader
CUS02772,Morogoro,29,12.695711670507745,40806.09507752947,5.367602672241306,218678.40194096562,1,1.618107017476432,loan_active
CUS02773,Dar es Salaam,49,37.18695113240912,34913.85253239907,33.62382640859218,408467.7771945648,0,2.043103276119244,urban_digital
CUS02774,Mwanza,37,69.48946215154315,119074.28172909611,46.48416158305249,176959.8166566497,0,1.0464169761762347,high_freq_trader
CUS02775,Tanga,27,5.887348393768886,22079.962576594364,2.9702452144950433,731514.7123797119,0,17.58739387857002,rural_saver
CUS02776,Arusha,35,1.1484191162225028,3874.4499993539985,0.45198714665801887,57875.28195891405,0,99.66736916510644,dormant
CUS02777,Tanga,42,4.9258481411342165,23124.808195509613,2.726105096659679,219682.86753768334,0,3.539754603545732,rural_saver
CUS02778,Dar es Salaam,31,41.28680560986713,20520.471938976065,20.087225584177226,617805.1589576417,0,1.21206248084773,urban_digital
CUS02779,Mbeya,21,43.64296979749159,46734.48345159934,25.778443865726636,616851.391852933,1,2.9498704089020586,urban_digital
CUS02780,Mbeya,42,15.988225597534399,43197.66450571768,28.077818603312405,483844.62096005597,0,0.7793036786032719,urban_digital
CUS02781,Dodoma,41,28.118369914709263,47024.757454698825,17.03212368352474,330221.3352442795,0,2.513734810725426,urban_digital
CUS02782,Zanzibar,33,0.31853356294300844,10981.51342516571,0.7262374582240718,47339.97750007305,0,81.19327813223555,dormant
CUS02783,Arusha,39,6.339128645916655,23516.32144526933,5.8305527544911,1147555.3301286541,0,6.407299404833164,rural_saver
CUS02784,Mbeya,32,35.4624718838486,65680.85278239378,11.736814053671491,1089277.6585186834,0,2.9089303641637927,urban_digital
CUS02785,Mbeya,52,0.9114239584486042,3301.008965126146,0.0,60065.16056909744,0,74.00434673674367,dormant
CUS02786,Dodoma,28,0.42004076205769225,7653.124827670019,0.5093032516910495,81005.61306789445,0,60.825031346811144,dormant
CUS02787,Dodoma,32,6.033043207453159,18353.848714036787,5.690272687756,995494.4719214173,0,2.518981163058995,rural_saver
CUS02788,Dodoma,44,19.85642429354882,39496.97441397743,10.968132029520149,149437.87548268135,1,5.618203686943373,loan_active
CUS02789,Tanga,50,7.692612916844298,13223.672458283605,4.874015261303276,385035.1606889984,0,9.467498956233333,rural_saver
CUS02790,Mwanza,36,57.61628691377927,111716.61283452365,36.87061991053999,0.0,0,1.098378627556719,high_freq_trader
CUS02791,Dar es Salaam,47,24.961274785806598,41115.26909105971,18.368280777097336,200678.8668981694,0,1.254796917501885,urban_digital
CUS02792,Dar es Salaam,30,33.81619576383768,97275.46997860732,56.971898118991575,272573.03527237417,0,1.2131733849857453,high_freq_trader
CUS02793,Dar es Salaam,35,9.958518949759206,41527.20797550529,2.367754450332087,216578.26560403273,1,4.216402951863626,loan_active
CUS02794,Tanga,19,53.69270554501954,125772.0655880406,41.99208565939676,251739.30200817788,1,0.9259214326660646,high_freq_trader
CUS02795,Morogoro,47,1.0414410904828708,10272.421148359826,0.7619435257236229,68872.00385574566,0,75.06726000733636,dormant
CUS02796,Mwanza,40,0.6148844121746468,11019.824122425243,0.7284658391457686,52775.59921467448,0,66.51230036696771,dormant
CUS02797,Mbeya,21,4.243663182107966,13250.975178596702,2.0648624765953594,1052501.7355256593,0,4.853068350476579,rural_saver
CUS02798,Arusha,43,0.21445581953785098,6078.796724412903,0.37543579366604984,45151.30133920584,0,82.4062158751541,dormant
CUS02799,Mwanza,29,37.10610507832047,61819.41571625015,44.43909378363508,331711.85129448434,0,0.22799118574080668,high_freq_trader
CUS02800,Dar es Salaam,55,13.518100317828138,36665.63787988602,10.143509498141727,187526.22256138257,1,4.770692077653635,loan_active
CUS02801,Arusha,18,3.764206493201305,15225.556051317675,5.595988550614209,1075598.3945127898,0,11.019459540987146,rural_saver
CUS02802,Dar es Salaam,27,27.88514872931149,27476.355545975828,26.539894820161592,376808.4103801837,0,2.3191955904215624,urban_digital
CUS02803,Dar es Salaam,47,0.39481587488818914,12724.286672838884,0.17261748004152588,50642.9032083684,0,63.86422391082327,dormant
CUS02804,Zanzibar,40,28.466984650961518,35832.31189843631,24.03562629265877,551793.6237037036,1,1.9553124934939656,urban_digital
CUS02805,Zanzibar,39,38.71652460019173,59363.17067455501,18.485331706073733,546254.3711349792,0,1.981451141439308,urban_digital
CUS02806,Tanga,42,5.3117979846941346,10421.8808470959,5.903600673017864,562930.1753189716,0,9.432034689381377,rural_saver
CUS02807,Dar es Salaam,37,61.27765571297798,112087.59049261623,33.71845266995116,112048.03244475275,0,0.9087513566197112,high_freq_trader
CUS02808,Morogoro,38,17.90565020027366,50744.7703594041,19.52880630855242,470516.86997650034,1,0.0,urban_digital
CUS02809,Morogoro,26,23.087290138895458,39635.94814900774,30.10523401075642,992584.7087942053,0,3.8858716677604708,urban_digital
CUS02810,Mwanza,37,18.519495601242923,44368.5418983245,28.02429318052836,229049.9787766175,0,1.1846049069871258,urban_digital
CUS02811,Dar es Salaam,33,11.124196132478275,36798.11197690792,5.420779260946659,115886.01499074834,1,2.470421494618567,loan_active
CUS02812,Dodoma,30,0.09975537057132161,10761.500080274298,0.29214387878272063,43197.71744652522,0,110.36248737989212,dormant
CUS02813,Dar es Salaam,28,24.4975879174835,30825.928728824998,23.670580572726053,661522.7084753271,0,0.6360164730215709,urban_digital
CUS02814,Mbeya,22,21.410915704638683,45519.08983231126,24.910760214534427,575538.5264134004,0,1.4150877224320806,urban_digital
CUS02815,Mwanza,38,0.6423098536462581,8303.632621945315,0.0,45348.218743857346,0,74.2435625346594,dormant
CUS02816,Arusha,18,29.908711039426905,36345.768732675875,27.81822328966357,704611.1357678515,0,0.8573029549856286,urban_digital
CUS02817,Zanzibar,36,0.6040032560370902,12734.239692303287,0.7264638173777845,17319.757469713208,0,90.7360852076052,dormant
CUS02818,Mwanza,18,1.2081193077998709,13338.014256738663,3.112633873613408,1263245.368792411,0,12.25225738876906,rural_saver
CUS02819,Dar es Salaam,29,12.239073457209805,50316.31460055703,9.306517805195785,222469.36475868645,1,6.702108575450357,loan_active
CUS02820,Mwanza,18,20.299465143040088,31178.18005131644,31.25833521262041,630347.4823836426,1,2.2066059366243147,urban_digital
CUS02821,Arusha,35,0.08693787821001947,8325.177490294163,1.0561257239706978,74480.03235060601,0,65.35220530766694,dormant
CUS02822,Dodoma,18,33.51825529961363,62062.35948999596,22.761802516205282,556276.6132679792,0,2.6651586806116185,urban_digital
CUS02823,Tanga,48,13.015969930666898,22865.539782289365,10.603627827704077,50964.302043797536,1,2.35971789889448,loan_active
CUS02824,Dodoma,30,14.172029323234067,34400.938378999264,11.726740507940011,227665.51695911668,1,4.162814334849636,loan_active
CUS02825,Zanzibar,31,72.97810674394954,88296.62176006344,37.671213504741246,358634.46478022996,1,1.0371415721309518,high_freq_trader
CUS02826,Mwanza,35,9.885997035980592,21649.0082112562,6.369650012996036,749793.9737347518,0,2.6633821865327754,rural_saver
CUS02827,Zanzibar,41,17.19467273781084,59422.17122494528,22.313245228818833,557183.9118593074,1,2.492198440606422,urban_digital
CUS02828,Dodoma,21,59.4241493633281,79544.05165286697,61.011741108030016,119494.83960519283,0,1.3541283689216976,high_freq_trader
CUS02829,Morogoro,34,73.578223757152,105129.79312352226,43.873103816754224,327273.72735563514,0,0.8736644481072634,high_freq_trader
CUS02830,Tanga,24,33.07729811893234,50110.288387038614,19.36078267229181,757908.4455517743,1,1.679578151065673,urban_digital
CUS02831,Zanzibar,52,9.85317255607913,7646.629267893036,2.3616118880140373,1053120.531395463,0,10.622230923071902,rural_saver
CUS02832,Morogoro,39,7.309255715326844,12656.588249713463,3.73256104119842,1059181.8029357404,1,16.246302277325576,rural_saver
CUS02833,Zanzibar,25,64.33898928455537,87694.33614987171,35.158099148828704,411389.3397032502,1,0.0,high_freq_trader
CUS02834,Dar es Salaam,35,0.2596641948667352,7195.474573011415,0.6611834759189488,146069.77711242612,0,25.82358044350969,dormant
CUS02835,Zanzibar,41,0.40975510566367374,10171.758181448586,0.34493662217384435,39156.98073083637,0,75.58485327719221,dormant
CUS02836,Tanga,28,0.7307356322572975,8754.529230478744,0.12496571167415543,134574.28649675206,0,82.190266223765,dormant
CUS02837,Dodoma,22,29.137442164977223,47179.29692160648,14.44025105792567,456667.84793075104,0,1.3995432336821243,urban_digital
CUS02838,Mwanza,38,6.0877120726018905,21986.793069492043,4.260977399468112,545618.8632984253,0,8.491795403162035,rural_saver
CUS02839,Zanzibar,27,36.11859321860068,38089.14944720952,24.380669533894824,514207.86246575887,0,2.189576067922476,urban_digital
CUS02840,Mbeya,45,50.29919457012028,49517.71545176447,40.51670582190917,460051.4092429054,1,1.7459966653743049,high_freq_trader
CUS02841,Morogoro,33,3.7947347629757227,18546.293228639475,7.288374557980876,1049514.4509336343,0,7.605072007696058,rural_saver
CUS02842,Mwanza,33,4.1686326096524775,15173.94924227715,4.539347640876179,907810.5187897185,0,8.037136957174539,rural_saver
CUS02843,Zanzibar,33,21.08918196898678,22232.567448322716,21.022557565345615,323546.2526567076,1,1.5766947490060614,urban_digital
CUS02844,Arusha,29,24.00396500851446,71294.413297938,17.69448483201017,841842.4915880802,0,1.3424736086594071,urban_digital
CUS02845,Dodoma,51,0.09651765678028201,15159.239608994427,0.0,42653.785235228104,0,78.80143240988248,dormant
CUS02846,Dodoma,41,25.609414612927097,76932.18293202002,27.795595306741237,126541.43784910603,0,2.2369340007917713,urban_digital
CUS02847,Dar es Salaam,47,25.27762130041117,30647.683153455713,19.17705313027742,770382.7210159382,0,3.0452748251655635,urban_digital
CUS02848,Dodoma,18,56.023118354465325,54888.93392898466,44.446913672792505,227046.10242356395,0,1.9545701139730305,high_freq_trader
CUS02849,Dodoma,37,6.570101639615142,14660.762818581676,6.972376738486755,785843.9174752898,1,11.340912928784649,rural_saver
CUS02850,Zanzibar,43,6.460075429807996,16359.757485672042,4.329232589791045,775055.1103134541,0,8.56041038884179,rural_saver
CUS02851,Morogoro,40,8.775524176557106,11612.295663315303,8.808966837338218,686216.1284473247,0,12.15996332597525,rural_saver
CUS02852,Mbeya,40,60.86178270612017,110456.27719942966,42.02104034002637,609861.2996250223,0,0.5727531892068858,high_freq_trader
CUS02853,Dodoma,56,6.971903373310856,16032.38015958885,2.300992855858282,1232594.4359832148,0,10.116901287581152,rural_saver
CUS02854,Dar es Salaam,50,70.39507195730418,145467.1793661667,43.78115272454836,320490.46136593184,0,0.7832075003303635,high_freq_trader
CUS02855,Arusha,44,19.097552278594215,34690.42341928307,10.80166237639292,210614.1425041429,1,6.448893219579748,loan_active
CUS02856,Mwanza,26,0.6697190527098109,4701.821442248498,0.10045414085817733,63835.00294320534,0,91.62918839018131,dormant
CUS02857,Morogoro,57,5.69766526203474,9128.606678068707,1.2171426407903447,924443.7900979298,0,10.399216002819252,rural_saver
CUS02858,Tanga,36,58.03075234592565,90780.4302036724,32.07194487184681,247913.40249943675,0,0.22733135785794933,high_freq_trader
CUS02859,Tanga,46,4.526587439528772,12500.635913189295,4.819741139449324,435360.48824355844,0,13.392301743916185,rural_saver
CUS02860,Dodoma,41,7.033134099506676,14739.088649037089,2.7525222070459057,875292.3740278633,0,11.092264810187693,rural_saver
CUS02861,Zanzibar,40,6.099448497714607,16128.964753394832,3.5065656905372045,775518.6737775885,0,2.198601238429174,rural_saver
CUS02862,Morogoro,18,5.046494026997465,5473.9376808463185,2.0507811550951702,889186.1732106394,0,12.960017822053782,rural_saver
CUS02863,Tanga,51,30.26502151810834,53742.52768107327,25.09461310466032,700488.2970413447,1,1.0097850105841955,urban_digital
CUS02864,Arusha,36,5.440583355717124,26115.519573679172,1.4431551768366648,1369131.6723397532,0,13.449743931793435,rural_saver
CUS02865,Arusha,30,31.573259844509508,37639.76086272156,28.005531974373962,546825.2506556965,0,0.0,urban_digital
CUS02866,Tanga,45,8.527083976703286,18473.385935593506,5.7730912286874485,915995.3033584263,0,11.153754866275076,rural_saver
CUS02867,Mwanza,40,0.9612991797442052,10518.364899069806,0.1791198337609979,58444.16516209712,0,102.86649721999459,dormant
CUS02868,Dodoma,24,7.611187316539047,28712.362875304865,7.298938638963097,89654.12704954011,1,0.777431395509895,loan_active
CUS02869,Dodoma,42,23.176310142741922,21699.498539274216,28.332144923468242,581827.029422141,0,1.7019986475527835,urban_digital
CUS02870,Zanzibar,52,0.25998924466245565,500.0,0.0,9695.855697929575,0,80.50635682821175,dormant
CUS02871,Mwanza,44,2.7302111654641616,18101.350461262933,2.7698576155911567,1777037.4233446629,0,16.80758164853796,rural_saver
CUS02872,Zanzibar,26,30.291329178851164,40169.00435155296,21.00339594587414,439978.9826084706,0,3.560402799168632,urban_digital
CUS02873,Dodoma,36,19.098979569145108,47936.3000207222,30.146337405082598,855865.4645439642,1,2.4154066129950986,urban_digital
CUS02874,Mbeya,35,35.69351357208852,31679.264854168803,21.795775367323223,942169.6160734559,1,1.9655418672022251,urban_digital
CUS02875,Mwanza,63,34.89650503971832,63308.13802610274,26.398321601395846,878012.5451514854,0,1.842460765280708,urban_digital
CUS02876,Dar es Salaam,35,39.65758252702838,29676.72939212918,23.93618795745601,627214.9253046785,0,3.27404266170917,urban_digital
CUS02877,Arusha,39,8.243971593260804,18240.98041553093,3.9577384439774703,390552.5476905848,0,12.420774848874725,rural_saver
CUS02878,Tanga,29,4.0374681899707765,24795.686366363225,4.304943764897724,557587.3273551366,1,12.709889601855602,rural_saver
CUS02879,Zanzibar,41,30.775750967981768,53011.27611045212,24.699626104984603,459731.77581112564,0,2.837631310491192,urban_digital
CUS02880,Arusha,25,22.99760873933215,29027.610077948408,24.38261955202886,785914.2253228914,0,2.584381834099943,urban_digital
CUS02881,Morogoro,53,27.898799020019702,44911.39210449969,29.536476465993406,504057.120735775,0,4.054991100272767,urban_digital
CUS02882,Dodoma,36,4.234439117671821,22343.759494735143,1.7562365068621757,769782.385257122,0,9.689633509008093,rural_saver
CUS02883,Mbeya,36,7.229454708770738,12990.795687198752,4.748445247880496,923690.0515434699,0,11.932040834764267,rural_saver
CUS02884,Zanzibar,40,4.572180837607318,12875.78935785289,3.199358510451525,826524.4576725512,0,18.361017755929566,rural_saver
CUS02885,Mwanza,58,33.72970821105514,42407.07866385041,28.640450423909027,930833.5377425496,1,2.1337618862249923,urban_digital
CUS02886,Mwanza,18,20.573408194010625,43617.21190654144,21.758013619529528,810378.548015934,0,2.16232735814355,urban_digital
CUS02887,Arusha,47,22.115012605723017,31468.33684643106,9.430699766174598,227727.98420956498,1,5.395199350964575,loan_active
CUS02888,Mbeya,26,31.62046081579285,47445.44473002886,25.552213642351166,375445.45068471786,0,3.084047049930345,urban_digital
CUS02889,Dodoma,29,22.72225427572558,46840.567162872634,31.01264426385532,709431.9988756127,0,2.6486250001408864,urban_digital
CUS02890,Arusha,21,31.05629411485627,43205.99789597984,19.697717218806325,585705.6816715416,0,2.3077149482220616,urban_digital
CUS02891,Mbeya,26,18.66040923738404,46088.395013664296,12.320231171665938,98098.17322616673,1,3.5198601299670482,loan_active
CUS02892,Tanga,41,0.9451974648752148,4699.804567433943,0.565212152888829,69107.09472372405,0,99.75453963067503,dormant
CUS02893,Arusha,33,0.0,10440.513503427628,0.33464201760970747,38802.38783679214,0,102.24448495469018,dormant
CUS02894,Dodoma,26,12.352755415251293,46240.56167926967,8.379629238888782,103640.54235018458,1,2.745691795532358,loan_active
CUS02895,Dodoma,50,31.726285133892716,32771.13233577628,14.710805620490865,660645.9601122976,0,1.9837330821237704,urban_digital
CUS02896,Arusha,23,15.357723730793325,50096.21115422841,9.727412515871972,230556.5185085208,1,3.9051455358257066,loan_active
CUS02897,Morogoro,19,23.114805356491637,42304.00284453013,17.357329727181895,631871.9943477731,0,2.2345799311169476,urban_digital
CUS02898,Zanzibar,40,0.8508661553255457,14790.454661885571,0.7459599297767796,107117.19588604674,0,75.84861989166278,dormant
CUS02899,Morogoro,32,5.523560461674807,6297.814254458461,5.638599027445295,829679.4361273065,0,7.966870938977607,rural_saver
CUS02900,Dodoma,28,6.023665036474469,15119.224986387626,6.738039490189045,513437.8532602797,0,6.484144629691724,rural_saver
CUS02901,Zanzibar,40,13.280850812428024,45496.95365361378,15.299099289775485,267809.8830304358,1,1.7137738086831962,loan_active
CUS02902,Arusha,62,29.62070166803017,44385.28625343942,24.33284055549511,857154.7877916736,0,2.896913226656002,urban_digital
CUS02903,Dodoma,28,12.996885780060117,18840.385830755782,8.939023940585608,154619.01958845346,1,7.606368195435712,loan_active
CUS02904,Mwanza,22,6.982460148058148,7613.778628104638,6.162835805861394,920495.8243367735,0,18.526609696359838,rural_saver
CUS02905,Dar es Salaam,50,0.4453041126719876,18945.278160017275,0.8936450359623689,77688.8939085259,0,38.05903726092242,dormant
CUS02906,Arusha,42,11.824074186158633,48235.179341800154,7.109326057780323,189106.36369837602,1,3.7194347471646863,loan_active
CUS02907,Morogoro,31,20.086609459972887,73469.01640895485,18.8638926639398,383369.95478885586,1,3.2919411366225706,urban_digital
CUS02908,Zanzibar,39,9.642653912894486,25776.210913122217,5.8799217160040484,174654.37041589426,1,4.860027759833637,loan_active
CUS02909,Mbeya,38,0.9121561441635008,6360.223920522337,0.07853857833767297,54688.82205102671,0,73.90019981200241,dormant
CUS02910,Tanga,18,51.45944470768525,106055.4322363116,30.57301376911375,233942.30109071004,0,0.43434252048858935,high_freq_trader
CUS02911,Dar es Salaam,45,18.488644754205012,27073.652879686913,24.58403083622768,745919.1500885856,0,3.2128707571367854,urban_digital
CUS02912,Arusha,39,4.3364330962843605,10797.48233020048,5.575584643039072,1326392.5319923207,0,15.175997357556426,rural_saver
CUS02913,Dodoma,35,0.44809636611205833,7183.241020652095,0.3093813392099081,24388.09438275707,0,83.92156203110794,dormant
CUS02914,Mbeya,44,7.870622964673279,22951.951983310628,4.2538338254162635,654384.4901884623,1,16.79300727263929,rural_saver
CUS02915,Arusha,21,33.324229662898865,45718.24682551892,28.07582780149234,860893.0762119305,1,2.029795302245297,urban_digital
CUS02916,Mbeya,32,27.22563024623575,63531.282558029416,29.392738942122048,627001.3602819904,0,1.3442073645627346,urban_digital
CUS02917,Morogoro,26,15.163862906441551,37425.89921243071,7.865276963628011,149397.52401510408,1,4.701113225666312,loan_active
CUS02918,Tanga,41,39.078025972120045,39282.49732882685,12.728953936441554,956653.1720171974,0,2.899908349144037,urban_digital
CUS02919,Mwanza,18,59.42223168005755,115008.27093284197,38.29036609356285,201702.01386424684,0,0.8087541342664886,high_freq_trader
CUS02920,Dar es Salaam,21,11.992496351782421,63687.68976025444,2.71450842983817,169283.98584167458,1,4.514207943466851,loan_active
CUS02921,Dodoma,31,28.60782061768129,53234.37220632156,23.103526651776,446489.3891140722,0,1.690503756137669,urban_digital
CUS02922,Zanzibar,44,33.58427407932702,49835.394999275464,26.7588343865715,666059.2365665844,0,3.3042597005739713,urban_digital
CUS02923,Zanzibar,20,0.0,500.0,0.8479215101836168,39999.2467929954,0,80.04945679926038,dormant
CUS02924,Dar es Salaam,45,20.371937718411488,36444.67330121508,27.214488649108773,496691.4398775053,0,1.2554889212664824,urban_digital
CUS02925,Arusha,42,0.2579258761190271,10736.465061561468,0.22642889937629487,39873.52263871821,0,74.00578450602704,dormant
CUS02926,Dodoma,40,0.053900242553002076,10009.578470202634,1.049346291940067,55493.6354106562,0,75.71436183886306,dormant
CUS02927,Dar es Salaam,28,0.0,14804.337224872743,0.5943560862912054,30664.523855089596,0,75.63094460241396,dormant
CUS02928,Mbeya,18,6.5984700477840255,15306.754317441808,4.457267111969841,591503.5348434881,0,14.58423165160071,rural_saver
CUS02929,Mwanza,43,0.42468480740900183,17645.964441847595,0.5546632988344842,32475.62582168632,0,73.98796445790829,dormant
CUS02930,Dar es Salaam,25,0.0,4575.764020277398,0.4195040625989237,97834.59721432687,0,66.21353636651826,dormant
CUS02931,Morogoro,31,7.6869240294958345,53925.730082999056,26.7019947150538,747236.8566935828,0,2.1917500544280903,urban_digital
CUS02932,Morogoro,18,0.3896558113348871,6158.394393316166,0.17988277091791433,0.0,0,50.713841061346116,dormant
CUS02933,Morogoro,53,4.960800884903232,31657.178265382692,9.486676334779947,124931.57199750765,1,0.2401853372938314,loan_active
CUS02934,Tanga,28,0.0,4727.355718099349,0.0,88970.92589148528,0,83.42840244080992,dormant
CUS02935,Morogoro,27,6.359186468155569,8767.228493878978,4.76147880429252,735406.5487794994,0,11.942890045946612,rural_saver
CUS02936,Dar es Salaam,49,1.8945769616223282,13765.873807785703,1.1010539012216891,923590.4057680111,1,7.648020480480475,rural_saver
CUS02937,Mbeya,48,25.27790623043084,73240.21036538211,24.174648047282545,670317.8723369611,0,2.341571729850175,urban_digital
CUS02938,Mbeya,45,34.62535798447266,23800.707454127732,28.277486998068454,699427.8837179327,0,3.712550923475718,urban_digital
CUS02939,Dodoma,31,24.738796073628418,30690.202428492812,27.77200066083402,871906.7117101534,0,3.086294730399866,urban_digital
CUS02940,Dar es Salaam,26,5.954985827927864,39693.96155229969,13.637546613895443,121892.1074026051,1,2.8852907367937206,loan_active
CUS02941,Tanga,25,34.9568339045102,26843.396097751727,26.080025238268767,677501.4315316986,0,3.492983393234076,urban_digital
CUS02942,Morogoro,30,66.24929726262131,55835.81537978749,28.976680396219017,213249.81276588002,1,1.8384339100725318,high_freq_trader
CUS02943,Dar es Salaam,32,29.83320675155698,56316.06558348591,27.82691344237813,566108.6512854373,0,1.8898190783045117,urban_digital
CUS02944,Mwanza,39,25.95153743904351,43564.09811985969,21.970929592125707,372916.4679197319,0,2.5162577339117376,urban_digital
CUS02945,Mwanza,26,5.166079702588118,11867.823099864774,4.0947321346990595,1065862.5490126787,0,4.1189701258507485,rural_saver
CUS02946,Morogoro,26,6.036050031623773,18701.41829909717,1.0283524765766203,979525.0351865008,0,8.193694018824052,rural_saver
CUS02947,Dodoma,36,61.68967564038398,118170.46656869451,49.58227591592775,131402.94791722868,0,0.0,high_freq_trader
CUS02948,Mbeya,37,17.9882396006557,50709.61185553988,2.8541704507020356,62955.206241550026,1,5.288273603751255,loan_active
CUS02949,Dar es Salaam,37,18.11501272535233,22187.12276046941,10.530341480193886,53023.12519879584,1,7.750851737876607,loan_active
CUS02950,Dar es Salaam,53,24.159615826197804,30142.30343640015,25.945748467651242,871587.1004204832,0,1.5603553339280882,urban_digital
CUS02951,Dar es Salaam,26,37.09631437238903,122139.83057000564,36.98241529242299,289257.7320200636,1,1.1198004407410733,high_freq_trader
CUS02952,Dar es Salaam,26,34.350298819526074,58187.96451352925,19.08295480111628,733493.3931068077,0,2.0516334900614264,urban_digital
CUS02953,Tanga,21,19.632747199147936,39571.25178952303,9.223887442196476,179392.28540230592,1,5.496823846633778,loan_active
CUS02954,Morogoro,37,4.786552312760627,9773.738075204612,3.446762457022613,1303510.588820465,0,4.269643689998919,rural_saver
CUS02955,Mbeya,24,7.488176960612423,11746.16481040991,1.5251363524715411,883097.1288676751,0,10.939385946532788,rural_saver
CUS02956,Morogoro,21,38.527712820881874,43814.21352127773,24.968551367010082,467606.51965556666,0,2.571846892551074,urban_digital
CUS02957,Zanzibar,62,34.5641813597096,54082.83567572342,29.074666987695995,607405.8715380307,0,1.8179071182528692,urban_digital
CUS02958,Zanzibar,37,24.745322392466754,30765.06187891904,22.1337191704407,493374.60090459196,1,0.6440076013836065,urban_digital
CUS02959,Arusha,45,21.341464273173997,42131.323065971446,16.476069402462198,177663.43206302586,1,4.592761039843938,loan_active
CUS02960,Mwanza,43,43.59406880974303,47252.87439389274,47.81010875665064,331585.02389608265,1,0.573813780992764,high_freq_trader
CUS02961,Arusha,38,14.844398092421761,37073.47916792077,11.387711575746774,81461.42641361675,1,4.229970897230365,loan_active
CUS02962,Zanzibar,46,25.449196503506574,27366.97350574014,25.474443822694504,767206.8347854582,1,2.53231056353851,urban_digital
CUS02963,Dodoma,21,0.539827908692465,500.0,0.6479343650025141,23200.4512447198,0,52.38246235711196,dormant
CUS02964,Tanga,23,42.9074675925158,50286.572236131775,18.791917958636418,463316.7135103189,0,2.5424037777063395,urban_digital
CUS02965,Zanzibar,39,6.634293087356521,11944.060951878524,6.093830041428333,916888.9806854303,0,12.755816505028008,rural_saver
CUS02966,Mbeya,37,5.05026860099498,18650.460271109194,5.258234220627941,1260546.6595228522,1,9.144212478391069,rural_saver
CUS02967,Dar es Salaam,55,30.050825350598053,45614.363302256665,8.945627988723686,735765.9916708099,0,2.685722811544252,urban_digital
CUS02968,Mwanza,24,0.3736012095213742,9753.936129928461,0.3098333358885021,65767.50739560206,0,77.06890209309952,dormant
CUS02969,Mwanza,35,37.54279432094634,50262.63581667734,28.152574593051465,679812.5805644668,0,1.1040327177392184,urban_digital
CUS02970,Mbeya,25,7.010972229250678,21463.347978936326,9.346152199001141,1022255.5866127252,0,5.21742765319546,rural_saver
CUS02971,Dar es Salaam,18,0.0,5297.37995176068,0.5150222104014424,52261.99217564392,0,69.8275079939222,dormant
CUS02972,Morogoro,37,34.302459877511794,51141.75949104475,23.935341776982728,159496.1575239086,1,2.433718385024344,urban_digital
CUS02973,Dar es Salaam,40,18.42723080784102,36547.38975354892,12.598700131968256,82516.0727771734,1,2.5544564871939497,loan_active
CUS02974,Dodoma,66,7.3648169230763285,17594.86897913804,4.263172357443319,802787.7185900105,0,11.517199754662023,rural_saver
CUS02975,Dodoma,46,48.95035457397461,170649.8281036981,29.945431265373685,357850.3089615904,0,1.1531218886986643,high_freq_trader
CUS02976,Zanzibar,29,0.5162913399215114,11892.321715860848,0.172895336579319,0.0,0,87.53418265078507,dormant
CUS02977,Zanzibar,51,55.07326161069715,100164.54337946541,33.483736822576425,356286.721434264,0,2.0300350723065277,high_freq_trader
CUS02978,Zanzibar,23,61.94094519559924,96441.62749761924,36.798011782838856,230153.47850760614,1,0.8462449708378639,high_freq_trader
CUS02979,Dodoma,50,21.851563246527604,31775.433363497425,14.351916682659843,93694.14581804555,1,3.4865790147425404,loan_active
CUS02980,Dodoma,27,0.1869962426572383,1728.3989985132112,0.0,75701.26042994809,0,90.21241086503713,dormant
CUS02981,Tanga,21,32.038094957755796,60791.046542312855,23.656002302641152,710847.6830873651,0,4.153003231846537,urban_digital
CUS02982,Dar es Salaam,36,23.987659550417188,38922.31999062281,28.137620743573727,549616.4555897668,0,2.121842953174763,urban_digital
CUS02983,Morogoro,32,1.0149503574643803,4117.657404243766,0.25546314272072845,13541.667626014634,0,79.53113856263289,dormant
CUS02984,Mwanza,35,34.415458795407375,44942.121353407245,21.780804332984967,550657.9903854555,0,0.42991938906128224,urban_digital
CUS02985,Dar es Salaam,19,24.1814413205196,50888.1800731675,23.717572809445425,651196.9805260691,0,1.896954607102683,urban_digital
CUS02986,Zanzibar,24,29.056554575161837,23839.09396927114,20.640195091850785,697841.0572045312,0,4.349416125281837,urban_digital
CUS02987,Morogoro,46,7.044567101720377,24349.844074143253,7.065489585521814,589476.2384274355,0,13.401469132581695,rural_saver
CUS02988,Mbeya,26,31.551171543074265,39615.016991890545,26.91482608953664,785870.1609753985,1,3.3302358991105523,urban_digital
CUS02989,Mbeya,38,0.9624549141797237,11252.454621937799,0.5553457958321106,97279.19163322041,0,74.7907644186032,dormant
CUS02990,Mwanza,27,28.335260938077795,117895.56741435941,48.15669134072151,503405.145717709,0,1.4810226928975578,high_freq_trader
CUS02991,Zanzibar,39,72.67157312356866,101576.0177758242,26.41590581016772,387672.1230704853,0,0.1620340426942214,high_freq_trader
CUS02992,Dodoma,37,5.869338593805077,22019.067855154535,4.363438242080976,1133555.7980211058,0,14.083829418771177,rural_saver
CUS02993,Tanga,18,5.718528193855605,18268.416919193853,4.5116261535283275,715788.6402042502,0,16.594010834155604,rural_saver
CUS02994,Mbeya,29,0.8546823534326669,12965.785186932062,0.4736511457507161,109130.24753893986,0,93.77031294150444,dormant
CUS02995,Zanzibar,18,6.805334894361869,18408.40960094047,4.007000848720555,677152.0172266295,0,10.74162754152389,rural_saver
CUS02996,Arusha,51,0.2642286552712421,500.0,0.5499055588863738,84621.40127513562,0,76.57896120524879,dormant
CUS02997,Dodoma,42,30.87871429088326,43641.427669053395,22.25300940558376,712498.2148719978,1,2.54823020165745,urban_digital
CUS02998,Tanga,60,13.852103760949273,45957.85815622989,9.085794972110346,151707.08389162598,1,3.044950799351266,loan_active
CUS02999,Zanzibar,38,22.597680586778683,50252.548324489224,21.727544238777167,157219.69969681161,0,1.443875741059597,urban_digital
CUS03000,Zanzibar,44,71.87662755086245,95864.9596047022,42.62639076723597,169809.01142893877,0,0.9051579931048642,high_freq_trader
CUS03001,Dodoma,48,1.0664914264662568,13924.489822233889,0.9512469007218671,73206.03642883274,0,85.27944235537079,dormant
CUS03002,Zanzibar,37,22.678029119908697,24936.366826261787,21.61495595747787,855448.8354706031,0,2.4656105876591194,urban_digital
CUS03003,Tanga,56,44.6684117379787,98567.64365280455,36.62757229001581,555429.1788308435,0,0.8068534620429472,high_freq_trader
CUS03004,Dar es Salaam,20,30.062268455751163,24940.361622694258,23.608473585968166,927055.5855924543,0,1.9317600948642681,urban_digital
CUS03005,Zanzibar,44,49.9891230731526,59315.04388021315,35.05380732238037,560742.4926751547,0,1.3353897393766747,high_freq_trader
CUS03006,Dodoma,55,1.0457845084540436,3566.254140512754,0.05054627627221642,72974.56182382592,0,62.3143398897291,dormant
CUS03007,Morogoro,34,19.26770267553561,40716.790045878304,23.008643136445293,494726.7097859158,0,1.5078791852516407,urban_digital
CUS03008,Mwanza,52,28.98930880980228,56440.93011171577,23.874406655949993,823634.9894601947,0,0.7986371623883803,urban_digital
CUS03009,Dodoma,25,65.54991185486388,111511.66757861894,51.681868684980316,343530.0455975531,1,1.6843896836907297,high_freq_trader
CUS03010,Zanzibar,22,26.73915400365448,78250.95852639547,28.28194471151287,702140.0617392743,0,0.6643228543606448,urban_digital
CUS03011,Dar es Salaam,45,17.09304159854583,31310.339350897233,10.38155395652168,125118.70021609403,1,1.7471881450287325,loan_active
CUS03012,Zanzibar,28,38.853642754344705,71808.83151821718,29.476221760095097,168038.82446896558,1,1.6175114803014101,high_freq_trader
CUS03013,Mbeya,41,0.0,5578.351897223594,0.32156762058988425,73012.32701457698,0,32.62876027055792,dormant
CUS03014,Mbeya,26,22.164159945567917,30405.710673677215,24.337438475458736,725429.2608995136,0,0.9068693554278999,urban_digital
CUS03015,Morogoro,56,67.24838969945878,116883.94578256496,48.09169592707821,297037.7253029981,1,0.48950985668920055,high_freq_trader
CUS03016,Arusha,63,9.867089613009393,14698.808096494318,15.461745637978805,93189.24630379007,1,5.2334777650104325,loan_active
CUS03017,Dodoma,48,38.93090602034538,63558.64717469234,24.441788686371748,796139.8459500719,0,0.0,urban_digital
CUS03018,Tanga,40,5.178781272636582,22923.522078684582,3.0782553735018836,795812.7287024069,0,10.769809458866728,rural_saver
CUS03019,Morogoro,60,25.114078099591893,54489.46225420838,31.59183509054282,615509.4287590092,1,3.1275293428717,urban_digital
CUS03020,Zanzibar,18,5.87760214589632,6692.703998583656,2.5877255514785613,718758.9929498201,0,1.2163814148040295,rural_saver
CUS03021,Morogoro,20,71.1465514060837,144638.74923674623,33.77333382116514,358135.5736701051,0,1.413537973387389,high_freq_trader
CUS03022,Mwanza,41,5.7364178408189455,20605.90131865957,3.902258940344271,411411.6936731991,0,4.8160963585345815,rural_saver
CUS03023,Tanga,37,0.5599251591175786,18149.74856866767,0.5201440233215833,43929.496377589596,0,87.0532580919586,dormant
CUS03024,Dar es Salaam,28,6.088738825210542,16218.935968663633,3.1318260491757806,963870.4990889718,0,2.4152149687027498,rural_saver
CUS03025,Zanzibar,35,28.84832222399677,35874.93124184645,20.348819189090293,392202.1725462191,0,3.189721597394168,urban_digital
CUS03026,Mbeya,18,24.78005361941042,24683.159227785734,27.977155920859133,464688.5861681409,0,2.029263421504212,urban_digital
CUS03027,Morogoro,47,8.096396996976843,38365.43172767792,7.377234657795466,190820.68597571025,1,5.2930626129534515,loan_active
CUS03028,Mbeya,25,0.0839274580083616,8930.871310020044,0.49148237696218855,31213.47542290445,0,97.54406511272246,dormant
CUS03029,Morogoro,18,2.592624457726176,11320.62513337897,3.690831889118951,1149450.21570787,0,7.6185051244497775,rural_saver
CUS03030,Dodoma,20,45.429856255099814,97755.14876279671,47.051638089470984,237116.7083692577,0,0.5250413004604229,high_freq_trader
CUS03031,Arusha,32,26.163126521315995,63352.965459653075,24.66829563400476,240313.44214846304,0,3.8459275766278864,urban_digital
CUS03032,Zanzibar,23,22.617506049722707,55371.088976212945,33.82132318358789,769746.3507905838,0,2.754681815372414,urban_digital
CUS03033,Mwanza,37,35.73290707569578,50260.213785349864,30.57479296282966,387704.7699772251,0,1.104905248261655,urban_digital
CUS03034,Zanzibar,25,22.38612725127446,20735.82268370729,4.5239953531499255,226437.97412300517,1,4.971754450141098,loan_active
CUS03035,Zanzibar,18,60.61428711339261,107203.22049788144,41.68160152032192,31687.900700666476,1,1.1061622409512577,high_freq_trader
CUS03036,Tanga,40,0.657099946270121,9716.580173757993,0.5981770723745892,77814.3470317666,0,70.72310909206954,dormant
CUS03037,Dodoma,25,18.145503674021676,59582.935238226964,20.33621017242491,726992.0669311024,0,1.5079643378767749,urban_digital
CUS03038,Mwanza,23,32.29648916176421,37543.836231365196,27.842660440955743,480961.928254382,0,2.0355649399592424,urban_digital
CUS03039,Mbeya,30,0.8519038246506787,6914.643176229062,0.4631702211916525,49513.1519086172,0,86.72907800849795,dormant
CUS03040,Mbeya,23,4.4208038202512565,17134.291172194597,3.012532328401491,1337635.934923833,0,4.505474888820675,rural_saver
CUS03041,Zanzibar,45,20.36459390190821,42735.40592858626,9.755826815986786,173205.8962720242,1,4.82464111422357,loan_active
CUS03042,Tanga,53,66.23797971388395,107499.39260556492,38.46523215856362,205266.02929462842,1,1.7756701743571,high_freq_trader
CUS03043,Arusha,25,6.3240636977479685,10150.044538281232,2.237625680791049,1313870.9536541179,0,16.01902682269172,rural_saver
CUS03044,Dodoma,22,83.08067962027269,88234.955207974,45.78056657805083,657756.9597399364,1,0.8265334884477139,high_freq_trader
CUS03045,Dodoma,24,13.350878393823706,29451.591376413948,4.998972143471093,133161.51134576235,1,5.899573138863486,loan_active
CUS03046,Zanzibar,54,5.675100390546783,22032.522372826046,1.160937717635163,1479500.1761809825,0,10.803616404770136,rural_saver
CUS03047,Tanga,30,0.7349103518067607,5221.977928900113,0.06515661816886278,32753.227443370542,0,112.78513086928909,dormant
CUS03048,Tanga,18,16.618137063279683,24562.427726687816,5.374624412363322,152111.37792407806,1,4.350511313909801,loan_active
CUS03049,Morogoro,25,27.559076362163896,63591.24199960171,19.734810001432876,779487.0415506812,1,1.2570636158089987,urban_digital
CUS03050,Mwanza,51,5.448046727119383,47362.03722276319,13.51511089984991,67253.33838952219,1,5.578554302405248,loan_active
CUS03051,Dar es Salaam,27,25.565256034160694,18493.72584400836,19.507300167685415,753228.9189848485,0,1.9456749984285302,urban_digital
CUS03052,Tanga,44,1.699680743799504,9622.930618682512,0.0,46432.77139752521,0,94.99855293365368,dormant
CUS03053,Arusha,64,40.739911596045545,54145.64643692358,34.121151646850585,257670.99162821146,0,1.318380122414822,high_freq_trader
CUS03054,Zanzibar,59,0.13072160343351952,6744.044003577171,0.08680342709841982,82381.65032319022,0,97.67900785729293,dormant
CUS03055,Tanga,44,4.5822020068401645,20149.589421068136,6.909045122000909,491526.0618869922,0,0.0,rural_saver
CUS03056,Dar es Salaam,30,0.0,10269.878455985927,0.5264966003911926,83604.1543866886,0,92.80430700135354,dormant
CUS03057,Dodoma,19,27.553664019984428,31607.981824594346,22.941560252603573,541860.8703420501,0,0.25880678190814144,urban_digital
CUS03058,Dodoma,29,9.099330697006433,41305.44969728579,25.802493241498496,63486.75240472192,0,1.8775258388916385,urban_digital
CUS03059,Zanzibar,39,34.30482499130399,33309.73127123814,24.3942553787586,669319.1810070584,0,3.0082710055912516,urban_digital
CUS03060,Morogoro,23,0.3740445308222718,17452.961887669993,0.603773531155545,0.0,0,67.2168519106752,dormant
CUS03061,Tanga,25,6.132667585663158,21154.966883131463,5.304643175410259,1138940.8037162356,0,10.10157090662503,rural_saver
CUS03062,Dodoma,33,30.608585154937273,40166.68047489308,21.59324399570045,896494.3774273176,0,3.7061304024066297,urban_digital
CUS03063,Zanzibar,34,5.912191380455209,56198.55727938426,9.976121778982247,0.0,1,6.975451264282709,loan_active
CUS03064,Mwanza,32,4.137349095800458,19655.917074195917,0.0,685771.4417021371,0,13.40875178844315,rural_saver
CUS03065,Zanzibar,26,6.919888389603438,28741.94147396576,4.009473615787886,1040459.7168069864,0,17.83666864656786,rural_saver
CUS03066,Dar es Salaam,32,6.53714259036011,16201.178935598988,4.170676644030268,769705.8966289738,0,17.029389900841196,rural_saver
CUS03067,Mbeya,61,25.303220265932406,35294.82687087117,37.43067803186156,625766.9796593641,0,2.696660641279161,urban_digital
CUS03068,Dar es Salaam,53,57.027596663010776,62323.292274343345,54.87561401349642,435495.96669621964,0,1.7675963132069685,high_freq_trader
CUS03069,Morogoro,38,6.493183791018012,19509.74412350942,5.0527826508889735,802414.8794909319,0,8.42855113875925,rural_saver
CUS03070,Dar es Salaam,18,25.26518556160895,50230.7947692462,26.00950783336327,641030.826714604,0,1.433841577554695,urban_digital
CUS03071,Tanga,62,14.40065326848966,25141.887698788538,10.399409723132528,92840.870206923,1,0.8986544031022747,loan_active
CUS03072,Zanzibar,66,57.22284751985185,126176.4465420925,35.78408241145052,554717.4636462375,1,1.0880157879277768,high_freq_trader
CUS03073,Zanzibar,43,57.00886230313825,110711.3138238942,43.604619410550725,296172.65598220273,0,1.6795864693326266,high_freq_trader
CUS03074,Dodoma,22,15.812274366394643,40193.229379783494,17.66015474213114,116655.17015367813,1,1.2922261907036199,loan_active
CUS03075,Dodoma,26,10.593601818133408,26530.930184839977,9.905601699403887,169793.43431150384,1,5.473343450917734,loan_active
CUS03076,Tanga,44,7.987800135589611,17672.27910889267,7.162617274914955,1154028.312134015,0,15.221953214529982,rural_saver
CUS03077,Mwanza,18,0.860214867348668,7502.720666881036,0.3309811141291815,46058.76103837404,0,57.94107423516942,dormant
CUS03078,Dar es Salaam,32,0.15309722361649203,8796.662625865543,0.6256754637671171,73879.69965344916,0,69.40773810023524,dormant
CUS03079,Morogoro,34,22.149961218529292,19616.764471801136,16.274276875126265,874948.2716322967,0,2.753940973931394,urban_digital
CUS03080,Mbeya,30,19.64211776409976,43066.41569370157,27.059196238368557,765976.2544987971,0,3.209568067691266,urban_digital
CUS03081,Zanzibar,29,44.831872288618584,20760.749419590993,20.108442772224016,640000.0506829504,0,1.8183643462734091,urban_digital
CUS03082,Mbeya,37,1.6012927070024814,5825.909695620761,0.0,100724.76958646599,0,91.983053823192,dormant
CUS03083,Zanzibar,33,43.488159710065126,92115.49287081466,27.890499242310558,336346.0598392105,0,1.5377098437914412,high_freq_trader
CUS03084,Mbeya,35,68.97707573263096,67403.86149158824,47.73305165974187,401186.6904119876,0,1.2651813217883459,high_freq_trader
CUS03085,Dodoma,44,4.354974742218816,15888.779025329528,5.104901493768005,650994.164815269,0,12.086489367423868,rural_saver
CUS03086,Tanga,29,40.89854408645938,52988.719468237534,17.95459149511975,1007956.7076650045,0,0.0,urban_digital
CUS03087,Mwanza,45,7.676196384322912,3102.725177910479,3.761775167827129,1134314.6566366416,0,12.987033677153455,rural_saver
CUS03088,Zanzibar,46,4.306694926903435,9233.563658354515,2.2754128883509477,98370.63472538057,0,10.878385023011873,rural_saver
CUS03089,Mbeya,30,15.512835903276818,37600.177481534505,8.392013348462735,209443.51584179144,1,7.581121371711769,loan_active
CUS03090,Dar es Salaam,46,18.805158854474783,42720.274578280696,11.671482439366105,284164.335528521,1,3.5470206545987093,loan_active
CUS03091,Tanga,56,11.115203118187488,42250.216447410414,8.910054941001889,94340.06888425181,1,8.326295253489079,loan_active
CUS03092,Morogoro,25,13.3565354686921,21325.919299603927,17.45406980139581,187658.44301971624,1,5.841444751225847,loan_active
CUS03093,Dodoma,22,12.933572720306518,41777.200424378054,8.209758557863342,184638.68226012413,1,5.0267311543136595,loan_active
CUS03094,Arusha,36,9.242261285612303,17970.16463780977,4.661295351799333,1066506.3662428185,0,8.027281591785535,rural_saver
CUS03095,Dodoma,38,29.95547322660239,46696.06589896804,29.892945766679805,300529.5571595301,1,2.4143479994793324,urban_digital
CUS03096,Mwanza,31,20.10741560269294,59358.35841575166,31.716110612425403,685117.4014554264,0,2.1597252453885054,urban_digital
CUS03097,Mwanza,53,8.694489256162205,14420.306696811747,8.209084708112975,1134935.1643600608,1,13.68170953600168,rural_saver
CUS03098,Morogoro,30,33.39431210466271,44089.97979979403,20.700398663713138,375578.5325470432,0,2.1742333802974856,urban_digital
CUS03099,Mbeya,43,34.173145206001266,43655.129872417005,33.47551824122951,485380.0336921613,0,0.7423636256494124,urban_digital
CUS03100,Morogoro,28,20.757430279150324,29056.05103741279,5.744069191492425,272422.0977648665,1,2.0991962393689425,loan_active
CUS03101,Mwanza,75,30.382572142661125,57923.0606678475,26.381280948437123,540948.7874421944,0,2.289101384929648,urban_digital
CUS03102,Dodoma,35,6.4742266633736385,17800.730267636856,13.9770422717349,147459.90671475974,1,6.585218790626546,loan_active
CUS03103,Tanga,20,65.48780977339398,76407.22890712417,41.8546376467461,95771.07286827147,0,1.7227240121852705,high_freq_trader
CUS03104,Mbeya,52,0.0,12759.68425481665,0.0,75218.02935425274,0,76.10696971892867,dormant
CUS03105,Morogoro,32,0.9640739042085127,9118.86251316748,0.0,71367.61149203146,0,53.58280148361978,dormant
CUS03106,Morogoro,52,6.014668136859039,24486.38660612484,3.493515884101572,473168.4491841011,0,12.90292885999288,rural_saver
CUS03107,Arusha,32,1.3616044243164902,4433.063744601861,0.0,75274.0773056514,0,69.7506536638587,dormant
CUS03108,Zanzibar,48,21.26998364260704,52006.75938945191,26.01065586905404,568900.3826704262,1,3.2091500288064516,urban_digital
CUS03109,Arusha,39,4.484937385602173,35568.231529632794,7.132404765334348,152891.78296197215,1,6.88642113089446,loan_active
CUS03110,Zanzibar,44,6.036244468174072,15063.90217514868,0.8804696445865781,628029.5838556207,0,7.977852672572601,rural_saver
CUS03111,Zanzibar,49,33.27523066220559,48994.972677558195,21.819958833727483,569769.5879695789,0,0.0,urban_digital
CUS03112,Morogoro,18,53.998566681594305,87842.89601994812,39.378699683641024,294025.11298562173,0,1.0758625168394802,high_freq_trader
CUS03113,Tanga,43,0.0,11583.461425183186,0.5129391432293983,58962.23705872331,0,61.357038094553204,dormant
CUS03114,Dodoma,28,3.594198618288439,14313.319785167776,1.3870141262028066,851399.4171535342,0,13.023243443241013,rural_saver
CUS03115,Arusha,42,1.0451496082363732,4174.738573057402,0.28941465945957456,31555.360175568152,0,89.84743536088965,dormant
CUS03116,Morogoro,40,35.8117392368562,45995.81338292754,9.202016208690083,513826.30605314317,1,1.6750053577634165,urban_digital
CUS03117,Morogoro,35,0.7620296861724216,5091.204085896645,0.225975268472342,24581.121886295598,0,85.45139398232233,dormant
CUS03118,Morogoro,47,21.005349018783527,44885.474073333455,20.334878138164136,892212.1387590847,0,1.8777206560729032,urban_digital
CUS03119,Tanga,37,26.958337663650592,54100.71029356186,31.386930647676728,501823.5868301408,0,3.3551168905058493,urban_digital
CUS03120,Morogoro,31,25.3365279886385,47833.338457045786,22.777495520610987,441445.62881257624,1,0.976475700674361,urban_digital
CUS03121,Dar es Salaam,24,3.269481086458114,18292.36011557767,3.5433239191384214,1289652.993028317,0,8.37361929790335,rural_saver
CUS03122,Dodoma,22,6.078058412058586,15223.391161028425,5.4835334704669965,920105.6971000013,0,11.824869056483006,rural_saver
CUS03123,Arusha,46,7.069594937691429,9908.35942716489,5.189688769081314,1168691.7135019253,0,6.523250999097316,rural_saver
CUS03124,Arusha,46,29.935535430099115,37705.54727142505,23.2029942708381,694255.9519028469,0,2.301859452422999,urban_digital
CUS03125,Morogoro,43,28.49191716108637,47809.71130417413,21.309685309959196,498020.7185532672,0,2.2511097201227437,urban_digital
CUS03126,Arusha,67,5.8583130286339,10613.379024328795,4.132256951055697,1302529.3703428605,0,9.882102544294765,rural_saver
CUS03127,Arusha,39,25.11914431277845,42049.382781956374,27.46665649620809,417404.72657253,0,2.101467693461478,urban_digital
CUS03128,Dodoma,39,0.21228107780050304,4849.186572214925,0.0,94543.42689372903,0,93.82892886093822,dormant
CUS03129,Mwanza,23,3.478861296126034,27488.988249799197,8.975676185457864,63492.29179935777,1,1.6129560901285633,loan_active
CUS03130,Mwanza,18,6.098285897194812,15246.994907599505,5.81504566787544,1518953.9102678946,0,9.297801264571502,rural_saver
CUS03131,Dar es Salaam,26,4.605784506915477,26132.76589735305,13.24874979159321,163484.8201617662,1,2.7433525889268116,loan_active
CUS03132,Dar es Salaam,37,20.551098997054282,30101.899081233074,31.75528887375642,571313.0062499369,0,1.1099856215045392,urban_digital
CUS03133,Arusha,33,33.27808943799392,48054.58205776831,28.92541696636236,710839.522501959,0,2.7327147644273904,urban_digital
CUS03134,Mbeya,32,50.679365050086076,107349.44441752028,47.37246838245778,227465.22535369964,1,0.30643984934100155,high_freq_trader
CUS03135,Tanga,46,69.50465378577056,75668.35763983059,51.42234931104126,269238.9012252254,1,0.8554541447314243,high_freq_trader
CUS03136,Dar es Salaam,34,48.49307315635591,86775.99581686029,35.62102437770873,215764.7942487484,0,0.9433383546089619,high_freq_trader
CUS03137,Zanzibar,31,31.330034469894027,47073.06175874002,31.0187950010473,539523.006249393,0,2.745038587776487,urban_digital
CUS03138,Tanga,42,65.98070021692257,148447.8601384201,32.16837869840069,529750.5699582546,1,1.6688393305053757,high_freq_trader
CUS03139,Mbeya,18,5.698073705677759,13747.483653384148,2.55598483991686,901882.8124489429,0,10.764073012448353,rural_saver
CUS03140,Tanga,18,6.0452902396510915,21313.264927988752,5.8880970693668075,906900.5329220016,0,7.690586780317368,rural_saver
CUS03141,Arusha,44,25.578188130344344,66453.76955240377,22.172594088902372,294433.7613687948,0,2.3892102422087795,urban_digital
CUS03142,Morogoro,28,13.514744608785646,24928.761353976453,9.265506787591113,194387.5989107643,1,4.855346119846576,loan_active
CUS03143,Zanzibar,45,30.550579173586016,44963.83274447682,20.47063041905063,627990.0310180354,0,2.6171644678785295,urban_digital
CUS03144,Zanzibar,43,66.01845349862448,49125.31471148043,32.28183396989845,204513.47003395858,1,0.72857651250251,high_freq_trader
CUS03145,Dodoma,27,0.28807433513168523,10367.174639966586,0.3986526157396443,49014.2356698843,0,97.96449405210065,dormant
CUS03146,Dodoma,31,60.63311444716106,63728.49744161494,31.976564361707858,95885.24626687425,0,1.0415502805777428,high_freq_trader
CUS03147,Mbeya,41,56.4100425816976,134318.5656264686,30.902558809622967,113386.00204013946,0,0.9640525826775053,high_freq_trader
CUS03148,Mbeya,35,18.09293806942734,44446.38316369788,9.567044535831233,118294.31040745566,1,8.266921389904608,loan_active
CUS03149,Dodoma,32,30.580041666963652,67484.20802852297,15.69716914072377,515972.4723141287,0,0.20172363242372904,urban_digital
CUS03150,Dar es Salaam,32,32.998562545674446,59471.63505997321,21.3406359619288,733305.2481063178,0,2.556573779122518,urban_digital
CUS03151,Arusha,20,1.0384871912125035,3147.890848582614,0.4969531550907105,81010.19818365452,0,93.60418413246241,dormant
CUS03152,Zanzibar,18,5.5883780011226305,16510.875651115068,4.886104880802786,934762.7848103682,0,4.817415957319639,rural_saver
CUS03153,Zanzibar,31,31.727492861223368,51655.43336928341,40.74301682858129,805271.9316771665,1,2.254895075673837,urban_digital
CUS03154,Arusha,25,28.782926163787067,48314.98753912656,14.176203310112225,639382.7181013997,0,3.7540132767261527,urban_digital
CUS03155,Tanga,32,6.53706416415993,15371.740359406522,3.7387987537532927,516303.35676101735,0,7.683232511063942,rural_saver
CUS03156,Mwanza,20,32.392919339146594,36905.8279290497,22.893837585002288,708240.9933882977,0,4.60918598719949,urban_digital
CUS03157,Mbeya,48,22.964183541541413,33720.782536951985,19.874868568254847,707395.6236438836,1,1.6687942436647718,urban_digital
CUS03158,Mbeya,22,12.401139227238707,41714.865628096326,3.2681189847586767,120350.79567008064,1,3.22810922511841,loan_active
CUS03159,Tanga,57,10.139313760436785,6803.075529575788,6.271562287757483,1163483.1256812746,0,10.217733014047964,rural_saver
CUS03160,Dodoma,37,27.3548194470561,32927.33311727218,10.631077495136578,105807.98257976398,1,2.66142520415062,loan_active
CUS03161,Zanzibar,40,6.94889356807478,39560.01985189663,11.132559412224001,101900.42499667263,1,3.666954678242341,loan_active
CUS03162,Morogoro,37,37.653289931083876,49780.74755586484,27.902421256263803,433560.7212720283,0,2.6080167728860504,urban_digital
CUS03163,Mbeya,33,65.92107639836948,89036.64750096062,42.55497625950614,308672.9771675659,1,0.41094661687723677,high_freq_trader
CUS03164,Morogoro,38,1.152253001696801,12097.522923708504,0.19640031134916858,39016.8668410909,0,66.2057522112604,dormant
CUS03165,Dodoma,31,1.0287406976832019,17051.236939860963,0.051045743844199104,69535.41040742325,0,85.84668806012107,dormant
CUS03166,Mwanza,21,21.84394450568284,48304.47716213617,34.5993989343753,653809.4209037258,0,1.9543902555617407,urban_digital
CUS03167,Morogoro,25,28.11106171535959,53200.896332001386,20.536999577080028,0.0,0,1.4984474397070215,urban_digital
CUS03168,Morogoro,36,23.444190379812074,49803.023108362155,21.960470438367764,786089.1264840818,0,1.7293679951256755,urban_digital
CUS03169,Morogoro,18,0.42730340909890285,989.9452345094887,0.8742311256177255,71430.07242231813,0,65.7302991694416,dormant
CUS03170,Morogoro,32,14.097840689655767,29120.23179964641,9.7577071876926,0.0,1,4.055506716225895,loan_active
CUS03171,Arusha,18,0.38189615946260347,8209.003331490938,0.7563532135437173,34549.57438258908,0,56.776840882701485,dormant
CUS03172,Dar es Salaam,30,53.86666611399565,54968.726900845344,47.68077035686663,285584.1254047831,0,1.7328485282250474,high_freq_trader
CUS03173,Tanga,39,21.658434007685717,36892.175793771006,12.086039747991576,232638.2057175801,1,6.793029307328073,loan_active
CUS03174,Tanga,18,1.1981807425889968,7726.982765647534,0.45582431947735524,44697.244869445094,0,95.411033381482,dormant
CUS03175,Zanzibar,18,31.9295487245209,32758.33760963144,18.40378669508478,852985.9868960809,0,1.6574992691547032,urban_digital
CUS03176,Mwanza,21,17.666200696205614,41625.04872563525,12.067245339454544,187668.27927177696,1,4.637221655708053,loan_active
CUS03177,Zanzibar,30,4.6052066486264085,16607.423299709193,4.675853901790027,1136947.364726095,0,3.3630974212130385,rural_saver
CUS03178,Dar es Salaam,22,21.880314127327964,47231.849477854346,17.450616912300504,836046.4285180126,0,3.592674241299492,urban_digital
CUS03179,Dar es Salaam,24,10.189490030707644,16327.261573087566,4.332238812337514,880436.3842880738,0,12.10168244589053,rural_saver
CUS03180,Dodoma,27,13.932242747348576,36157.009577504774,12.330961858615852,197975.14216511796,1,5.329083588347927,loan_active
CUS03181,Mbeya,34,20.851069581952473,52111.21397256522,20.920114529430133,561649.1004932149,0,2.0039341682276914,urban_digital
CUS03182,Morogoro,33,4.1900761613754565,16344.312791935468,3.3743426851441884,874079.865762947,0,12.02127277573257,rural_saver
CUS03183,Tanga,26,37.59662142708103,41311.41057646072,24.19940621588334,732829.1137314922,0,1.6271818813529901,urban_digital
CUS03184,Mbeya,26,27.9394063496007,52896.23213236653,30.604501033208933,306929.1826009918,0,1.7115909472760509,urban_digital
CUS03185,Mwanza,48,18.33496345104731,29244.645958985508,22.345216251474675,704818.6305142398,0,1.7497653693413608,urban_digital
CUS03186,Mwanza,38,60.02382985273388,96994.61675734763,64.8882185746979,298794.2240000936,0,1.2404798837167514,high_freq_trader
CUS03187,Arusha,40,15.784562311346951,49822.30962657886,15.428988849102515,140631.90783104234,1,3.7130108762202765,loan_active
CUS03188,Zanzibar,18,24.1045998521093,55621.94001731632,26.12028138113453,1134006.207694894,0,0.9212595020266248,urban_digital
CUS03189,Zanzibar,31,15.173519160115593,46365.92240777707,18.03808146854164,928237.1463258404,0,1.7285055664343625,urban_digital
CUS03190,Mbeya,40,36.91223774072408,65575.2875078595,19.337010460197316,387763.3720992645,0,2.431191705372874,urban_digital
CUS03191,Dodoma,26,39.70179183267014,28127.625634029166,21.771620599687182,322601.6169010812,1,1.7053235078675464,urban_digital
CUS03192,Zanzibar,32,0.759988783174002,8603.825132495705,0.38970572418953014,40799.06661102029,0,70.70784025581875,dormant
CUS03193,Mwanza,18,0.7095046556035371,500.0,0.3863823979594435,23938.083092579753,0,68.22284719802356,dormant
CUS03194,Arusha,29,0.3206641476066988,9111.536132473484,0.4371253070904778,14410.054473175609,0,83.17677235881573,dormant
CUS03195,Mbeya,67,6.001826230112836,4657.2671691215,2.2059318887189727,981156.0651594414,0,7.602888836896159,rural_saver
CUS03196,Tanga,18,0.6569448201007501,2906.5724969833454,0.6861548133732106,12411.70607057774,0,81.56854050795738,dormant
CUS03197,Zanzibar,69,33.77291313726236,41882.676438647286,32.62836027280127,396413.2823975106,1,1.5203345157542416,urban_digital
CUS03198,Morogoro,46,33.00349364420234,51646.716164838814,26.934696050779557,503031.31166765257,0,2.458085423919847,urban_digital
CUS03199,Mwanza,34,8.633783881764767,26206.530808418036,9.017944439362894,229306.25747467688,1,2.403893974523678,loan_active
CUS03200,Zanzibar,39,57.4938057556068,50640.35480935776,35.928546887944904,381337.81772595516,0,1.7056672968544802,high_freq_trader
CUS03201,Arusha,37,15.040940389750364,24076.780269264287,7.401212598497263,178948.3770405696,1,3.696689591043841,loan_active
CUS03202,Zanzibar,18,10.50559340377575,39514.29913003655,12.104322391983617,19784.907528026568,1,5.13461707300197,loan_active
CUS03203,Mwanza,37,0.20305387474381364,19187.67024871727,0.5326163859074736,91763.12130971006,0,87.16833077047387,dormant
CUS03204,Dar es Salaam,37,19.47695808367171,28604.28631337484,11.8820584669231,244167.82499398675,1,6.398843444019553,loan_active
CUS03205,Zanzibar,25,9.384161303661067,13958.84123091354,8.23538486001764,1072082.226718246,0,5.283479263482085,rural_saver
CUS03206,Morogoro,18,22.243830002460612,43935.36952342582,17.630208321434008,858551.6897387842,0,2.0701496788576947,urban_digital
CUS03207,Zanzibar,51,21.00767902501632,35771.54755691286,12.898163274606603,923561.0280954922,1,0.6580962569341504,urban_digital
CUS03208,Mbeya,40,30.325387952918433,46448.841449520965,25.701342376960266,790780.0746522334,0,0.4564652559821738,urban_digital
CUS03209,Morogoro,37,35.02932008472272,30010.813638294178,20.353290512071638,678417.7769428368,0,0.0,urban_digital
CUS03210,Tanga,23,7.790015266200468,14355.340895292153,5.096270254508905,1021010.2542953652,0,10.54385262678834,rural_saver
CUS03211,Mwanza,63,69.2765377474919,60478.05603371206,33.64175829867821,479387.5972089673,0,0.8792043761279767,high_freq_trader
CUS03212,Mwanza,43,72.3066079237316,71570.70092656347,35.47339799978465,274482.5807724678,1,0.49917642850380917,high_freq_trader
CUS03213,Mbeya,39,0.0,4355.691389395699,0.27447330552731597,48985.39364065195,0,47.707602062041516,dormant
CUS03214,Mbeya,37,31.322590167595877,37050.12808754751,32.30378655683225,667921.2136695462,1,3.620780546282839,urban_digital
CUS03215,Zanzibar,47,54.15862532160684,105603.8274884435,36.147773697568304,236871.55281844467,1,0.7490248724949907,high_freq_trader
CUS03216,Dodoma,20,3.4844134477521562,14814.261618558729,4.178930138462048,862609.7154218295,0,3.984208023320334,rural_saver
CUS03217,Mbeya,40,24.94734088279953,28827.718249902297,22.339544123650505,484357.7448040034,0,2.2413664027511344,urban_digital
CUS03218,Mwanza,28,21.35497859540194,53880.92535411493,32.19112990188069,773981.8337132432,1,1.5358581472085864,urban_digital
CUS03219,Zanzibar,36,11.065981706521605,12588.617846190591,3.913297298557619,719931.6037472214,0,15.529400064088659,rural_saver
CUS03220,Dar es Salaam,30,26.68592047130587,32113.074645049383,30.044181841836878,571261.2123839026,0,0.0,urban_digital
CUS03221,Mbeya,51,38.08794707552366,114740.28575527904,35.71806064618449,584335.331656497,0,0.6400481946247816,high_freq_trader
CUS03222,Morogoro,28,79.32650633375081,76024.11111195275,31.738719124393818,0.0,0,0.5133370637533643,high_freq_trader
CUS03223,Mwanza,34,0.110134204472355,5754.035049205242,0.0,33141.40158867219,0,60.26774662191734,dormant
CUS03224,Mbeya,29,28.62554851711204,32145.898947133435,29.50402595304972,568086.2732416877,0,2.241082300986074,urban_digital
CUS03225,Tanga,42,67.37807270485101,90839.16877904205,46.86772567298388,540699.3596337689,0,1.3067317891689605,high_freq_trader
CUS03226,Dodoma,33,0.7290559541294214,6267.203281221997,0.17611008137541828,32483.534891029685,0,62.92565877961867,dormant
CUS03227,Arusha,32,23.453089876132573,50227.724326152544,24.28477044746772,633824.5155774576,0,2.0688982936337377,urban_digital
CUS03228,Zanzibar,24,0.8897715398839832,6230.442882871632,0.4126573406208145,10808.87168750586,0,89.24149663877043,dormant
CUS03229,Arusha,39,3.7224007328885893,8910.392767018571,3.0370573357496253,1349588.308422032,0,1.1633152703945893,rural_saver
CUS03230,Dar es Salaam,21,3.7714869148747336,19074.037894488312,3.157846482345869,817797.5947218147,1,12.470918043073567,rural_saver
CUS03231,Mbeya,35,17.298820358406157,76238.65155025668,19.68646357447875,833962.5969454562,0,0.9201444527582059,urban_digital
CUS03232,Dodoma,31,5.34667162271313,19009.373413818328,5.6287678291625,722957.6943197165,0,5.211343799394221,rural_saver
CUS03233,Tanga,30,27.929197909055798,31286.06497987063,17.681744461757503,596783.224320887,0,1.7870710446852789,urban_digital
CUS03234,Dar es Salaam,57,29.492381444298125,38216.65179323172,21.556278985170426,223640.24323447415,0,2.0886918223976334,urban_digital
CUS03235,Arusha,40,28.97667221415042,43122.274784916175,26.495724844299524,1022572.7075335454,0,0.0,urban_digital
CUS03236,Arusha,36,10.603822868100348,15775.248141928478,16.790244988321955,268515.7200262709,1,3.1896449581797564,loan_active
CUS03237,Mbeya,49,22.68892694924105,43379.116276131674,20.434089886829817,519919.53717747796,0,2.8268983274543507,urban_digital
CUS03238,Zanzibar,33,5.799592021653121,14818.787480629602,5.258314037269468,900570.3434516715,0,4.734548574491492,rural_saver
CUS03239,Mbeya,31,3.7575750126446454,26235.44371439531,8.770400745031598,837639.0187716612,1,8.115254949972229,rural_saver
CUS03240,Mbeya,37,9.33750406774239,22197.378089535523,17.376599887691036,146898.5692930975,1,5.101169853782849,loan_active
CUS03241,Morogoro,20,0.0,4905.045750087818,0.0,88786.52356167565,0,41.96203272544007,dormant
CUS03242,Tanga,38,4.76205364258848,26099.87668002118,8.161916076347318,228222.43016472875,1,4.55600432106049,loan_active
CUS03243,Arusha,36,25.342581262717502,73918.89435229062,21.044982883690153,682742.3565139563,0,1.3802859957558598,urban_digital
CUS03244,Zanzibar,18,24.994927289425867,48288.24969536028,24.504620955276938,571943.4019282376,0,3.863694797206862,urban_digital
CUS03245,Zanzibar,24,0.28981520499780566,1722.41588357423,0.528624409813479,49346.51892577452,0,75.08155550325426,dormant
CUS03246,Mbeya,26,5.368872027472293,18935.920503064754,6.111664303695553,1153926.3359834307,0,9.25553589382125,rural_saver
CUS03247,Mbeya,33,40.09181127708789,57834.23634369781,51.99819814961948,121280.7927990985,0,0.9218325024947002,high_freq_trader
CUS03248,Tanga,40,13.400692665911812,42891.37013451029,10.14245167620795,99947.62720352336,1,5.1026876484703925,loan_active
CUS03249,Dar es Salaam,23,4.638066299327635,11883.144236151542,5.026095074161936,777805.225617973,0,14.670520941258726,rural_saver
CUS03250,Dodoma,44,17.491925008563744,44495.24027320979,14.667588795886584,324121.60150738095,1,3.715719523043676,loan_active
CUS03251,Dodoma,46,0.9701205569336788,4837.0614089702685,0.4454413473688846,131726.20582097353,0,77.0932881261293,dormant
CUS03252,Arusha,18,37.460424313599574,75044.95379524626,25.22849815647838,850606.7091701105,1,2.0248809444736935,urban_digital
CUS03253,Dar es Salaam,38,2.7939324543554376,17150.162864146412,4.899377851965839,587511.4259820867,0,5.560073611551869,rural_saver
CUS03254,Tanga,48,25.508563255928173,46283.37629061145,28.492666333064275,751468.4032621306,0,2.5801556274167154,urban_digital
CUS03255,Mwanza,54,47.2765380748413,87349.1477037504,37.18938462931633,352518.4938934104,1,0.9207446935924183,high_freq_trader
CUS03256,Zanzibar,50,20.228479760896796,44970.40281958225,18.429364178662063,734869.9279133187,1,2.038536440251767,urban_digital
CUS03257,Morogoro,18,6.1455798338446606,15688.827571989203,5.658123242026751,524577.4421209288,0,10.680216646319257,rural_saver
CUS03258,Arusha,56,0.0,4714.95069817665,0.0,39684.09959238492,0,85.44864283211089,dormant
CUS03259,Dodoma,46,27.864253336261708,46852.30558042096,23.87559718932034,664053.6529346319,0,2.9221177594810546,urban_digital
CUS03260,Dar es Salaam,27,31.116179637075682,63122.07385984574,24.13378529819428,477686.46014048415,0,1.89416515305776,urban_digital
CUS03261,Mbeya,56,0.0,9375.841046539872,0.4061463297384444,0.0,0,61.91835713515421,dormant
CUS03262,Morogoro,29,31.778680046857026,50452.03803654234,20.678733713834948,657456.5108078466,0,1.2032536420355084,urban_digital
CUS03263,Arusha,31,3.0226534779878813,8382.163671015755,3.601062433852689,645600.5725850748,0,13.673273819260979,rural_saver
CUS03264,Mbeya,36,2.788694316753621,19006.630035387825,8.16095888304073,1208218.6798503154,0,12.5044899920027,rural_saver
CUS03265,Dar es Salaam,27,22.51284032230676,53280.669132330804,27.153542245734737,507398.08274364827,0,1.306054699716383,urban_digital
CUS03266,Zanzibar,19,32.65063209450999,50166.329202622626,22.840278316316805,530466.7690408208,0,0.1645994512684541,urban_digital
CUS03267,Arusha,58,60.1422368119222,117215.46151655565,43.817269755823716,223275.3047840022,0,0.6230668009107962,high_freq_trader
CUS03268,Zanzibar,36,15.340311482546651,36997.509402888485,1.5554814963678005,55524.91324850502,1,4.9116462362597595,loan_active
CUS03269,Mbeya,31,28.7192732260913,52205.42696424442,14.654191792635869,378954.2833529286,1,1.3525967916833141,urban_digital
CUS03270,Dar es Salaam,18,15.545137106716806,27550.669628485186,10.769080490373305,193518.7625075817,1,5.13015813619596,loan_active
CUS03271,Zanzibar,34,0.2069825236449433,11569.323635614423,0.04069407810884368,19998.228210653982,0,72.47463620189343,dormant
CUS03272,Zanzibar,23,0.23265153521378895,15374.295337954627,0.3859472261408675,22913.51356654847,0,46.20985124134449,dormant
CUS03273,Dar es Salaam,48,85.83143162895134,100698.57010595987,44.47977577097992,337303.0752808219,0,1.2006055161442009,high_freq_trader
CUS03274,Mwanza,40,31.25581566672006,59918.249150454256,48.273104056123735,525086.9867756997,1,0.09068441697889196,high_freq_trader
CUS03275,Arusha,18,61.768588526137044,88509.27310138747,25.185159611141543,243748.4791373812,0,0.7258798992434016,high_freq_trader
CUS03276,Arusha,41,7.169473066649573,19328.81240794006,2.41071087861104,844208.5175609117,0,8.051230934238935,rural_saver
CUS03277,Arusha,36,8.149542475875085,20269.64510011382,3.6563878135569867,1752631.3308338379,0,7.367440253965048,rural_saver
CUS03278,Dar es Salaam,58,2.028373341505912,15136.288164134692,7.347389525131724,1734391.3411104775,0,11.339529540132023,rural_saver
CUS03279,Dodoma,40,22.10215397201473,76866.15658463229,22.41464056616124,365969.21221589285,0,1.1903949943036267,urban_digital
CUS03280,Dar es Salaam,27,0.0,8566.56015224363,0.49919068180593285,94485.01977528684,0,88.61212175239248,dormant
CUS03281,Zanzibar,30,30.365141537464865,18249.276066466817,23.430060205737153,677350.2564819187,1,0.4259228285676766,urban_digital
CUS03282,Arusha,48,26.495436994855094,39851.098844107844,27.625029233197754,556634.5130803279,1,1.510380400731177,urban_digital
CUS03283,Dar es Salaam,43,26.149949533366293,79207.07079842695,20.167611011334802,801439.3827760515,1,2.7730242482628915,urban_digital
CUS03284,Tanga,18,21.929571295889133,43432.764425933245,33.338697231822664,437139.6859503763,0,2.335483886284977,urban_digital
CUS03285,Morogoro,39,0.9143125171566542,8046.465127473679,0.6311537018108138,56952.7431560845,0,76.28938463193853,dormant
CUS03286,Zanzibar,32,0.006234592778249115,14232.424909074714,0.18737569716464847,39123.1539718225,0,100.84592634503878,dormant
CUS03287,Tanga,44,6.827640187106606,18129.920393133078,3.763320746512555,1176699.025504428,0,11.04723915621968,rural_saver
CUS03288,Tanga,20,31.730770629704903,18107.40650790975,23.367037222314103,357192.61749492364,0,1.609326098003379,urban_digital
CUS03289,Zanzibar,38,6.7812855681304125,15039.703010273483,9.528138520111291,1253378.3062884458,0,18.111230967889906,rural_saver
CUS03290,Arusha,48,5.800987477903242,13932.380601321194,4.65563331534231,68963.21454276738,0,10.907166148539769,rural_saver
CUS03291,Arusha,18,58.12979427134567,51727.3118845145,38.801307312425756,69945.11861078665,0,0.8713249002659593,high_freq_trader
CUS03292,Arusha,29,0.39674452421499895,11581.593545949061,0.35282342220443796,22584.317754956606,0,61.43503630316147,dormant
CUS03293,Zanzibar,26,3.4808677170942874,14662.01126174849,1.3325315309347379,1184713.453764708,1,5.98725025306656,rural_saver
CUS03294,Morogoro,19,5.153999729732499,14842.411028429702,4.513695486864222,1038915.8147524162,0,16.215462211349355,rural_saver
CUS03295,Mbeya,36,6.954092825801338,51357.868749820635,12.038623473800063,166516.1865171438,1,5.89802289235242,loan_active
CUS03296,Morogoro,50,65.19826683741135,80685.28953607196,48.44157271709963,221270.21331159404,1,0.15457768006330175,high_freq_trader
CUS03297,Mbeya,19,5.0852997150231065,8107.26062508109,4.569656177939817,704679.6611178122,0,14.298391061653007,rural_saver
CUS03298,Mwanza,18,5.652210529562213,11223.643282165694,1.6789908278377634,883219.6524570575,0,9.67317084865617,rural_saver
CUS03299,Dar es Salaam,30,24.005108081644927,51621.657137369584,17.29029534180716,856512.4235845011,0,2.193719819979597,urban_digital
CUS03300,Arusha,35,9.118416297891557,39402.960547483126,7.6079491869927605,83357.50687694295,1,0.2477014546317955,loan_active
CUS03301,Morogoro,36,8.213138775110153,18100.962034979944,6.212864836350516,730756.5554091572,0,13.05077150165548,rural_saver
CUS03302,Mbeya,48,25.201801702477418,53912.56089290387,25.54065297528895,727787.6948269302,0,2.97761646199622,urban_digital
CUS03303,Zanzibar,42,19.841266602328798,41862.979925548905,9.555495155431224,206765.53784971108,1,7.22157110725769,loan_active
CUS03304,Zanzibar,27,62.43116814908478,107796.22110782083,35.79436403663625,527098.4324754078,1,1.0172013604057235,high_freq_trader
CUS03305,Morogoro,37,29.831176000989746,31494.292730586196,34.75966099258655,329578.91233578086,0,0.9543163623701325,urban_digital
CUS03306,Dar es Salaam,48,34.087264636388966,51312.082865294164,31.361721460869934,434546.39091495227,0,1.696463364191181,urban_digital
CUS03307,Dodoma,26,17.846378090407846,68892.10276202796,23.273780009408668,278674.4985594843,1,2.1023052320660582,urban_digital
CUS03308,Mwanza,41,0.0,8387.196247210886,0.08347513094055503,69534.19856555556,0,53.63225278933296,dormant
CUS03309,Arusha,34,29.180766660566412,52477.48099835722,14.892438320930722,500608.3787022597,0,1.679867309354702,urban_digital
CUS03310,Arusha,33,12.667502589105727,49645.08062629349,9.021462800403189,49853.175900995266,1,10.157630245102968,loan_active
CUS03311,Morogoro,18,10.791028483675404,27983.98919399921,5.760670213533414,106800.62712647414,1,6.9680665042683385,loan_active
CUS03312,Tanga,43,8.521615165108884,20441.990333514885,5.018118486016309,937851.1432710845,0,15.693649721107224,rural_saver
CUS03313,Mwanza,18,0.12691402336192315,11302.990088624168,0.11591989648806106,71206.09884935783,0,44.03029329878002,dormant
CUS03314,Zanzibar,28,27.32162295757854,62226.3603150945,26.681422105851265,705822.8925443168,0,1.6030235843925413,urban_digital
CUS03315,Tanga,33,26.115910474276497,42721.80592207441,21.272361452163132,586789.8909870699,0,1.2923350184912714,urban_digital
CUS03316,Morogoro,54,61.8631930547439,62503.392761416646,43.33965128330517,225947.98215094846,0,0.6673513799991686,high_freq_trader
CUS03317,Arusha,24,34.302972420012075,56473.38852622865,18.753056138581226,704999.8339802912,0,1.0518212878586066,urban_digital
CUS03318,Dar es Salaam,26,32.41035671076584,29313.85829569283,20.112435287539423,397066.95306909335,1,1.3075702412177477,urban_digital
CUS03319,Mwanza,49,8.297027001417732,10703.065207329686,1.1847998887013853,465962.29179524776,0,13.063460505988733,rural_saver
CUS03320,Mbeya,41,20.43416010032646,42225.454270905604,36.13649703819743,539536.6770022026,1,1.9789902795229326,urban_digital
CUS03321,Mwanza,30,4.771137555256244,12074.823553245724,3.407079883663904,680974.0068687518,0,17.231806074533907,rural_saver
CUS03322,Dodoma,32,55.79708192548013,82022.83490543446,39.355919997259,365213.9654290921,1,1.569676764690752,high_freq_trader
CUS03323,Zanzibar,45,52.00518451804284,117123.16339984708,38.70366249806915,113587.31244689852,1,0.6368357757933933,high_freq_trader
CUS03324,Tanga,39,0.0,6525.349955036934,0.6479905802208141,50153.921902887516,0,86.96270575280231,dormant
CUS03325,Mbeya,24,60.04502720388729,96083.35162671699,56.31423923325349,495688.44551339647,1,1.4023095704525006,high_freq_trader
CUS03326,Mbeya,33,5.057541827217596,7337.091308456687,1.4608292752377237,634039.8526026494,0,5.099965210748811,rural_saver
CUS03327,Mwanza,20,46.38925455442683,128139.67161326107,29.403794386862828,467598.7220648328,1,0.9288833932132969,high_freq_trader
CUS03328,Mbeya,24,4.6910905648100165,24050.772277682874,3.3060647758732937,568635.3608794226,0,8.57701233586468,rural_saver
CUS03329,Zanzibar,35,22.808701407623683,35547.8303782438,27.992165712308715,554634.0495268595,0,2.1618194686026175,urban_digital
CUS03330,Dar es Salaam,35,17.868013990206634,30181.987668733756,9.689713956639638,183734.29072986892,1,2.981293950348767,loan_active
CUS03331,Morogoro,38,21.393923121424912,31698.93232993839,23.503007170311065,489954.83791918843,1,1.7132480874861282,urban_digital
CUS03332,Dar es Salaam,51,22.908273301512978,44724.04828673931,30.577679727967922,570374.341583582,0,1.1361950499814188,urban_digital
CUS03333,Mbeya,29,19.818433422465894,44400.98776435143,15.430640472010987,517915.55793171545,0,0.419624919907051,urban_digital
CUS03334,Arusha,18,6.581038919866883,15655.690456707169,4.677916534442149,607621.0090000766,0,7.59996709383797,rural_saver
CUS03335,Tanga,50,5.420781243215744,15494.385474162304,6.698864101126526,926039.1116178767,0,11.501960913931466,rural_saver
CUS03336,Dodoma,37,5.236211175647741,7984.495028111647,0.810905447751054,1099258.5780630307,0,8.974630123572155,rural_saver
CUS03337,Dodoma,18,16.048616133672024,39798.29808050141,5.565332278259898,8855.554689917451,1,3.172946242584908,loan_active
CUS03338,Morogoro,50,19.58244439296651,63836.83619261514,12.664990132704267,693940.9419610278,0,2.9874646340897537,urban_digital
CUS03339,Morogoro,27,9.566799461842365,13488.844754537075,4.894943400562687,1282738.224706395,0,9.02036837315631,rural_saver
CUS03340,Mwanza,52,6.921955952575097,5509.503733326712,6.873253958928389,1060138.9693052045,0,0.5467433955485657,rural_saver
CUS03341,Zanzibar,48,57.87112955498535,46898.40218080402,41.77297726302146,401873.715583034,1,0.9247973926969272,high_freq_trader
CUS03342,Mwanza,31,23.787928084779956,51481.06838794593,24.675088217330195,573382.7309100649,0,1.6564076066250024,urban_digital
CUS03343,Dodoma,36,32.39841947126388,38568.176205072545,31.84145498669901,483866.2963010501,1,2.9632168660961966,urban_digital
CUS03344,Zanzibar,30,6.153519960472561,11355.164921454054,2.9658571007141155,965935.078838879,0,14.732336703962892,rural_saver
CUS03345,Mbeya,44,0.0,10574.111454862637,0.4659656465831803,79312.45687979652,0,95.66872539205409,dormant
CUS03346,Arusha,25,69.97339139961723,105251.71907151083,46.11274652814514,23705.74317842163,1,0.3684029876853906,high_freq_trader
CUS03347,Arusha,20,0.18856890932884873,8026.6290663594455,0.0,61416.34338022114,0,32.392195945813775,dormant
CUS03348,Dar es Salaam,23,62.38579425624464,58959.09418082202,50.39290482909625,306941.91579504637,1,1.1789583254265477,high_freq_trader
CUS03349,Arusha,40,7.8582924965983825,17206.27329502646,8.169295805111155,1148520.1103763587,0,11.15768629140426,rural_saver
CUS03350,Mwanza,53,34.97774977740699,60862.439524314104,23.190123508697923,356895.784305156,1,0.8604505402809752,urban_digital
CUS03351,Tanga,18,37.11703293314716,56521.92064985914,30.151994369059885,458521.4528734309,0,0.9934714536385862,urban_digital
CUS03352,Arusha,35,21.316268489587053,38928.636283495005,24.83351841371148,627091.4501970165,0,2.5689479384174225,urban_digital
CUS03353,Tanga,41,3.78003551577376,20443.336560221913,4.041669250871716,1103647.504790218,0,10.697696684860334,rural_saver
CUS03354,Tanga,32,1.9122653756626162,20840.485008016753,1.5011508317775246,963270.0646370492,0,13.819612049342725,rural_saver
CUS03355,Tanga,42,8.46685951346543,10916.124920866614,3.2802405157764336,783635.2840876604,0,3.8520342866770365,rural_saver
CUS03356,Arusha,46,0.18860041054690307,7954.651981140412,0.23253861387273933,67993.00522420961,0,74.57919691682604,dormant
CUS03357,Arusha,18,4.409354605110803,21826.48883081056,4.638812510258219,950965.0038985185,0,5.835405539781314,rural_saver
CUS03358,Tanga,49,0.5124707334232592,5574.792651815185,0.922115571471996,27070.31557355558,0,75.80494695792866,dormant
CUS03359,Morogoro,45,0.002719488977731499,1551.7384041258774,0.7183304421509047,52415.566524240174,0,91.19485045267095,dormant
CUS03360,Mwanza,21,8.060017151531358,13110.682658274853,2.7021296872607996,301122.88921578845,0,10.248604367073465,rural_saver
CUS03361,Mwanza,52,6.10084311910764,21714.710216808613,3.887968321668639,560154.1227425751,0,6.903530204558317,rural_saver
CUS03362,Mwanza,33,0.36843320139828684,8412.520430322265,0.7682679226796432,9455.077551274378,0,53.997894564575574,dormant
CUS03363,Tanga,40,1.821034890225452,4447.754712018429,0.0,21924.953025951076,0,79.64266092028024,dormant
CUS03364,Dodoma,25,4.585825817243802,15105.180717400652,7.890404678098488,910550.5445582388,0,17.555952854494468,rural_saver
CUS03365,Zanzibar,37,5.06063579930501,12360.447411959658,0.3579737753101506,941398.2428988126,0,9.256565800672155,rural_saver
CUS03366,Dar es Salaam,20,0.6290544200249747,2735.392122286825,0.386591984135019,66755.36236195207,0,43.057970705988396,dormant
CUS03367,Dodoma,28,0.0,8807.821247441976,0.46040963723499023,73330.13913787194,0,86.21984670416963,dormant
CUS03368,Mwanza,44,28.651367760916088,41199.95551984307,24.87129518462326,613691.331921204,0,1.6527820838370415,urban_digital
CUS03369,Dar es Salaam,26,6.595115013977169,3466.599253086868,5.5863205374685885,884091.657433057,0,5.898299282538781,rural_saver
CUS03370,Morogoro,41,10.34237333010898,27028.119995627305,16.80253686542582,179690.07955061542,1,9.072020635746943,loan_active
CUS03371,Zanzibar,38,22.715768841593704,42983.659410651555,23.59159914430867,724018.4890719499,0,2.351327491732112,urban_digital
CUS03372,Mwanza,33,13.48571163739887,30943.089355755816,7.32402746122024,236584.29512229728,1,4.3951367773631755,loan_active
CUS03373,Dodoma,18,34.37570435726393,21142.948079732174,25.514849227983778,349017.9000584297,0,1.853453448645793,urban_digital
CUS03374,Mbeya,47,6.675279573633397,16120.909098291988,3.537557685166492,868630.3267506056,0,14.712880812762421,rural_saver
CUS03375,Zanzibar,25,5.925099458829632,21478.673122590313,3.5297166630790713,700102.7350574153,1,9.864738049803659,rural_saver
CUS03376,Tanga,34,36.42693004631778,34545.449498880254,20.549883152659042,716216.6218047431,1,2.731045373159102,urban_digital
CUS03377,Mbeya,45,14.669374307681652,55117.57867258598,16.761074855497483,207136.18891514343,1,7.213213075347307,loan_active
CUS03378,Arusha,44,3.5880510877388123,14801.739450189898,6.993548578029425,1116101.7534985824,0,16.035031200923267,rural_saver
CUS03379,Mwanza,29,16.872657228860103,40411.62264878504,12.450676667605851,253973.92615464958,1,7.859913044090268,loan_active
CUS03380,Zanzibar,26,30.13306651569057,60252.10702256837,23.34220298993571,338220.76675767626,0,1.1604209611807434,urban_digital
CUS03381,Dar es Salaam,36,20.14553041611018,32231.759163596173,15.044406850605725,59576.532114162415,1,4.293354444823092,loan_active
CUS03382,Dodoma,18,19.053308001477973,46436.26765206113,7.846730832354803,229473.48067268875,1,1.6362143520069128,loan_active
CUS03383,Zanzibar,43,0.7233219702563806,12516.746112982495,0.56616910182262,824.6626835256175,0,66.0553517596774,dormant
CUS03384,Mbeya,41,32.12976948479419,48311.17430494258,12.99196373882054,839609.7722107875,0,2.1637398507943337,urban_digital
CUS03385,Zanzibar,35,1.2302214017123734,9002.216734546371,0.24264760640629637,61445.60340448639,0,74.77780244046177,dormant
CUS03386,Mwanza,49,2.468281257833586,17614.157980077263,6.342910097545206,1206111.8291308102,0,9.787990755073901,rural_saver
CUS03387,Dar es Salaam,23,19.336771465808894,49863.56253272231,7.309134217675592,95683.52313990842,1,4.334863350257631,loan_active
CUS03388,Morogoro,31,3.3570897838974396,17343.18613030493,4.801100788921159,973867.7676704354,0,4.145153218216642,rural_saver
CUS03389,Arusha,47,28.291036258026548,27482.843784756,19.361044078379667,512704.30958281294,0,2.2618702884906012,urban_digital
CUS03390,Morogoro,45,27.265413178865632,45011.86672050048,26.495379587285655,564557.83659765,0,0.5102145766836668,urban_digital
CUS03391,Arusha,18,1.1303370713476029,4907.3723937706745,0.0,77798.32620378425,0,76.3859733529777,dormant
CUS03392,Dar es Salaam,35,0.0,25365.893589557614,8.148216531903842,57867.92649038788,1,6.383812732850219,loan_active
CUS03393,Dar es Salaam,22,42.24093573251787,46409.5355934284,23.42240809729507,581414.456017306,0,2.5450850422541684,urban_digital
CUS03394,Arusha,37,55.066164879177975,73316.77636767409,37.738854883794886,573993.150210506,1,0.9601186959108093,high_freq_trader
CUS03395,Arusha,48,6.809748179872052,51639.646981109705,9.374404241600192,0.0,1,1.800747575324901,loan_active
CUS03396,Zanzibar,34,18.499602652455444,61190.694567424376,24.405237944303508,742778.8309996277,0,2.523364855922296,urban_digital
CUS03397,Morogoro,18,21.607367606610104,49302.34050851493,14.914879512256533,786300.2643391367,0,2.4641965080860864,urban_digital
CUS03398,Tanga,22,0.0,5976.935227922679,0.5021034712291772,21715.671893905514,0,125.960075086014,dormant
CUS03399,Arusha,41,0.40657506453722303,4196.210159706983,0.0,80329.38882093216,0,85.26481222701426,dormant
CUS03400,Dodoma,33,35.66051853750243,50840.06386785223,18.662964649517637,741728.7167920051,0,1.5219613176957654,urban_digital
CUS03401,Morogoro,21,38.50580219139205,65809.88634159007,39.819930777495536,208396.99343450952,1,1.648742883223084,high_freq_trader
CUS03402,Tanga,27,6.119509494160021,22913.587422507764,3.7315641895673255,777906.1574040845,0,8.90319280712408,rural_saver
CUS03403,Arusha,30,12.627060329290048,42901.564670957,10.402174893927915,158672.48456956513,1,1.1813370448250153,loan_active
CUS03404,Dodoma,30,19.320187280783585,27162.900178659784,12.802672262559227,171439.18575859442,1,4.600569784970877,loan_active
CUS03405,Mwanza,35,56.75823558548135,84721.59039126444,40.64419926398745,415043.63530721643,0,1.4340226341356461,high_freq_trader
CUS03406,Dar es Salaam,28,7.10806915960267,26959.25208296429,2.9766791976916895,532598.828623348,0,11.408667345553908,rural_saver
CUS03407,Mbeya,18,23.019358773684573,26604.34976253259,17.162532355610438,516807.55574035697,0,4.065134166396842,urban_digital
CUS03408,Mwanza,52,6.67080265436607,11370.320733485418,4.445733447257722,734029.2380470276,0,14.116761577222338,rural_saver
CUS03409,Morogoro,61,32.560652022311565,61710.70756246375,23.784313935060165,790359.7496369497,0,1.1303409655581134,urban_digital
CUS03410,Arusha,38,0.0,6255.577469238425,0.0,24624.106356453714,0,55.11528871721869,dormant
CUS03411,Dar es Salaam,18,31.24621229360759,32918.28569681037,20.051667263521267,816702.0458877544,0,3.255916858580378,urban_digital
CUS03412,Mbeya,40,8.37881428478003,24268.444282571683,0.6081014251826975,1224810.167051131,0,8.691449161608682,rural_saver
CUS03413,Mbeya,36,34.94551031400306,58272.17435345503,16.46536340548412,470265.5495650636,1,3.3555340957067488,urban_digital
CUS03414,Arusha,18,37.433312421546816,12270.101736863147,20.945822968881018,294421.86528257886,0,2.9857350954427524,urban_digital
CUS03415,Dar es Salaam,58,27.04936569860335,69430.31386152831,14.966544015880986,706587.475094294,0,1.9505773203226302,urban_digital
CUS03416,Mbeya,18,0.1700945905192593,13783.760153118932,0.6629811664607336,49024.01963732348,0,45.25591689175032,dormant
CUS03417,Dar es Salaam,28,67.12979911815621,101857.51272938462,40.63373961562976,281592.9230158301,1,1.1488990839714672,high_freq_trader
CUS03418,Zanzibar,28,28.88336955228073,69570.06132118373,27.11083444920799,522016.35712682933,1,2.463378734125684,urban_digital
CUS03419,Mwanza,35,14.943390147649751,50190.90115181949,13.163906052655467,117237.69108312736,1,6.738025854562696,loan_active
CUS03420,Tanga,18,16.72294173828062,37536.2382145234,1.558972098115973,0.0,1,5.45324284161685,loan_active
CUS03421,Dar es Salaam,44,4.355981355665078,19623.212643472973,4.7156513736473835,1131528.3608459744,0,6.324672058406092,rural_saver
CUS03422,Dar es Salaam,41,0.7928698326608568,7530.066744265282,0.317652056573588,73773.97570053568,0,60.01101368576755,dormant
CUS03423,Mbeya,49,6.004515793411198,22656.182022805653,1.4113368633659733,761944.5682894809,0,11.432364185630659,rural_saver
CUS03424,Mwanza,47,22.10186836583841,84665.97680685192,20.686218516557716,672136.6945483234,1,2.0461565135496778,urban_digital
CUS03425,Mwanza,44,4.292157490707056,6155.354579673331,1.7560051355451014,1333594.685790726,1,1.971057268188389,rural_saver
CUS03426,Arusha,32,16.108402458360793,44673.265782238486,17.96124220184999,778156.3072343244,0,2.9795792578182034,urban_digital
CUS03427,Tanga,50,7.503771055111991,24695.154011034727,13.794133739399966,179381.19710433978,1,5.208669990454464,loan_active
CUS03428,Dodoma,26,8.499289072518355,42201.47898788757,5.283373523888161,268229.90964634833,1,6.088948345547138,loan_active
CUS03429,Zanzibar,44,86.18517870325462,139963.94727671368,43.44303216405608,476289.25696415256,1,0.3657593838702782,high_freq_trader
CUS03430,Mbeya,38,0.04034495600001847,13240.880576736985,0.6143574415160615,57056.67951613457,0,78.58591765406727,dormant
CUS03431,Mbeya,33,0.29776913635039004,1941.971104026954,0.5876699188251779,60993.17001123571,0,130.113201538777,dormant
CUS03432,Dodoma,31,16.5101802654202,38255.035571790635,12.603025432060017,72649.68588842689,1,4.845569494443377,loan_active
CUS03433,Dodoma,31,32.741132462717346,46160.591615684956,26.00935533777464,830227.282716562,0,0.5481487892467511,urban_digital
CUS03434,Mbeya,48,23.046668913474356,19491.167381745552,23.466591864137143,639806.1318098953,1,0.8606895437440114,urban_digital
CUS03435,Arusha,48,0.21267639831009777,10144.887037121298,0.7793154025058855,0.0,0,80.45308642062832,dormant
CUS03436,Tanga,18,5.298574318965498,21933.799856106438,5.268443569591174,1430807.149533857,0,17.410154809226462,rural_saver
CUS03437,Tanga,40,4.73799923955945,20091.81732578756,5.997379274609327,806819.5650864674,0,8.584129448450279,rural_saver
CUS03438,Tanga,23,30.605699500832117,29034.35768165381,23.447540385671854,1076065.9152133488,0,2.625157577284154,urban_digital
CUS03439,Dodoma,36,0.0,11764.28389531982,0.0385837174112712,88024.82436995298,0,64.37359741119869,dormant
CUS03440,Mwanza,42,30.46828496181333,25597.484124782823,25.01824625130037,669979.5568373771,0,1.0404966106001612,urban_digital
CUS03441,Morogoro,22,36.474351851298515,37889.9699280704,17.823981720735418,536654.3735030273,0,2.3977810993531103,urban_digital
CUS03442,Mbeya,18,33.837428266019664,47551.40031977705,29.020499708046934,115338.27630044089,1,3.2926726244807156,urban_digital
CUS03443,Mbeya,51,5.594603186894907,16211.728735653607,3.683970961152225,1040404.2439478433,1,11.120605373717282,rural_saver
CUS03444,Arusha,40,14.92909836693763,34564.1974747537,13.211245957873162,194212.77661651632,1,3.1942835148024127,loan_active
CUS03445,Arusha,21,4.826343719529357,12304.122720027464,1.2170830029023585,35166.191104093334,0,10.509143191215566,rural_saver
CUS03446,Dodoma,18,1.1889360724755487,3813.199302414493,0.5737591671858271,62560.101151471754,0,118.5267078411477,dormant
CUS03447,Mwanza,18,72.65239926899942,132439.54587411825,25.82230184472983,395869.33616736013,0,0.8935859099764345,high_freq_trader
CUS03448,Mbeya,35,5.408084219023147,12094.653927088028,7.059551726127127,873422.6120945401,0,7.653950124142099,rural_saver
CUS03449,Mbeya,37,50.52066087036427,96600.51560889052,35.54196053214078,0.0,0,1.2865920506260995,high_freq_trader
CUS03450,Mbeya,37,0.2787661387042031,7711.759339743507,0.5457847942205151,31045.650152008562,0,92.19291629297945,dormant
CUS03451,Arusha,28,0.5128787250191867,12010.739951081687,0.024321171179721768,25705.695557044826,0,47.110113538801144,dormant
CUS03452,Dar es Salaam,33,29.532507828905715,23425.878680709466,21.785437451336378,722158.0705933743,0,2.0752055290554714,urban_digital
CUS03453,Dar es Salaam,46,28.17211321460134,43035.23993703251,24.764008969587373,538174.9095233447,0,0.9602291384663864,urban_digital
CUS03454,Dar es Salaam,33,8.866708269604185,36579.47000277413,17.25278829868642,238114.8022872238,1,6.018729475387547,loan_active
CUS03455,Arusha,33,49.18380574780341,83654.21567604084,44.599005154643706,358457.2421722307,0,1.6098359325222815,high_freq_trader
CUS03456,Morogoro,29,15.959257426660823,16009.286368727036,19.024791100141876,116892.08718434186,1,6.303385054024145,loan_active
CUS03457,Morogoro,24,13.814990425178943,22548.813299025634,0.07914941266834319,242775.20556877457,1,6.091405114000743,loan_active
CUS03458,Morogoro,39,30.711462733093697,54887.20796386772,20.534898586384706,682369.591323914,0,0.5616476666832553,urban_digital
CUS03459,Zanzibar,42,82.56540803480718,103925.88134357479,36.712952404534015,255721.65159718448,0,0.8225747457910149,high_freq_trader
CUS03460,Arusha,36,5.5232388977371825,20406.3100481048,6.261340125767088,893199.6691994196,0,8.277567780319442,rural_saver
CUS03461,Zanzibar,23,60.96475506911613,69596.70134590668,25.321510983961836,330942.82439697534,1,1.1973226200060894,high_freq_trader
CUS03462,Tanga,39,30.380638512585847,42857.009871086084,28.322439516480607,405035.804621864,0,3.509986382123187,urban_digital
CUS03463,Tanga,54,32.70335543529458,32691.5753724663,21.56867658604424,636844.904430652,0,0.8038937033847453,urban_digital
CUS03464,Mwanza,28,57.68128340880602,89139.07546589668,49.744354817459254,603217.4222612212,0,1.5823734931913802,high_freq_trader
CUS03465,Dar es Salaam,33,43.77062821735217,77110.29788535532,44.52187833681619,331821.8189324668,1,2.0273555177905007,high_freq_trader
CUS03466,Morogoro,23,0.16015779493948729,12640.143597585222,0.6792670919275834,63237.443953577415,0,89.11122124297333,dormant
CUS03467,Mwanza,18,3.5628568172718404,14745.490505527272,3.598169109574705,983083.142053727,0,3.1869411964764476,rural_saver
CUS03468,Mwanza,32,7.474860832738049,11686.047658232837,3.5357511893413722,732607.6050786603,0,6.240592604946659,rural_saver
CUS03469,Morogoro,51,18.1738214796632,42690.84905650797,11.266256584029056,214163.47808610747,1,5.0286183732391,loan_active
CUS03470,Arusha,29,7.646832805951673,19782.215962828755,2.12296465643826,978973.1360714779,0,15.60409175953262,rural_saver
CUS03471,Mbeya,18,3.265273871471066,14818.641727530634,3.463495575473537,1446809.2999010491,0,7.941395547804161,rural_saver
CUS03472,Arusha,23,0.0,3894.9868802058663,0.0,60458.40256753066,0,72.10105948078446,dormant
CUS03473,Tanga,18,6.304064789480655,7897.967595798592,3.8234001819161043,1149074.1488882664,0,11.774575296273156,rural_saver
CUS03474,Tanga,26,0.0,9309.034942385664,0.6141057129786058,42852.98079511621,0,117.90416844519133,dormant
CUS03475,Arusha,30,6.280183396101801,17321.874235843195,2.8321945989503576,582220.5001713445,0,10.532962623884192,rural_saver
CUS03476,Morogoro,35,65.98577470057552,86591.30375279409,38.882062534427774,273513.4603272463,1,0.5386282590099851,high_freq_trader
CUS03477,Mwanza,35,5.643632469204778,44447.44701534337,10.073765029911181,64792.834299663824,1,8.233190344270728,loan_active
CUS03478,Mwanza,18,8.324255855397265,50717.209138534614,15.419472652476154,77297.51928744401,1,4.354039763808362,loan_active
CUS03479,Zanzibar,21,0.6623437529470314,11380.581621661388,0.49706664393146327,50982.614006437354,0,93.84318120575219,dormant
CUS03480,Mwanza,36,9.636563183826034,11139.589466841584,2.6779847016531475,727435.2712775954,0,9.229103774110847,rural_saver
CUS03481,Tanga,27,50.175634327905115,94165.10890050413,31.27658164889786,409871.20799787913,0,0.997106544780318,high_freq_trader
CUS03482,Arusha,27,63.73359975181211,67808.82093514985,40.2763218506917,277227.70761683607,1,0.3864737420076181,high_freq_trader
CUS03483,Morogoro,46,0.0,5093.220556204265,0.0,22864.980123971836,0,53.701806819785105,dormant
CUS03484,Morogoro,40,0.4757352613274722,12301.811212567573,0.31214444525111884,77857.69768892654,0,68.95709793125448,dormant
CUS03485,Dodoma,18,50.64214654840148,105478.74004771668,40.216787167268045,269623.8476806328,1,1.3756248670576627,high_freq_trader
CUS03486,Dodoma,32,0.32452977613637324,10730.682858390255,0.3744681795069159,16208.570317961385,0,27.64475258982236,dormant
CUS03487,Mbeya,40,78.16859410498849,109874.06874556784,33.65109154754512,0.0,1,0.9813788167488907,high_freq_trader
CUS03488,Dar es Salaam,45,21.33472836012475,47136.07899663227,24.888209537899108,797190.6332523257,0,2.4427593962845586,urban_digital
CUS03489,Tanga,28,4.360179145964223,500.0,3.5262739789541127,830710.1372649702,0,3.9677571614487483,rural_saver
CUS03490,Morogoro,34,0.44256138104420994,8381.711549271411,0.0,0.0,0,97.59111041194484,dormant
CUS03491,Mbeya,58,20.00046022200759,44947.15598800775,22.12164509503883,476293.56977740745,0,1.1315128686682532,urban_digital
CUS03492,Arusha,39,13.252647084818227,42896.196190639756,9.214408804850677,125030.71782812808,1,3.7279947312044914,loan_active
CUS03493,Dar es Salaam,41,0.10519544739017994,6423.559934289143,0.6227721033837113,0.0,0,81.21004440430929,dormant
CUS03494,Dar es Salaam,36,23.50152144655425,46855.131684809516,26.511549324822628,353770.7010881674,1,2.2973401200414747,urban_digital
CUS03495,Mwanza,18,68.48630883457602,147902.91154326245,44.87957122137561,421587.3733217453,0,1.9508256479162362,high_freq_trader
CUS03496,Dodoma,40,39.15117832238201,93825.81824131476,45.281137478855754,0.0,1,0.9097551206808475,high_freq_trader
CUS03497,Zanzibar,36,38.30133774159595,62998.56896110647,33.54568262370407,410841.7703903082,0,0.689637658989203,high_freq_trader
CUS03498,Tanga,32,3.883986854466794,25248.193503070102,5.148714801314082,1135853.0929328278,1,14.064972772872267,rural_saver
CUS03499,Dar es Salaam,18,21.441422075893314,35265.35282286988,7.003928861958614,307330.59807217016,1,3.1281442310273726,loan_active
CUS03500,Mbeya,43,7.98555271787363,11343.768046786608,4.8701933683266825,1445163.2508566515,0,9.836338505234956,rural_saver
CUS03501,Dodoma,46,0.41008956327701035,17557.518174630415,0.27140476729939206,61906.23585585595,0,107.98708991820294,dormant
CUS03502,Mwanza,57,35.930317601334856,34205.52603820484,30.14087391093805,633918.4181947941,0,2.22194424343963,urban_digital
CUS03503,Dar es Salaam,26,0.6906478528141009,4876.780822463548,0.0,48578.076476261514,0,48.07268538480861,dormant
CUS03504,Arusha,27,57.06970378402698,79452.86615214062,45.815260818959395,189325.85738916695,0,0.15711354533423505,high_freq_trader
CUS03505,Morogoro,31,0.0,15833.805316357437,0.5486250364159064,48247.18519570237,0,79.66594484998404,dormant
CUS03506,Dar es Salaam,60,3.492369510609507,20153.601431954085,5.702660162217864,306799.8650783965,0,11.34732890231025,rural_saver
CUS03507,Mbeya,41,83.86493599511333,80562.3008688116,38.217446316047244,248959.43528862076,1,0.5396197437197767,high_freq_trader
CUS03508,Zanzibar,54,1.4807207183627806,14200.327559581254,0.5367530984720913,0.0,0,37.70901033215411,dormant
CUS03509,Zanzibar,39,31.32240774413666,41333.03621939691,30.761505046979963,750718.7543757822,0,0.14343089273843956,urban_digital
CUS03510,Dar es Salaam,26,23.872855735666796,40274.484304663645,13.792978926490633,152909.8328404264,1,5.212150244586314,loan_active
CUS03511,Dodoma,45,50.78833058088258,78044.64938071523,40.1875712197569,58486.66329978875,0,0.9178765569639031,high_freq_trader
CUS03512,Zanzibar,50,4.404650367363541,43575.23026484949,15.347579775812516,185083.82672013828,1,5.060037976335817,loan_active
CUS03513,Arusha,50,17.61463283921708,40976.41180979323,16.62776749666517,210892.55885174227,1,3.399481734559001,loan_active
CUS03514,Zanzibar,55,14.38139355080244,35332.83008602781,10.4275217096945,227509.42941246982,1,8.497705815312473,loan_active
CUS03515,Tanga,27,61.97505975324693,125054.19859307437,41.587464572272964,226136.45153139404,0,0.7060576006098025,high_freq_trader
CUS03516,Dodoma,31,0.0,13069.070076809443,0.7510341898299975,61193.8952406028,0,55.32253727923928,dormant
CUS03517,Morogoro,55,21.817188417496,39133.30124176693,26.528678256485183,478966.23456329526,0,0.22367780025866546,urban_digital
CUS03518,Arusha,35,5.21717684294571,19351.244419870058,4.377370042873285,1020749.4352660507,0,6.957764063253159,rural_saver
CUS03519,Tanga,34,75.91386696605235,100831.37099678422,32.79727702307434,313100.09628921037,0,0.8245674495506261,high_freq_trader
CUS03520,Dodoma,18,7.527423842679159,11400.367907587815,3.308217992667983,1194636.240867844,0,15.116447254462063,rural_saver
CUS03521,Dodoma,31,16.441488938052007,29920.433724481463,5.205123727925293,86864.52927209387,1,4.398463301554338,loan_active
CUS03522,Arusha,18,24.35866787061383,44836.303258578344,36.23323098944655,254956.28099734907,1,1.9816256866554118,urban_digital
CUS03523,Mwanza,35,7.5255266251483715,7795.1625133701,5.6557878088425415,1422399.2606981264,0,14.673442339829606,rural_saver
CUS03524,Zanzibar,46,1.8115907363174228,8975.915725262288,4.356453285277082,1020354.9736898886,0,10.126820374614553,rural_saver
CUS03525,Mbeya,33,5.174328065468453,17192.343892782876,6.14487077292859,1155736.7937656012,0,10.45402646253501,rural_saver
CUS03526,Arusha,42,29.6326814425295,35834.77537197761,29.560474965381864,293919.088646382,0,1.9637571833076528,urban_digital
CUS03527,Zanzibar,22,36.93391694377526,45933.025365658534,20.410070750851872,570992.6536968336,0,2.5199334633694415,urban_digital
CUS03528,Morogoro,54,57.89484334650838,130566.55046312546,41.43881704747738,142060.0806363888,0,0.0,high_freq_trader
CUS03529,Mwanza,19,3.626794065223175,7719.7656444297445,2.6934799664990052,1176394.9020988536,0,11.792848602451562,rural_saver
CUS03530,Mwanza,45,27.866650764239736,66473.10578508476,22.44549649057428,628094.5010350873,0,0.4541370408330101,urban_digital
CUS03531,Arusha,32,16.038757612882424,29032.18057957322,19.151499374322096,749669.849251775,0,2.4013510992555993,urban_digital
CUS03532,Arusha,29,6.142343505966282,17479.67714790994,4.544668242802094,894308.4373298505,0,10.867888308753539,rural_saver
CUS03533,Morogoro,30,39.28265690817178,39687.54129764867,30.83497497180186,462974.1706663469,0,3.7837582299786434,urban_digital
CUS03534,Morogoro,32,51.99129413107776,79269.25948303135,39.845058922777156,348280.7007637941,0,0.790007720199299,high_freq_trader
CUS03535,Mwanza,31,52.558783474325736,110762.77918951388,46.771486395948955,511873.4065361775,1,1.1731360101192827,high_freq_trader
CUS03536,Tanga,32,16.586577597764922,33745.78297982334,25.042808841664485,363811.63068616885,1,2.065827894951539,urban_digital
CUS03537,Zanzibar,43,0.9483938013634748,10466.331855696284,0.6447699939295977,115203.15375186775,0,127.28053281338191,dormant
CUS03538,Tanga,25,25.240898860547382,45742.03063825881,31.866272925636345,421355.0089414861,0,1.8300759400821494,urban_digital
CUS03539,Mbeya,22,3.3525495948170625,13605.8199621936,6.606023388671095,689411.8319144822,0,7.708506474939302,rural_saver
CUS03540,Zanzibar,29,16.268185242905364,41790.719877940865,10.752351666082035,162076.2716473583,1,8.205920421882679,loan_active
CUS03541,Tanga,38,3.73406091350071,21368.17844715169,3.1486439538116437,801569.1035139889,0,18.21659117910925,rural_saver
CUS03542,Zanzibar,33,14.315008634676737,34943.47524826896,8.177846861053473,121532.2107465335,1,4.299021538607269,loan_active
CUS03543,Dar es Salaam,35,36.15587447565605,43604.67408006667,22.164854245286996,855575.0008213074,0,1.8735657329037634,urban_digital
CUS03544,Tanga,46,8.933299026356677,16530.388658936943,6.498967977847032,829612.6793523161,0,10.950739345691797,rural_saver
CUS03545,Dar es Salaam,53,4.116760941920184,15359.788031920314,5.9143959051010455,1234945.6109211564,0,10.41891090040997,rural_saver
CUS03546,Dodoma,43,4.685586860768895,7526.174151544882,3.4447782122954465,1258752.6853039367,0,4.1205679484889846,rural_saver
CUS03547,Mbeya,37,7.761976373595325,40490.30326016985,8.687653665439289,88352.14530817002,1,3.002555349152072,loan_active
CUS03548,Mbeya,40,23.475053114514846,44940.32628367201,26.007031933866074,722532.2468328483,1,2.164728345287123,urban_digital
CUS03549,Dar es Salaam,40,18.281018211343017,33184.40769437922,8.84838748634186,348014.19082912186,1,2.41389766339304,loan_active
CUS03550,Morogoro,32,20.230157231915747,31587.347587771277,9.325932992396691,117882.66954166608,1,5.000444625728161,loan_active
CUS03551,Tanga,52,2.0552960695315194,6189.049629828753,0.7132545496996975,66317.74587118163,0,77.1694624228675,dormant
CUS03552,Zanzibar,39,2.7998475086864016,17125.892292332923,2.56724012334369,769203.6194684476,0,6.144702827510369,rural_saver
CUS03553,Dodoma,47,5.868260233174512,13497.043430165715,5.51834937615953,1035580.4465851584,0,22.20369472890959,rural_saver
CUS03554,Arusha,26,42.66880424865544,40020.54090951984,25.248495605150932,352346.14756586705,0,1.4160407253669502,urban_digital
CUS03555,Dodoma,33,57.19159419829893,53658.24232844016,44.26978694207093,164966.18848647448,0,0.10583769622608785,high_freq_trader
CUS03556,Dodoma,39,2.308400199158966,12547.435216241338,3.425574298632421,720290.560702943,0,13.88467307742941,rural_saver
CUS03557,Tanga,18,10.699782044914954,35640.77439312717,8.582923335699078,221151.4291678312,1,5.575722453679516,loan_active
CUS03558,Zanzibar,34,1.0489677438621947,11867.362158203605,0.7485086110703615,34506.77297507545,0,81.01947553830225,dormant
CUS03559,Dar es Salaam,32,6.793970675198091,11819.721143190705,4.684679962864399,950400.0282395498,0,15.589885624284932,rural_saver
CUS03560,Morogoro,18,61.594184696136274,53327.41876919676,44.15352857630244,228465.94373857108,1,0.344426882233569,high_freq_trader
CUS03561,Zanzibar,37,7.23173619676133,14125.986796141438,4.7987070182949765,719951.2441107339,0,8.261987541241206,rural_saver
CUS03562,Tanga,40,17.882853328304165,38038.43626779849,6.252956805989246,297014.35343434877,1,5.665628145839003,loan_active
CUS03563,Zanzibar,49,29.53592367403103,42896.00116634487,22.53605675234275,796974.2457479676,0,0.0,urban_digital
CUS03564,Arusha,26,15.099647617033085,37366.90543827625,15.40656932033399,0.0,1,6.629578818508749,loan_active
CUS03565,Tanga,41,43.272563603356986,130998.22040450822,25.948866113586583,362797.46930697333,1,1.1982995026248013,high_freq_trader
CUS03566,Dodoma,41,13.67490197712665,39627.206918824195,7.166125616585408,103684.44371243248,1,5.071091528343941,loan_active
CUS03567,Dar es Salaam,42,1.0385232517406147,16814.077326866405,4.91374390174726,661643.887065661,0,8.367321111854011,rural_saver
CUS03568,Mwanza,46,64.14838938468219,62211.67227774983,40.84544875182364,339293.5182316358,0,0.5067043415402326,high_freq_trader
CUS03569,Dodoma,37,7.073923438350127,17057.399574537198,7.28536513540781,950337.3387116347,1,6.645032618148412,rural_saver
CUS03570,Tanga,35,42.74947955346779,82225.42818175706,43.71338921303908,475671.75041520974,1,1.0495388094843876,high_freq_trader
CUS03571,Mwanza,30,28.849393033517014,44619.996034689895,30.961044752660307,848799.3432857563,1,1.989427800568776,urban_digital
CUS03572,Arusha,58,4.064475983620756,12402.80887674195,5.429142265509919,1160557.5265381732,0,7.3421292711500605,rural_saver
CUS03573,Mbeya,40,4.336014031115837,22082.623333124175,4.809152096450515,680220.3182688575,1,7.244322338630269,rural_saver
CUS03574,Arusha,36,4.180744011918403,22772.05180856683,3.584279062798445,1110133.9375230828,0,16.487603122527705,rural_saver
CUS03575,Tanga,28,3.197211012952005,15515.74109194917,6.280023126158525,965841.5076040686,0,12.078839661483796,rural_saver
CUS03576,Morogoro,33,65.46917697607405,53415.1299334401,33.60815247447704,117448.61920712129,1,0.96973841082516,high_freq_trader
CUS03577,Zanzibar,41,21.984881279541018,63711.812588255925,9.27679600813132,607693.1117825715,0,1.9897124618308943,urban_digital
CUS03578,Mbeya,48,61.32828261456838,102491.49924902488,35.18224563381595,81142.13934140268,1,0.4867376619956163,high_freq_trader
CUS03579,Mbeya,58,37.347986773088564,58712.473286764725,28.786907853531602,611990.229838901,0,2.35561895123829,urban_digital
CUS03580,Mbeya,38,48.98278598481698,106815.20922984742,29.88565901880577,401752.31401991635,1,0.39322858174590514,high_freq_trader
CUS03581,Mwanza,36,64.25430188683531,151261.97486836353,39.26967588433959,415880.9558213173,1,1.3444490299828233,high_freq_trader
CUS03582,Dodoma,22,8.199233744483688,9736.632422053903,0.0,1025220.9366237004,0,15.246953319194477,rural_saver
CUS03583,Dodoma,19,92.4062409435172,89538.74963455305,38.31915311771293,412196.30914650444,0,1.5695633426961297,high_freq_trader
CUS03584,Zanzibar,31,17.680533908683664,32068.139555924805,6.31588608978176,153849.02784016955,1,1.3775155924163704,loan_active
CUS03585,Mbeya,32,54.26998852796369,86558.03339099794,38.65986593645049,471102.27469549375,0,0.808896904407815,high_freq_trader
CUS03586,Zanzibar,33,3.869681952570178,15796.567233176354,2.552253411088123,478715.39869477425,1,16.189100318656802,rural_saver
CUS03587,Tanga,46,5.751048878589122,12420.245619709653,6.34019484257176,928214.9275046311,0,14.79581581847976,rural_saver
CUS03588,Mbeya,36,67.2192118877453,21114.827248074944,39.97641341850237,434014.19733057055,1,1.1025756754544007,high_freq_trader
CUS03589,Zanzibar,35,35.22174630860876,46941.0813793853,24.41092038175383,778482.7377164025,0,0.9027578478852394,urban_digital
CUS03590,Morogoro,18,67.08449429469434,113134.06332203466,47.4471961733392,289702.77383086307,1,0.7039420277526788,high_freq_trader
CUS03591,Dodoma,41,6.045518472931478,29248.403424689153,0.9922731752224903,947050.6822872899,0,2.8586543625723966,rural_saver
CUS03592,Mwanza,28,48.40028363512896,102889.66777673175,35.7239475334964,85862.48087631149,0,1.3323074046907588,high_freq_trader
CUS03593,Zanzibar,36,24.51992549175146,25276.984332332788,27.812148688233087,759983.6816557074,0,1.971874438402806,urban_digital
CUS03594,Mwanza,34,29.46635115164465,28829.649606757084,26.44222299611701,364898.54779032,0,0.9351198296981855,urban_digital
CUS03595,Tanga,48,14.747473878914022,36037.466426532344,6.429057070006083,166225.41753823654,1,5.5939833605808404,loan_active
CUS03596,Mbeya,44,15.92516360918457,29006.07845510383,4.611751176476359,27579.127159368378,1,5.645956261873609,loan_active
CUS03597,Dar es Salaam,45,18.965994352595125,26097.795554538377,11.02105439227256,136062.50555744872,1,6.43653507112423,loan_active
CUS03598,Mwanza,28,3.6689367834989284,45321.34698163202,11.008787852487556,107491.52154875486,1,3.993074325243116,loan_active
CUS03599,Arusha,39,4.12599273056382,11461.01173451823,1.9196760993606352,1303970.5339679646,0,19.01137236780003,rural_saver
CUS03600,Dar es Salaam,40,31.533449524647665,32260.73679650844,22.908955318655405,614538.2614501711,0,1.5351989734538514,urban_digital
CUS03601,Zanzibar,18,19.978328346686666,48404.89081731897,26.765075912228117,481944.63197164173,0,2.441469140064301,urban_digital
CUS03602,Dar es Salaam,47,6.004168941014185,23172.13952306151,0.0,1146862.4600016477,0,4.247596683166663,rural_saver
CUS03603,Arusha,27,20.940296804830446,36513.307935599274,24.13053555320506,795534.0292997542,0,1.9579092669607512,urban_digital
CUS03604,Mbeya,23,15.122788142717043,45466.782144776706,10.423587349477641,121403.26443276633,1,4.934486606462933,loan_active
CUS03605,Arusha,29,35.220508176005225,64652.51530792871,15.042443098441016,716425.8989064137,0,0.7883148680510064,urban_digital
CUS03606,Morogoro,49,24.537722449666752,67811.36112498378,32.26225108191318,415764.6374061214,0,2.7729769617659388,urban_digital
CUS03607,Mbeya,40,21.64555256892062,53682.49224578748,20.34120389347492,724632.6994013389,0,3.9006180029688755,urban_digital
CUS03608,Mwanza,43,26.116034119585102,46655.2008883319,23.497407715542924,369112.73253293196,1,3.598719722603927,urban_digital
CUS03609,Tanga,49,40.30857604985175,59842.75583261677,22.46304296126393,582408.5560603084,0,2.7747718432115516,urban_digital
CUS03610,Arusha,41,1.1248530830950214,10804.1610727815,0.4057039839481778,20065.632480116077,0,81.39419084845697,dormant
CUS03611,Morogoro,56,4.472267614287492,17594.080144799584,6.6462468265036225,1013145.4972208649,0,13.65210758731693,rural_saver
CUS03612,Morogoro,44,0.446357947878133,10084.08803486481,0.7533697737055803,70078.66569198086,0,34.95245437662442,dormant
CUS03613,Dodoma,30,12.999136721842419,49403.54676358153,17.43169605456213,102780.38671329146,1,2.9349946591665432,loan_active
CUS03614,Mbeya,40,0.2905413740659435,14144.353151513502,0.0,72272.90615824552,0,102.75675880694376,dormant
CUS03615,Arusha,18,0.4188944061433774,15395.906527446466,0.226423302488591,78448.52952417562,0,71.82529597879906,dormant
CUS03616,Dar es Salaam,31,5.460714578353622,14218.580851788869,3.7132097008475595,701906.9753952626,0,12.94835792937219,rural_saver
CUS03617,Mwanza,30,21.695870424274673,48052.34801444294,30.88959697598908,875723.426449971,0,3.9911917670270993,urban_digital
CUS03618,Mwanza,21,3.968120603060614,8190.76844691007,1.8474644536312956,1000124.9449367031,0,7.47196850827496,rural_saver
CUS03619,Mbeya,29,10.550655976868203,45153.93671853141,17.213346061892832,299212.82158555125,1,6.374173856388737,loan_active
CUS03620,Mbeya,62,0.1660932565256023,11024.559308740414,0.22609253932268608,62357.49637803956,0,113.60875971402298,dormant
CUS03621,Arusha,61,21.238751100072058,50369.06888442921,25.568682602800223,403183.74573579885,0,3.5308099945178637,urban_digital
CUS03622,Dar es Salaam,33,6.822579714440535,5499.465889929083,4.9539795119891386,1122587.874448125,0,10.86047710173378,rural_saver
CUS03623,Tanga,45,72.20984382375148,124725.59350504092,29.83432862452598,223301.6423353027,0,1.919162129409103,high_freq_trader
CUS03624,Mbeya,38,0.0,7741.860950162156,0.21496227835494902,27321.83167407473,0,95.72554634072794,dormant
CUS03625,Mwanza,41,0.17917377924010625,5467.007882933503,0.3131780252105701,36285.909278011386,0,74.88357091765843,dormant
CUS03626,Morogoro,39,7.332357683831992,27418.157158145954,9.865228156725081,275227.59177789435,1,6.690667100014505,loan_active
CUS03627,Dar es Salaam,25,0.44924806614238755,12308.895095397322,0.43012594541837923,88364.00733149807,0,47.89322635190441,dormant
CUS03628,Tanga,37,0.6372856683177222,9974.04475467539,1.0201015350015123,0.0,0,74.33849495272368,dormant
CUS03629,Tanga,18,38.399563727731056,55515.307372061616,15.979928392338184,906751.8894553749,1,2.263074567198869,urban_digital
CUS03630,Arusha,40,27.090286146078178,50624.73585492067,28.982755067020683,245910.44175022136,0,3.0980164114413737,urban_digital
CUS03631,Dodoma,20,20.74256106810136,39552.8127100632,13.852339032455818,161609.78201059683,1,5.959897086436434,loan_active
CUS03632,Dar es Salaam,28,0.8610686329862859,2990.588608459072,0.5163048197941761,36830.508890550846,0,82.39976607927805,dormant
CUS03633,Dar es Salaam,22,6.735941838760878,18771.65816625507,6.187582354317932,554977.90084803,0,6.098774672374122,rural_saver
CUS03634,Morogoro,22,1.2834144643394492,13360.832387921084,0.0010149800447129542,101309.27258250528,0,100.60997287031702,dormant
CUS03635,Mbeya,38,18.04444088623967,43961.02025515544,24.087060620284493,603107.9694200269,0,0.5727610658643782,urban_digital
CUS03636,Mwanza,44,67.46666983380159,39504.7175942506,29.750943857337894,453361.9709879387,1,0.9926504170980487,high_freq_trader
CUS03637,Arusha,32,15.898104637279285,41346.49193054519,28.701532140891786,722005.7209951055,0,1.30131785724114,urban_digital
CUS03638,Dodoma,28,44.527787006477446,87499.81467084812,39.33699228232062,237307.61153424368,0,0.46475818807741176,high_freq_trader
CUS03639,Mwanza,28,6.247995283903384,14466.35871626765,3.6976759681106834,562090.6460953335,0,8.046615276398242,rural_saver
CUS03640,Dodoma,19,34.58851339292396,48166.99024179955,21.337182537078327,819002.6115272483,0,0.6424563968048205,urban_digital
CUS03641,Tanga,46,31.569607710370732,55697.82065498539,15.698846926526496,731728.8431541095,1,3.395041765519478,urban_digital
CUS03642,Mbeya,41,76.22258961602893,102209.14779028519,43.639375118403265,249407.31191085326,0,0.333796639724658,high_freq_trader
CUS03643,Mbeya,43,36.44928916757533,39264.74187014894,28.832905261684914,560564.2804605018,0,1.198647894263245,urban_digital
CUS03644,Dar es Salaam,18,27.42797337416199,30778.785767267313,23.233511931124063,864342.2442040152,0,0.5156825621227976,urban_digital
CUS03645,Mwanza,28,78.76025953077169,128454.00912244513,48.30624262173163,298315.2016914855,1,1.672723736326911,high_freq_trader
CUS03646,Arusha,33,8.877672054018323,10441.632492378953,3.605934134404588,361960.810773697,0,8.82196601359281,rural_saver
CUS03647,Mbeya,39,4.840909502189304,15208.37071135776,6.5671381831322515,581444.1543186603,1,10.860968855016411,rural_saver
CUS03648,Tanga,44,27.815746824071972,36391.19871577599,26.224318487077518,703767.8594847037,0,0.6614854512874941,urban_digital
CUS03649,Mwanza,20,20.02545025071263,47033.232233270195,11.485563336483915,128942.98561371575,1,4.9956910170662505,loan_active
CUS03650,Mwanza,24,23.90412729737591,44361.05236974298,22.666805430340034,618401.8586769807,0,0.8485306982760705,urban_digital
CUS03651,Mwanza,26,23.94290787177728,46140.42871960075,19.344063942528944,821265.985516152,0,2.00152398908522,urban_digital
CUS03652,Mbeya,52,6.312374990942741,12512.678181379893,3.9526962696978165,1266384.2747417553,0,7.216918469652208,rural_saver
CUS03653,Dar es Salaam,18,27.461543903245555,59810.43131275187,23.115442887091668,837927.4046574184,0,2.554566443207599,urban_digital
CUS03654,Arusha,26,2.831705019164787,20351.007560141,6.115542828030609,1626436.571380179,0,11.9431976753605,rural_saver
CUS03655,Zanzibar,43,24.986522995411306,49588.2604910572,20.67986963454851,606731.2384140815,0,3.127973316707375,urban_digital
CUS03656,Dar es Salaam,34,30.711208489275307,43300.39584795641,21.155340535274618,707802.3061997996,0,2.119128722444804,urban_digital
CUS03657,Morogoro,18,3.892579487016423,12997.182309000342,2.648093972027718,661032.5911879621,0,0.3047939898157317,rural_saver
CUS03658,Mwanza,25,19.018563194958077,36474.78792508959,7.106533559440402,227912.2690458601,1,3.721645060089359,loan_active
CUS03659,Dar es Salaam,40,39.43971262434795,47821.220814865956,24.978554370910913,693280.1971242174,0,1.4059915317446428,urban_digital
CUS03660,Mbeya,31,27.975349095772263,71465.02440385486,21.324042124685324,788636.6093820982,0,2.142820901163954,urban_digital
CUS03661,Tanga,46,5.134158021136949,38491.83601776582,11.713713518990783,196851.648334633,1,5.126192659533808,loan_active
CUS03662,Zanzibar,43,10.670050007683924,49683.876083068266,6.048339696399518,141372.86437448187,1,6.361747507383531,loan_active
CUS03663,Mwanza,24,0.3286072797153331,8472.532106894832,0.24566143350702696,32695.522241137962,0,120.02150286166815,dormant
CUS03664,Morogoro,18,14.283327186730887,35356.36489153878,24.656479442885843,524629.3798239353,0,2.9821838001750676,urban_digital
CUS03665,Zanzibar,35,3.433701931491233,14838.988096624691,0.8709808371487937,789663.5448652299,0,11.37133256594307,rural_saver
CUS03666,Morogoro,41,21.755364284784516,47180.85191145263,22.707379334118542,647727.3457299491,0,2.8981236583877155,urban_digital
CUS03667,Dar es Salaam,18,24.92811604460116,58590.831094379624,19.564381155797108,558506.3301650261,0,1.5183375763592357,urban_digital
CUS03668,Arusha,46,5.178499502590705,21958.671393562814,0.0,930717.9537104627,0,9.32946359343106,rural_saver
CUS03669,Morogoro,39,0.5269040269000123,12042.1390706082,0.6852394414035948,50896.910167741225,0,67.81004315400962,dormant
CUS03670,Tanga,50,7.140373905768497,9233.546198044234,4.472127616888423,823932.1123733972,0,7.236220089382677,rural_saver
CUS03671,Morogoro,20,0.31800373521479186,12575.03403427726,0.339307974461052,16018.561323054753,0,78.81536132671167,dormant
CUS03672,Tanga,60,31.64287379676191,42506.71977669223,28.275909205482826,886709.1699999094,1,1.5388544291492325,urban_digital
CUS03673,Mwanza,36,5.119375211820598,8424.438731934802,8.480677260966827,682178.1480061233,1,5.366403048288,rural_saver
CUS03674,Zanzibar,32,60.54896914477104,69099.9350558604,36.119617949185574,307962.15384262917,1,1.1666394702357477,high_freq_trader
CUS03675,Dodoma,18,18.848549655186105,51800.66886884534,5.581565556648728,239128.7633414385,1,4.374443325165339,loan_active
CUS03676,Dodoma,34,2.355530571078578,21670.873131491015,6.906714683411899,729275.244809853,0,2.8705641821490175,rural_saver
CUS03677,Dodoma,39,0.0,8818.963031005816,0.0,66724.90040217154,0,53.34387453898063,dormant
CUS03678,Dodoma,40,24.081805157277344,16611.609686582993,28.98080652967485,810186.8778220229,0,2.2744250454022814,urban_digital
CUS03679,Mbeya,49,38.35359099720771,50001.577681442766,22.211714362554975,685583.232727946,0,0.9344460010827984,urban_digital
CUS03680,Morogoro,31,66.40992585330133,43459.51166363789,34.53067625131996,413646.1478383111,0,0.6235334037485403,high_freq_trader
CUS03681,Zanzibar,63,34.496162728494156,63005.60397907322,19.457512852799525,653273.0575593901,0,2.4595247364745827,urban_digital
CUS03682,Tanga,40,4.726216766378824,23985.485387612673,4.033347976613687,801755.9798976032,0,9.55416614898097,rural_saver
CUS03683,Tanga,39,2.384531913387084,11006.719072887649,5.445286120986635,1197459.1264727656,0,11.103482200742723,rural_saver
CUS03684,Mwanza,34,33.74679051510877,27885.263953685884,21.45263004976584,585114.1834942505,0,0.0,urban_digital
CUS03685,Zanzibar,32,34.07884431040103,39971.52064524382,20.6655495297074,705733.6893738871,0,2.880898468553479,urban_digital
CUS03686,Tanga,24,3.769568281222766,22102.981373614744,6.474521865573872,613356.1567191151,0,8.693322489774035,rural_saver
CUS03687,Morogoro,22,19.359211012259117,46949.514857672315,6.210629045030565,155416.01173743806,1,7.431930009434437,loan_active
CUS03688,Tanga,59,0.16558669434094953,10646.952025450037,0.2517932609821757,2741.756894842889,0,68.5956078514901,dormant
CUS03689,Dodoma,46,4.725827176510794,10433.491347085126,3.0839760862656633,1440570.1263701264,0,15.856340530366756,rural_saver
CUS03690,Zanzibar,36,20.083814894649727,33613.82604453697,20.51913427756849,495605.0618129979,0,1.4380351301605963,urban_digital
CUS03691,Arusha,18,1.1098890390852094,9007.353260627739,0.09711706316674701,55653.85854454409,0,44.773790737276734,dormant
CUS03692,Tanga,38,31.85927297981684,57219.72070553006,24.360647105299204,521738.8780246972,0,3.166925030104652,urban_digital
CUS03693,Dar es Salaam,55,5.9903524322094865,12652.146406092208,1.7734342173771478,975811.2460045363,0,8.30415583081607,rural_saver
CUS03694,Morogoro,31,59.42307127902106,28676.112881026434,35.716332452703966,149782.23778792284,0,0.2877838010305175,high_freq_trader
CUS03695,Arusha,39,5.048574879229037,15748.09320686966,3.8466863044267234,859586.9895007492,0,9.918743133585698,rural_saver
CUS03696,Mwanza,19,29.307821781932176,58522.5549425627,21.26655213238131,647625.178813274,0,1.9590463729925978,urban_digital
CUS03697,Arusha,23,23.72073710115939,43723.60665997272,26.667268175727095,729832.640533342,0,2.8040980138845124,urban_digital
CUS03698,Dodoma,40,30.933499812506255,45160.23639244904,24.624477649415617,527536.2395953246,1,0.7848470318673821,urban_digital
CUS03699,Mwanza,45,5.740859447792665,14925.932378220363,2.5595785438766914,1050918.5255214784,0,8.537544669829527,rural_saver
CUS03700,Mwanza,37,18.225097220670417,19641.3105269765,10.196601911248138,73341.09224943456,1,5.279043210064426,loan_active
CUS03701,Dodoma,31,32.27190292504685,43670.5028839649,18.17640747240921,991274.0641709922,0,1.468938614396168,urban_digital
CUS03702,Arusha,22,0.0,9893.602654757378,0.0,69990.96308036092,0,95.51883847351401,dormant
CUS03703,Mbeya,32,1.1245083671958878,8008.6778269342385,0.32796761397733426,22053.985893413403,0,78.86107876703696,dormant
CUS03704,Arusha,22,20.02907317433711,61079.90741943088,32.79562552658312,803640.4655740266,0,3.7651041605905284,urban_digital
CUS03705,Dar es Salaam,45,25.513635096068363,48574.25240831133,22.536880806986456,396001.53808105143,0,1.9056202532889222,urban_digital
CUS03706,Tanga,41,6.089080415672084,5477.194275332671,4.770936177694815,1374535.6201086387,0,13.94783449792209,rural_saver
CUS03707,Dar es Salaam,18,0.12770539037341505,7014.003905253118,0.22841171535146593,64300.702889734304,0,58.51686376615511,dormant
CUS03708,Dodoma,31,6.940224361256525,17162.62703771411,4.2249730606031655,1179866.507443541,0,11.125397751423161,rural_saver
CUS03709,Tanga,38,64.0825970530655,146665.2382228544,45.93838084196596,382291.38745121355,0,0.0,high_freq_trader
CUS03710,Morogoro,46,19.552368459245884,35844.26611971749,9.827295880182218,74804.8887264557,1,4.13317921496848,loan_active
CUS03711,Arusha,22,78.0200134625597,138376.6517617372,33.20004497141835,199738.13093461192,0,0.49072193419087096,high_freq_trader
CUS03712,Mbeya,49,12.422525618595387,43744.77526207015,7.1286590060159325,234246.4175810878,1,7.734935701254795,loan_active
CUS03713,Morogoro,28,43.66487645604973,76045.33571876741,41.51533238580671,333485.1030721333,1,0.5005773250973757,high_freq_trader
CUS03714,Mwanza,22,14.575084646346433,29813.808048895982,5.829494853859853,111875.96439669612,1,4.508947074424019,loan_active
CUS03715,Mbeya,35,69.78221462829838,121803.38345367697,35.8992428072037,338983.9652567649,0,1.2055023130861877,high_freq_trader
CUS03716,Mbeya,26,51.85408900934774,106561.41479085147,37.00433687727337,304297.6400637968,1,1.4279946127205763,high_freq_trader
CUS03717,Mbeya,35,60.63089665108486,52889.57543367645,51.85153539112442,306577.41688020446,1,1.3799155653049375,high_freq_trader
CUS03718,Dar es Salaam,26,15.513817559974234,27681.605373412807,14.75188088182022,201579.17831241808,1,6.568340689594641,loan_active
CUS03719,Mwanza,27,5.772898568791658,18999.789448970387,5.003391604945655,666694.6077203205,0,6.111516304693451,rural_saver
CUS03720,Tanga,40,0.57886167881685,3314.1071268990127,0.010941441654950257,96563.64641697487,0,102.32531950711395,dormant
CUS03721,Dodoma,24,7.289528712517944,14225.21182368973,3.299115003290154,1161574.654333466,0,13.146613985754172,rural_saver
CUS03722,Tanga,41,16.95812011068898,27298.494124277786,8.702000577969699,280898.13178662484,1,2.6008381792717468,loan_active
CUS03723,Dar es Salaam,23,5.067774468212637,15341.080607220196,2.630071163036143,735925.7950624279,0,8.684316137277785,rural_saver
CUS03724,Arusha,35,57.34307414375706,57134.630550772345,29.82548270747913,107691.9312149781,1,1.202812001880959,high_freq_trader
CUS03725,Morogoro,43,66.07538560783608,119396.1485320328,43.262555335586455,546049.5039788784,0,1.2994562793209827,high_freq_trader
CUS03726,Mwanza,30,10.339774257371008,35427.40965109547,2.634314777056944,139610.02965498317,1,4.441764861958876,loan_active
CUS03727,Tanga,46,31.071845520063288,34370.02837596144,33.29995143094908,713496.2327689412,0,2.647216115549151,urban_digital
CUS03728,Tanga,35,64.42940990873215,64854.841491402825,57.89829601489653,395921.16232765815,1,1.1045575445613607,high_freq_trader
CUS03729,Mbeya,31,45.675402157455295,91358.1624929938,33.34997790586752,247569.08291962856,0,0.7616836816668963,high_freq_trader
CUS03730,Arusha,42,19.101158278183597,26114.028672032942,7.4063163608802185,49632.841322070075,1,3.3542731504746723,loan_active
CUS03731,Tanga,49,10.969164234886062,41098.12280578124,10.420861168741512,39391.78599348191,1,5.349120735071397,loan_active
CUS03732,Dodoma,31,0.0,16020.821933005624,0.11684452625566316,526.8314621946047,0,77.76847135953052,dormant
CUS03733,Morogoro,35,0.6557996342985243,16478.947154498248,0.36169616979541486,139474.6275412357,0,100.29261157920917,dormant
CUS03734,Mwanza,46,29.749223524516726,41166.783607607504,25.24788977937329,712311.5659053648,0,0.6200286767190235,urban_digital
CUS03735,Dodoma,46,7.914555410056598,36709.910769250506,14.108290659703183,223898.28791076026,1,3.612059630747423,loan_active
CUS03736,Dodoma,42,28.0905835713166,49664.125786801276,19.40254057585658,0.0,0,2.5365771013598013,urban_digital
CUS03737,Tanga,41,73.27379577738351,81736.98352629808,36.568408702472176,0.0,0,0.33003521343879816,high_freq_trader
CUS03738,Dodoma,18,56.15363451537206,76644.13713670227,34.810034292860095,183152.85093011364,0,1.0466732985366574,high_freq_trader
CUS03739,Mbeya,22,7.0654669724386325,12581.035554572843,3.4370542177068124,1305847.860722878,1,11.96758593616676,rural_saver
CUS03740,Arusha,27,28.216660937330264,25905.039088284833,23.71344488818425,677081.7077643553,0,1.182106141583359,urban_digital
CUS03741,Mwanza,41,26.475938697726093,33433.125083878695,13.213908101128458,391457.5476579132,0,1.851899254601602,urban_digital
CUS03742,Morogoro,49,19.210969985784374,30504.48002593759,3.6570427579572,182257.54484258062,1,4.980381816692722,loan_active
CUS03743,Arusha,32,6.901095934006326,15614.496654363944,4.327768380751229,1154911.8457299406,0,6.479122429342372,rural_saver
CUS03744,Dar es Salaam,33,20.932385059431788,44454.97245401317,24.484756230894835,586239.6459695448,0,3.653010418925376,urban_digital
CUS03745,Zanzibar,40,61.116335278976436,124408.6103852397,35.32356521191239,155160.27066955337,0,1.2069528492337405,high_freq_trader
CUS03746,Morogoro,36,32.966664070708546,36209.071805491396,16.957751586643976,483086.5283926086,1,1.078103319530689,urban_digital
CUS03747,Tanga,36,12.164580087869354,17729.106091566777,10.297805336626359,119098.18310589831,1,8.351965442946796,loan_active
CUS03748,Zanzibar,20,7.172169229794061,14913.851049841514,2.804939900455154,753715.9356370349,0,12.991155800470846,rural_saver
CUS03749,Zanzibar,29,20.841544644724742,57721.19693127606,15.343130196910295,757297.5818356726,0,2.146813086734511,urban_digital
CUS03750,Mbeya,48,35.131701670333584,46361.61755950863,16.778955945681275,357735.485674954,1,3.2003341995299794,urban_digital
CUS03751,Tanga,51,5.713733547901957,7868.106388532878,1.8919773749454505,603338.03947678,0,15.54977092651841,rural_saver
CUS03752,Mwanza,25,5.023327664174932,3817.2077605702543,1.66601882484728,1256580.2701711,0,8.577415150870717,rural_saver
CUS03753,Tanga,33,45.55471980120194,141801.58534909342,53.74786594478222,176720.05860380764,1,1.0845091724774434,high_freq_trader
CUS03754,Mwanza,46,7.25628462206672,19273.03448000784,1.659948737002432,1284065.3958300382,0,12.431639440479945,rural_saver
CUS03755,Arusha,23,1.2754105551379045,18691.667216658905,2.336160997620877,922039.2898094337,0,6.787400096600999,rural_saver
CUS03756,Dar es Salaam,23,25.768128946162705,39779.15497282983,18.749186899294536,621254.3633859262,0,2.4629884723845548,urban_digital
CUS03757,Arusha,33,27.288419562040943,42059.45398532499,22.87080512640631,458554.0754514815,0,1.057520296328169,urban_digital
CUS03758,Dar es Salaam,21,13.468157857817172,34665.41817134828,14.741079274940564,44839.99968624582,1,0.21734846957429266,loan_active
CUS03759,Arusha,29,9.925104924828922,65956.208020762,26.79855117666475,733431.4121494369,0,2.4208174027614975,urban_digital
CUS03760,Mbeya,22,19.071604722126324,36890.655306673216,9.853898491128463,153114.2476148709,1,7.93089905512496,loan_active
CUS03761,Arusha,20,6.672381842849653,17445.203287481825,3.7105802906940317,884369.110711999,0,10.388302585742125,rural_saver
CUS03762,Tanga,40,26.49534673142198,36968.1266990557,28.91453106684446,909988.6401703428,0,1.9953795813266746,urban_digital
CUS03763,Dar es Salaam,38,28.577449956199448,40351.49467378143,24.46875261133976,557069.7484124592,1,1.206354637362923,urban_digital
CUS03764,Morogoro,24,31.057800832127718,50261.726631200305,22.510552358169907,873654.7868780836,1,0.9060637287759725,urban_digital
CUS03765,Mwanza,47,48.73788065071105,78320.11039349968,33.71485339233681,395563.3515865915,0,1.0441576652221969,high_freq_trader
CUS03766,Morogoro,29,3.227130999602412,15379.43853805961,6.695906971691561,1193056.7410727167,0,7.639817341578197,rural_saver
CUS03767,Arusha,33,7.190305807748297,21554.384109910392,2.4118647588181346,343270.92581565154,0,11.952508875489377,rural_saver
CUS03768,Dodoma,18,0.41899637742478035,500.0,0.3626193606881148,34083.04214852088,0,76.04949698114578,dormant
CUS03769,Dodoma,37,0.7449825286274087,8755.877986261054,0.39698100173560225,44497.40817369337,0,75.97846743297114,dormant
CUS03770,Morogoro,55,16.37131541944223,39755.86201621052,11.131050903012103,297978.3062319165,1,3.5479700423570297,loan_active
CUS03771,Dodoma,41,14.226987016673533,44316.378584493585,10.542019487050137,131775.05308882537,1,6.972496446524243,loan_active
CUS03772,Morogoro,39,0.0,8693.97267381199,0.0014814976878714248,88134.57803759127,0,110.07180083028241,dormant
CUS03773,Arusha,46,54.461188219746916,98043.95864563619,32.48220370655404,651824.8200663435,0,1.1522631755460058,high_freq_trader
CUS03774,Dodoma,40,54.099310501663645,62301.04771993864,22.293972874612564,312458.51420994516,0,1.2596446405465782,high_freq_trader
CUS03775,Mbeya,47,7.622166800990875,7699.094481582845,5.737799420046629,778025.9239927478,0,14.088907299311433,rural_saver
CUS03776,Morogoro,31,61.54983379593058,94461.8956668453,47.135297856190334,74823.57593825003,1,0.8603716359890405,high_freq_trader
CUS03777,Morogoro,31,26.041906317188506,46045.27903873407,23.715582854465122,813869.7058814871,0,1.9289687245623375,urban_digital
CUS03778,Dar es Salaam,37,59.429302681074226,89253.47392728394,60.15005032708149,81370.9180873213,0,0.4635370326525029,high_freq_trader
CUS03779,Arusha,18,12.13464103253007,43961.17667120943,11.478627457785002,225048.02517375236,1,7.406908705821833,loan_active
CUS03780,Zanzibar,19,32.113700044127576,29519.274331237102,25.247063123173156,585420.7989745205,0,0.7953786663177638,urban_digital
CUS03781,Mwanza,26,69.00640333647115,54202.740283219486,39.85715160394091,570658.6907358242,0,0.1906405710153588,high_freq_trader
CUS03782,Mbeya,18,12.38669346878016,57550.535835209346,9.726693471261814,235973.12689793104,1,5.599414268331643,loan_active
CUS03783,Dodoma,44,24.32144950288179,72802.47866124107,25.288066300246655,810874.791947147,0,1.6747780844205875,urban_digital
CUS03784,Tanga,32,3.8176660830260034,14680.163043335868,2.240467766143965,1147930.3151761713,0,12.73354167493787,rural_saver
CUS03785,Morogoro,62,20.016158609586306,29101.51849808938,12.502880405743873,0.0,1,3.507287621421577,loan_active
CUS03786,Zanzibar,57,18.05493968365244,41113.46886529636,6.704416274269237,62463.16352133201,1,4.471279671521807,loan_active
CUS03787,Dodoma,43,34.11363653165702,46307.13445516382,24.32856401968297,751628.1521511604,1,0.07865008986619504,urban_digital
CUS03788,Morogoro,34,6.144025327710249,8439.418026261668,0.0,1168160.0390518305,0,11.601042734029784,rural_saver
CUS03789,Mbeya,42,0.2038746381086921,7693.959902517288,0.4731219709177622,41728.14439663329,0,68.34352878455985,dormant
CUS03790,Mbeya,60,32.04507939278427,31350.117433463776,23.855455790744653,495247.43803331105,1,3.43396688820295,urban_digital
CUS03791,Dar es Salaam,32,6.4391890594702454,14167.707455763863,3.960635067879048,942788.9549244774,0,6.032130582402035,rural_saver
CUS03792,Tanga,18,23.65362333858586,57355.46460572401,14.371656875917441,631380.6036241923,0,2.432238005225903,urban_digital
CUS03793,Tanga,28,33.65338333747601,14803.353686842845,23.84290257299637,738238.1019060473,0,0.3898432024135712,urban_digital
CUS03794,Mwanza,30,1.0418265138205218,12604.962811836816,0.6842230562553524,126847.44092531771,0,64.826142385389,dormant
CUS03795,Mwanza,40,0.0,7639.988346589597,0.0,34375.14426933873,0,45.63683763947478,dormant
CUS03796,Dar es Salaam,48,0.11073685722782495,859.1678645721522,0.5596975989598079,31887.45434711939,0,66.35795775132678,dormant
CUS03797,Dodoma,26,63.24622800603215,74672.7883878287,24.687715585189004,676595.1303445688,1,1.7215510072514055,high_freq_trader
CUS03798,Mbeya,46,4.9981055835014425,17003.32699578753,2.212292734605075,603180.2353468807,0,9.779438558903161,rural_saver
CUS03799,Dodoma,49,24.556610086068915,21247.74534716162,18.325937508067334,496701.3139302372,1,2.171737618604769,urban_digital
CUS03800,Tanga,21,26.577802708756643,39412.16312866812,30.225233202413317,795740.0766805306,0,2.292029580981146,urban_digital
CUS03801,Zanzibar,55,41.18341681540973,38497.33915935116,25.47496356813012,296930.5102048707,0,0.794142241977057,urban_digital
CUS03802,Tanga,46,9.594820120772447,17828.195279049723,4.229763090814627,843775.4639485445,0,11.636940497892134,rural_saver
CUS03803,Tanga,18,22.490211245570507,63336.988812920725,21.88670619445555,450824.2060573227,0,2.4265524967597343,urban_digital
CUS03804,Mwanza,50,25.11334127846148,18935.400309390203,20.621464565622283,473471.3454791429,0,1.2122042437692628,urban_digital
CUS03805,Mbeya,18,40.38515277573667,33949.14686177634,29.09628368795845,677561.4585553176,0,1.2088297431684123,urban_digital
CUS03806,Zanzibar,22,0.6617831422945167,3692.836008702384,0.34017808112819103,127128.55765155697,0,106.86276012494977,dormant
CUS03807,Mwanza,49,1.1464907695556552,3980.794143540461,0.5973368301117261,132075.96513774584,0,88.50836455602656,dormant
CUS03808,Tanga,43,20.34014995078534,29429.016727559232,11.160762239498846,73485.14795771214,1,7.579856281524535,loan_active
CUS03809,Morogoro,23,73.58061620229056,77708.94058978725,34.2320354347293,274546.058446286,0,1.0781987972643294,high_freq_trader
CUS03810,Zanzibar,29,0.07772201466694406,10187.611590633429,0.4852674508609204,41194.57017027904,0,42.07152463767084,dormant
CUS03811,Tanga,30,40.37389011247575,43411.23753850527,24.678886936977367,513649.7138690943,1,5.476567355053106,urban_digital
CUS03812,Dodoma,31,1.1381642589968457,8362.534870362197,0.6521379934358071,0.0,0,113.897761457099,dormant
CUS03813,Tanga,27,33.419859392167375,46726.92123315719,18.26061845277042,115344.0448744467,0,1.7771503755227092,urban_digital
CUS03814,Morogoro,48,4.929566693335124,22322.34769379456,3.019777106702336,1093309.6825027799,0,4.980762731427666,rural_saver
CUS03815,Arusha,31,4.641362571113879,14811.214667601187,4.19401757397232,1033537.432693509,0,8.704518819061361,rural_saver
CUS03816,Mwanza,24,5.649369790471076,10288.92648397111,0.5556766586933022,940128.9311318093,0,10.009809831073591,rural_saver
CUS03817,Arusha,41,29.514414651461998,47038.31025501889,26.374459193767894,664735.1996518566,0,3.3187813251601583,urban_digital
CUS03818,Zanzibar,60,0.7403048709698592,1029.9544004416812,0.6160490629684492,41064.34713732009,0,76.58422121028184,dormant
CUS03819,Morogoro,18,30.30941145965449,127202.81126321931,43.40128453262666,14205.931240481616,1,1.256882743265545,high_freq_trader
CUS03820,Zanzibar,40,54.93052026702202,103362.86893004192,53.70590278277574,238612.77781511805,1,0.9155485428722291,high_freq_trader
CUS03821,Arusha,27,0.0,9370.784578669896,0.43456994256053416,40258.510597916385,0,58.45434479597981,dormant
CUS03822,Dodoma,30,5.34929240601948,16773.602080180375,5.57671985646113,255650.5553738986,0,11.95178592156138,rural_saver
CUS03823,Dodoma,25,36.518862341263,61132.831149500926,22.16893699864332,583384.4022469743,1,3.2826279947493293,urban_digital
CUS03824,Arusha,26,47.44561080805711,96854.0466939049,31.011365492049734,8250.37599259516,1,1.2085818085621245,high_freq_trader
CUS03825,Arusha,25,5.751467110763647,15777.72527133869,2.702801256529618,681850.8417985947,0,5.21027355826652,rural_saver
CUS03826,Dar es Salaam,34,26.784472721543207,48869.533944915594,16.423767110669218,573836.6291054323,0,1.3157992025300564,urban_digital
CUS03827,Mwanza,33,9.338140154340557,14639.01238794026,5.936025645544656,1138432.4125328083,0,4.7373893818190105,rural_saver
CUS03828,Morogoro,31,12.336146585189654,29285.81053513231,10.623283961255689,34034.32503405117,1,3.2523119717507036,loan_active
CUS03829,Zanzibar,21,0.11591934092924294,5190.28492534716,0.3406390242684499,36629.453829903556,0,75.09612573763879,dormant
CUS03830,Mbeya,33,4.34315542787051,25204.142234546547,2.605190498020278,268071.4773209479,0,7.168123978710595,rural_saver
CUS03831,Zanzibar,19,0.7749381200481802,7601.508770956272,0.23203432098949717,84437.61283599434,0,30.63715656298165,dormant
CUS03832,Dodoma,30,4.34981015418081,6535.780457959332,3.0412263448202728,726576.0503270391,0,9.646912001846356,rural_saver
CUS03833,Dar es Salaam,25,3.8960082931606066,19453.96947337888,6.42015394603467,536350.1998009027,0,7.31606967414662,rural_saver
CUS03834,Morogoro,55,30.836762030202458,51744.52968041323,23.643679374108473,530743.0513363584,0,1.376700727142973,urban_digital
CUS03835,Dar es Salaam,38,3.3258334660789504,12706.75236463057,6.050270523651067,1058400.0124575044,0,4.708462750914629,rural_saver
CUS03836,Mwanza,43,0.35739665450556124,17089.66787867352,0.5428133418255063,49330.44164989869,0,80.71796993173257,dormant
CUS03837,Mwanza,46,22.86219655463588,61382.608078007775,17.376363547747648,641008.765108189,0,2.0428274591439406,urban_digital
CUS03838,Mbeya,43,39.45185494909033,85763.04219022553,28.481944043516293,258092.62696484738,0,1.080892859295427,high_freq_trader
CUS03839,Dodoma,34,35.37134866603597,45127.77730134,28.4682749271148,876491.7286926649,0,3.434985565629998,urban_digital
CUS03840,Zanzibar,38,0.010811661059059507,9193.849551429488,0.278371460165901,7789.645823811756,0,52.9790100338473,dormant
CUS03841,Dar es Salaam,39,1.240897123575722,6333.7074329798115,0.05951129687742693,0.0,0,94.3595382267537,dormant
CUS03842,Morogoro,30,0.2962273891326433,4829.36176193573,0.6380608782103833,44681.56607970552,0,71.66939569048876,dormant
CUS03843,Mbeya,47,0.7750614172252817,2334.2390815222625,0.32422117490070235,78667.55176521518,0,73.30482554870693,dormant
CUS03844,Mbeya,28,21.702995728135008,44035.82345197276,7.850976923289768,147164.9313617905,1,5.691540371150644,loan_active
CUS03845,Dar es Salaam,30,4.873373301668555,27717.80300523425,3.457818561639474,1220602.6826385371,0,16.807100149798174,rural_saver
CUS03846,Zanzibar,42,60.63572288642906,44181.93070868506,48.93280783770528,499982.9741902153,0,1.5874021110395096,high_freq_trader
CUS03847,Mbeya,34,56.544362700668565,123406.34690953698,41.99353174198765,439720.23576141975,0,0.8544842413306212,high_freq_trader
CUS03848,Zanzibar,44,21.33290949288621,41399.70810979539,33.63536478477426,751156.4959783603,1,3.6314426369190653,urban_digital
CUS03849,Dar es Salaam,36,30.94317289137654,50037.101168978385,14.011430787599501,821391.8761656464,0,3.015988220685033,urban_digital
CUS03850,Dar es Salaam,42,7.670928553381713,15792.004373783719,6.08750386001783,904844.4158087656,0,11.619040388691829,rural_saver
CUS03851,Mwanza,37,20.098882942853763,38232.24272862896,26.99002005821539,851949.1887201499,1,4.23987761633004,urban_digital
CUS03852,Dodoma,40,6.841134805153125,8729.632529699298,6.230953163605898,766264.747674683,1,8.73122832314662,rural_saver
CUS03853,Zanzibar,18,4.221829527251824,12348.105142264847,6.819133149964262,829085.6954363559,0,13.220596142662028,rural_saver
CUS03854,Arusha,43,1.1321954740415525,4590.594049833086,0.19182355500666204,96179.57935845721,0,103.93849392503064,dormant
CUS03855,Dodoma,36,33.86777033666003,62161.295333477654,31.787093035638854,621540.446324026,0,1.7448472855963626,urban_digital
CUS03856,Mwanza,45,59.36319154103105,64694.451861373964,43.494353392408996,64831.84908555652,1,1.0747500862500468,high_freq_trader
CUS03857,Dar es Salaam,19,7.437212119558286,26113.391697444535,2.9645764323581045,983799.9493353763,0,10.672745458763295,rural_saver
CUS03858,Tanga,22,45.79828908833433,90161.66174936619,27.392848655102398,249869.1967439003,0,0.8510112801706904,high_freq_trader
CUS03859,Mbeya,30,33.21879490335949,38144.54771089433,21.766236356395368,693109.1311977388,0,1.107532232018918,urban_digital
CUS03860,Mwanza,46,2.4467326564532477,16905.922599001646,0.0,1166405.8749010353,0,16.405739176648197,rural_saver
CUS03861,Tanga,18,24.235569799768907,71071.46862474506,18.03033370077776,219459.2734315904,1,2.6015581832740384,urban_digital
CUS03862,Dodoma,36,0.0,10205.140124403464,0.039010548440798154,28215.5331229348,0,114.32844867640128,dormant
CUS03863,Morogoro,45,5.699013024481224,19512.275893316495,2.876786756717098,230842.44978694106,0,9.705606650498472,rural_saver
CUS03864,Dar es Salaam,34,15.079999772933418,43099.607684546514,13.639334338694653,260883.25341663067,1,5.372529101510736,loan_active
CUS03865,Zanzibar,18,5.483194252701596,7139.850194311165,6.343968179721703,784871.9286530886,1,7.833528222936019,rural_saver
CUS03866,Dar es Salaam,51,0.45722839697886286,10065.70000783372,0.08841374599164267,81128.03320210647,0,67.63177284735583,dormant
CUS03867,Arusha,57,29.190776051574492,55359.398547652294,28.434298270051528,410778.03816968214,1,3.0342860752568597,urban_digital
CUS03868,Zanzibar,38,0.5316432493398141,5491.240490193239,0.804700844443192,31201.19388110286,0,81.57941048829774,dormant
CUS03869,Dar es Salaam,25,4.109095772108339,13126.69511001039,2.7454055260763957,1098671.457686257,0,13.520803004608595,rural_saver
CUS03870,Arusha,57,5.583098026905202,18125.15773942671,5.717400300634442,466264.75332739425,1,6.746999231982359,rural_saver
CUS03871,Mwanza,28,12.328491126294965,37128.622169282564,25.31885372799591,599231.1494027373,0,2.079064418784026,urban_digital
CUS03872,Mwanza,22,21.878012516742572,30737.589922790256,20.28625099921248,486980.4027887491,1,1.8432730757742624,urban_digital
CUS03873,Tanga,48,23.78422977442222,38231.60623370137,20.25937149214605,734622.5567547719,0,0.8239373698213972,urban_digital
CUS03874,Tanga,35,18.46618369064435,36798.68624117009,16.106656976500688,136378.54181213214,1,5.803794148062544,loan_active
CUS03875,Morogoro,30,6.917997295597901,15232.109054304126,4.932235070238653,699053.9701721466,1,7.302564534269367,rural_saver
CUS03876,Dar es Salaam,35,34.07970732260546,39453.542229313956,27.262304352762182,653089.2525930434,0,3.3091825362210296,urban_digital
CUS03877,Mwanza,18,14.594307053260914,35937.265606540815,3.8818494240491335,84003.1055748011,1,5.9250310073774335,loan_active
CUS03878,Dar es Salaam,18,23.51425272632419,40289.46830257395,38.518273207302165,734747.449846329,0,1.1948527790632575,urban_digital
CUS03879,Zanzibar,24,5.338770628137696,17526.82963960532,1.1648442441454372,1017941.0819646126,0,7.589987064056656,rural_saver
CUS03880,Arusha,37,51.417098542822764,81326.27618273786,37.46580784664218,376441.3125392699,1,1.8010630722314884,high_freq_trader
CUS03881,Dodoma,30,13.276829474773848,29667.187013521958,11.267034455524996,189337.1859335242,1,4.59799126521681,loan_active
CUS03882,Arusha,28,64.2329196132016,91726.03740748511,35.423020155772726,316955.92839415907,0,0.6241706703637102,high_freq_trader
CUS03883,Mwanza,48,4.5340027545666155,20228.570108011663,3.2155894580776025,1453008.499602476,0,6.717186440636825,rural_saver
CUS03884,Morogoro,32,11.416902500149689,54733.475092539884,10.904772278053567,193405.3922642935,1,5.061905613562486,loan_active
CUS03885,Arusha,29,22.44514984185061,49076.10100464881,29.12399682926285,361871.53187538445,1,2.6011371911866727,urban_digital
CUS03886,Mbeya,39,12.726111819406572,53641.6243764814,13.754898806734605,241204.0948737238,1,4.497876559252032,loan_active
CUS03887,Zanzibar,54,57.90419704560708,92731.42779427434,48.88040939857326,539938.7314973124,0,0.34347187279092106,high_freq_trader
CUS03888,Mwanza,19,23.280789614565112,39003.874815487296,17.17052384989939,176209.22601257055,1,3.181882204579469,loan_active
CUS03889,Zanzibar,26,28.0273409496736,39405.05218386793,21.105721901057777,578618.674917852,0,1.4529917233923846,urban_digital
CUS03890,Dar es Salaam,41,25.113936049583902,56051.105753377655,23.649910559329427,655981.5448698632,0,4.843273245447891,urban_digital
CUS03891,Mwanza,37,0.0,9474.062178263122,0.3185985875583887,76767.4476033551,0,67.16306277993951,dormant
CUS03892,Tanga,25,7.210464652863106,24492.71287411668,7.127543585223349,1279821.706993824,1,8.274693866413738,rural_saver
CUS03893,Tanga,18,5.587562263216715,23891.844150516656,5.075963449015321,968103.9214455481,0,9.624688518386423,rural_saver
CUS03894,Dodoma,34,8.678064257015803,41172.38349663786,6.317819398033045,141393.14075045518,1,2.5451137560922157,loan_active
CUS03895,Morogoro,35,0.9619303182909813,12497.30947857473,0.07960882985337106,59201.097157672746,0,46.49142575655112,dormant
CUS03896,Morogoro,18,7.906635841475847,14664.763034508895,6.631374481927643,1151075.7907582533,0,9.001180877404106,rural_saver
CUS03897,Arusha,23,3.4096853803883826,19974.673278049668,7.027381612502461,575689.0034875947,0,3.7021063313151563,rural_saver
CUS03898,Arusha,34,29.558976015244244,38775.635576514855,14.419032373110008,943772.9534812619,0,0.895594451876826,urban_digital
CUS03899,Arusha,45,30.530953491952182,40921.742408328515,25.571292425466275,788727.1946853558,0,1.3067459463483915,urban_digital
CUS03900,Mbeya,47,24.69168923040673,44019.93006150502,21.64803750309158,518394.99496501056,1,0.7413119636496748,urban_digital
CUS03901,Zanzibar,33,57.88211223882995,113736.57324900359,36.07133779829464,217482.62499507598,1,1.2136873241121933,high_freq_trader
CUS03902,Tanga,30,68.11905732474192,57825.57822379032,37.56822352392014,444722.67391432414,0,1.418012844703026,high_freq_trader
CUS03903,Tanga,24,2.589603833464686,13706.068042200333,5.271991461920964,1139831.0217497433,0,6.127936919631708,rural_saver
CUS03904,Dodoma,28,4.9126625356567875,5514.302390581013,2.945708385583612,914363.0161768864,0,8.678917621159572,rural_saver
CUS03905,Dodoma,40,0.22243766545239868,10821.92065941604,0.29972131940715063,145005.22030029714,0,68.35326294506338,dormant
CUS03906,Tanga,28,56.279594590786374,81641.62325313136,52.49897254294384,449632.2562672483,1,0.4887370057795798,high_freq_trader
CUS03907,Mbeya,45,7.458364422688711,36158.04984312311,2.487499448827977,160140.22091072012,1,6.459953326704938,loan_active
CUS03908,Tanga,53,5.711371861088958,22554.07876331879,4.663252092887435,1153747.5884980306,0,16.08653918734513,rural_saver
CUS03909,Mwanza,41,76.29783944743238,96440.95021262296,43.24549544881034,273009.56056062324,1,1.2975990940277458,high_freq_trader
CUS03910,Tanga,30,2.7626548866606138,14586.104507202146,5.736028722817221,1339721.1283102355,0,3.930933078521197,rural_saver
CUS03911,Tanga,32,8.797623868700326,11964.618432392163,6.117199837452915,713060.220718296,0,6.2398860593880086,rural_saver
CUS03912,Dodoma,29,9.341942393372506,49430.99524281456,7.2205906923114345,26228.282685808896,1,1.7473660576670444,loan_active
CUS03913,Morogoro,18,7.297447414330514,13824.417868437304,6.331932421937134,784375.14355622,0,6.189771964214365,rural_saver
CUS03914,Zanzibar,18,4.353323213495717,9356.286178638189,1.5187378233384297,1024095.6536029651,0,10.56710170377772,rural_saver
CUS03915,Dodoma,20,7.13986093485752,8973.975817254557,2.8463599830852315,332362.32334872056,0,3.2437481308577993,rural_saver
CUS03916,Mwanza,23,3.744837594672354,14356.199983850678,3.681461527218636,1143569.4154440267,0,13.863081605212068,rural_saver
CUS03917,Tanga,39,4.665611056604613,22552.916925195314,6.454861370836707,1147223.586364497,0,11.860502041525375,rural_saver
CUS03918,Arusha,56,0.5248574337004985,14795.396932475423,0.16060246508087453,57209.00076081811,0,40.83459145282721,dormant
CUS03919,Mwanza,31,7.233560528236182,13936.507447541724,4.156649174304067,492563.3609928354,0,4.167452884375716,rural_saver
CUS03920,Mbeya,36,32.08192312620306,50439.61239705487,31.945597101052066,658946.6771916582,1,3.9506670181733474,urban_digital
CUS03921,Dar es Salaam,66,15.509141066258945,37408.98716157572,10.192235227785817,155254.105581647,1,2.356725637287911,loan_active
CUS03922,Mwanza,40,7.302872612736763,15259.403646475159,7.683733819600936,578422.6191332435,0,7.779336269217952,rural_saver
CUS03923,Morogoro,50,3.3175911228808275,20683.357099053566,16.345756826985223,129826.77543752392,1,9.003160358805482,loan_active
CUS03924,Arusha,49,26.678351247280712,41297.82800089581,32.24208208025591,1020603.9868482351,0,3.538164957824213,urban_digital
CUS03925,Dar es Salaam,35,0.5505729638062838,5310.328273716139,0.0,10872.008319405228,0,113.21777761102885,dormant
CUS03926,Mbeya,27,3.7104487800117782,20012.137130284977,3.0422555964031286,704707.3482904206,1,4.677188515652968,rural_saver
CUS03927,Mwanza,31,50.99394846006695,53403.62938035162,40.47666826206426,168914.85040207513,0,0.9764965486632292,high_freq_trader
CUS03928,Mwanza,45,22.788733055877636,62168.47154212907,27.67840201853958,463731.4892334839,0,0.1120108145731804,urban_digital
CUS03929,Mwanza,30,20.23285148100705,33797.11751594063,13.224048104197303,232175.52505846662,1,4.860409221453692,loan_active
CUS03930,Zanzibar,18,4.047432641257012,17130.744412647568,5.118427667426306,778039.5770523258,0,9.130820004587562,rural_saver
CUS03931,Mbeya,45,0.0,3657.018875486149,0.25544042560061636,59458.31603496715,0,53.62248511399076,dormant
CUS03932,Mbeya,24,8.925298904338801,17068.988098486407,6.245580210571385,625448.3837243407,0,12.058495910390956,rural_saver
CUS03933,Dar es Salaam,47,36.55028558005468,48585.48282683732,27.510874863433727,465149.7073082425,0,1.8440709845584886,urban_digital
CUS03934,Mbeya,18,4.834344385740479,15843.23928047245,5.115672060436774,1498622.134070164,0,10.810250577326823,rural_saver
CUS03935,Arusha,53,14.953960937069883,33049.9520947452,28.835899457030564,943281.381544021,0,0.7832754957191299,urban_digital
CUS03936,Morogoro,48,4.869146562304669,13141.046280021521,6.918267985432243,1288410.2309490715,0,3.154115514521191,rural_saver
CUS03937,Zanzibar,34,0.6589450947295243,4889.061106129819,0.19663233275129985,83329.56296296412,0,105.552204275793,dormant
CUS03938,Mbeya,54,4.626163987393225,13622.534726765305,6.686131144636617,1297060.0117208194,0,7.882041797873104,rural_saver
CUS03939,Mbeya,39,19.278958089112923,42210.81983395237,29.779795023096042,614734.4630814214,0,2.185188109345299,urban_digital
CUS03940,Arusha,45,21.238975906040576,46089.54122631608,25.836667581809746,501830.9482226387,0,1.4621124100756273,urban_digital
CUS03941,Tanga,26,22.098159309804096,47268.51959443375,22.129005162436567,458763.12918770366,0,1.8692165213741712,urban_digital
CUS03942,Tanga,37,23.409287803051562,49068.776745029965,28.13293930270787,854150.9659685673,0,1.772268971293497,urban_digital
CUS03943,Zanzibar,39,0.11397165932806325,13849.647919744326,0.3066665270516273,66042.2002664765,0,83.48909128844333,dormant
CUS03944,Dodoma,29,21.97541940665161,44923.194209137524,35.4037214521357,917433.7435907314,0,1.6331355489849058,urban_digital
CUS03945,Dodoma,38,14.607904462137896,31826.835397738563,9.009270317156597,199794.50798862497,1,2.9992885512188234,loan_active
CUS03946,Mbeya,27,27.33844681319755,34412.357825916435,32.37052386603834,749561.9770618342,0,2.517251084560205,urban_digital
CUS03947,Mwanza,46,35.9654187652461,49218.17850321515,25.35598658164614,797393.6161454275,0,1.7339484474240725,urban_digital
CUS03948,Mwanza,18,6.555222143307743,28325.253291332934,9.612196148374615,193818.32058111712,1,4.350001505426385,loan_active
CUS03949,Dar es Salaam,36,27.59144370460721,39266.69342411135,19.450114000339273,384545.74242331774,0,3.3022612745694504,urban_digital
CUS03950,Mwanza,42,8.631205169564657,13130.04164153528,4.886884611775349,1305611.7744516102,0,10.103889216763939,rural_saver
CUS03951,Dodoma,32,19.511360505624303,38512.801294073615,9.082232113541787,30022.11488063085,1,4.903140415597834,loan_active
CUS03952,Zanzibar,27,16.179980469430447,36167.9223315885,16.289632602713205,94287.20890558066,1,1.8494738951874874,loan_active
CUS03953,Zanzibar,18,72.9840860590039,57568.93549443768,30.689582437139784,362085.93171422,0,0.22538063032760702,high_freq_trader
CUS03954,Zanzibar,18,23.280780402992892,52888.34559364416,24.7161335645411,450005.22647751315,1,2.1243053237322216,urban_digital
CUS03955,Arusha,36,0.1147407317151562,15827.7102413879,0.1991120623332569,21296.191539395735,0,67.35497260604814,dormant
CUS03956,Mwanza,33,19.416719460017053,41210.850400888194,7.2936159671219425,251726.1466986877,1,6.629376721500222,loan_active
CUS03957,Mbeya,28,18.00334541581095,45747.034916472025,3.9253286596009858,155635.99291455204,1,4.937750723029511,loan_active
CUS03958,Mwanza,45,24.545192883504665,57652.51691892235,26.67339056782719,1021326.9167000693,0,2.137134474221502,urban_digital
CUS03959,Mwanza,18,8.716825488564565,15468.058009384647,1.8104491371249058,686736.5229800096,0,14.491047255553841,rural_saver
CUS03960,Dar es Salaam,51,3.659994376820908,18785.76744340401,1.4127456271383618,562493.1472090463,0,9.114712743158686,rural_saver
CUS03961,Tanga,33,21.622140068238885,29832.18554550068,32.146062580936025,646664.4611296607,0,1.688915924682442,urban_digital
CUS03962,Morogoro,22,0.14811713332551024,9272.480137259181,0.5494118794418787,55879.45731280685,0,96.21813518712746,dormant
CUS03963,Morogoro,18,27.131535938185046,39619.26410081163,27.767170612801575,692317.4930693123,0,3.013588765543239,urban_digital
CUS03964,Dar es Salaam,36,4.793739552120499,12408.564981843969,4.5034687772422,1065843.0596534591,0,4.740160540413606,rural_saver
CUS03965,Mbeya,22,19.18771774022958,41455.17734312978,25.870122746041673,930641.7646835013,0,2.790120439288332,urban_digital
CUS03966,Mbeya,36,3.45878302107434,8942.04375732724,5.210027878503239,938967.9366336243,0,11.831327939845727,rural_saver
CUS03967,Dodoma,26,26.178842892640695,32669.43526727712,32.4565355810046,880086.3233223446,0,1.4606851135891106,urban_digital
CUS03968,Tanga,36,5.171110075564569,20370.534720097494,3.99961585726427,737042.4904055671,0,7.054204266949984,rural_saver
CUS03969,Arusha,18,24.903560727244415,44835.59885191234,10.575701790952506,421584.32095231116,0,0.4836093602400149,urban_digital
CUS03970,Tanga,49,15.193846883033588,42015.819154576515,6.433135698501523,129029.86739829119,1,4.521954646302348,loan_active
CUS03971,Arusha,36,26.90225529875068,42933.12485426333,25.864917019815007,288001.0031997598,0,3.050610770954795,urban_digital
CUS03972,Mwanza,47,6.924416895657287,13369.602512744503,5.726588097623159,653118.0878622063,0,10.109053944086734,rural_saver
CUS03973,Dar es Salaam,72,41.12922902333035,43681.95543327658,26.351788169135755,439514.51229210885,0,1.4825153436818705,urban_digital
CUS03974,Zanzibar,19,17.9755612022159,70769.34200505506,28.95611094024729,375551.6334646804,0,1.0715895900575578,urban_digital
CUS03975,Mbeya,42,27.1212885688668,44367.63264292697,28.150153453048652,1087662.7404378678,0,0.0,urban_digital
CUS03976,Mwanza,52,24.698135684004697,66821.44084267589,23.827076958482067,448181.84486543306,0,2.622886719664287,urban_digital
CUS03977,Dodoma,31,26.736463006469183,61975.441922348065,17.09932896959516,252276.06563252822,1,1.535574404476875,urban_digital
CUS03978,Zanzibar,33,3.9756120613960073,9572.493087793235,5.271334211753786,894345.8115582323,0,13.162175517926956,rural_saver
CUS03979,Dodoma,59,1.001599959003976,3992.78043595209,0.47316266993030154,54852.50633608246,0,59.16877816709801,dormant
CUS03980,Mwanza,25,29.396649950539537,37910.1572723709,24.098120246715286,426061.1227342925,0,1.5505803944372754,urban_digital
CUS03981,Zanzibar,38,8.502226603638006,11171.117140746159,2.1355419173102392,544283.9281763702,1,14.109806738152665,rural_saver
CUS03982,Tanga,39,0.8451637722721614,12073.620324513178,0.2000100719698365,94167.19285626209,0,62.46219643480184,dormant
CUS03983,Morogoro,38,28.867287267690983,46715.51706642845,29.07660670842923,621242.1929004507,0,3.3596025785247132,urban_digital
CUS03984,Arusha,27,6.988518068518704,7911.428248598047,11.4383029613414,422747.3095409663,1,7.721730868790935,rural_saver
CUS03985,Tanga,42,30.65127662729499,38246.81050186388,18.799514696150837,714071.0705971213,0,2.207589902792436,urban_digital
CUS03986,Morogoro,18,39.44052938654855,29853.900461159144,23.23592401736606,577706.1204858022,0,4.568801322915899,urban_digital
CUS03987,Dodoma,38,5.603138276152457,14408.113935984213,3.517916740813,684406.74064512,0,18.637964158682045,rural_saver
CUS03988,Zanzibar,21,14.038798621170805,56276.25966600811,6.525369260666421,198192.67281533423,1,2.5018772298232435,loan_active
CUS03989,Mwanza,40,17.352315280467444,54532.35778901648,10.373798377546438,0.0,1,5.071542961309313,loan_active
CUS03990,Arusha,28,19.50491990396286,49735.91493483055,16.09828257163426,139524.81295786105,1,3.6811229044621703,loan_active
CUS03991,Mbeya,25,6.953061031209517,8256.760928854157,2.146279469143031,1068689.7264283695,0,11.479944934428763,rural_saver
CUS03992,Dar es Salaam,41,29.726789818615064,35737.47609372286,14.490118039406553,791191.3743248214,0,1.7513697929013399,urban_digital
CUS03993,Mbeya,38,6.666337822917248,17710.467415013445,2.900913928863094,885081.4952181131,0,16.180815890129466,rural_saver
CUS03994,Mwanza,31,21.979902068840012,48214.72680695431,23.17501116987538,200253.20775729988,0,1.9335103824770246,urban_digital
CUS03995,Zanzibar,25,33.305090717461404,33778.25076994749,17.069024386340537,434861.5408555954,0,1.941846755147267,urban_digital
CUS03996,Mwanza,33,15.149642069378128,14168.335436794412,24.615795793745196,374195.6926557908,0,2.624941300679053,urban_digital
CUS03997,Arusha,29,6.536880262836728,16384.57948541754,0.0,1166595.7821584763,0,17.347196718373432,rural_saver
CUS03998,Dodoma,34,3.7297589718353463,21792.78760030854,4.997820785054505,1162399.112237882,0,11.086249666903235,rural_saver
CUS03999,Mwanza,29,25.912673937257445,73122.64732155229,26.743148551114217,169598.7364284575,0,2.368170987559837,urban_digital
CUS04000,Tanga,40,46.766889798789194,106512.90190897672,32.30890071795091,386316.5578165617,1,0.7330493448738412,high_freq_trader
CUS04001,Dar es Salaam,53,6.062842320592724,14850.480749195154,4.181106346159495,662537.4885416408,0,12.276691972931308,rural_saver
CUS04002,Morogoro,47,18.021164644301624,37541.72415595777,5.165903691680401,220173.94167145554,1,5.962788774906775,loan_active
CUS04003,Zanzibar,49,37.51604180226193,31623.33779224865,17.555115330555502,629630.8101143824,1,0.9042958195526207,urban_digital
CUS04004,Dodoma,34,3.98187480978184,14944.6643339901,0.737148541004077,918911.7187524379,0,14.852373062582561,rural_saver
CUS04005,Morogoro,22,34.6690271134464,50160.97496681571,21.805268499923532,676340.3039055753,0,0.6722821088246018,urban_digital
CUS04006,Dodoma,37,5.71277483640442,8891.209375828614,1.5279411608769387,773823.8784816377,0,13.892603924562675,rural_saver
CUS04007,Tanga,31,40.524870570494684,38527.788330423675,25.20537067491549,482202.40882524976,0,3.184881064793476,urban_digital
CUS04008,Mwanza,28,32.16893181831961,42046.45212213368,30.23318582265847,400552.6663957051,1,2.894205369657445,urban_digital
CUS04009,Zanzibar,41,1.0104143212052876,14549.310498082501,0.5146488955919992,38103.25735824701,0,55.633211067976575,dormant
CUS04010,Dodoma,24,25.44387375135085,40397.26612094304,22.87921523757693,776351.4240726768,1,3.0268793331768156,urban_digital
CUS04011,Mwanza,48,32.005663681794914,64985.31418255236,29.017691598947433,641546.2105100272,0,2.3451722938679507,urban_digital
CUS04012,Mwanza,36,16.16154452860374,33965.672240518026,7.251021439858526,357154.1285283104,1,3.2181372352515565,loan_active
CUS04013,Arusha,44,26.788434137951054,57279.551525394185,29.28556056105719,357140.74605798826,0,1.124588220651005,urban_digital
CUS04014,Dar es Salaam,36,0.7141698399125209,6514.031217980504,0.3649198297477406,16212.161307649163,0,60.14894439852169,dormant
CUS04015,Mwanza,41,6.2833886851918335,10078.162501330477,4.842418231580149,1217134.5896854196,0,8.694717068010528,rural_saver
CUS04016,Morogoro,32,27.961789099677734,28535.549043083363,21.796056543352336,505204.1198766434,0,1.872165454094303,urban_digital
CUS04017,Arusha,42,2.563835319464915,15455.655883631087,7.495502169170614,849865.2589949012,0,8.779504388474926,rural_saver
CUS04018,Mwanza,35,26.143748313959442,26812.68329768909,20.641115307829057,587061.7850270938,0,1.4173053900793975,urban_digital
CUS04019,Tanga,22,50.67092049240345,87706.33139060168,43.73769426647185,122025.51900983573,0,0.4548464301456584,high_freq_trader
CUS04020,Zanzibar,29,24.023224105125138,61385.02008885203,15.424103531075819,507210.39572389546,0,3.1671773015444824,urban_digital
CUS04021,Tanga,40,31.23615842336315,43865.38763467762,23.49514294547757,654653.9084304916,0,1.9521161853024438,urban_digital
CUS04022,Mbeya,18,4.280468914314758,17287.040618776657,0.5430902297929792,928069.9579794481,0,9.12563961820065,rural_saver
CUS04023,Dar es Salaam,36,16.952621972527083,44280.164099142276,9.775622351837773,112904.73155959806,1,1.1381849583891772,loan_active
CUS04024,Tanga,28,51.728799157290226,74205.82724355586,52.93132749361507,29758.696593079658,1,1.115662864448937,high_freq_trader
CUS04025,Mwanza,37,16.363256244722713,37559.09048851453,6.105450751431068,102664.1317065904,1,5.099115632313111,loan_active
CUS04026,Dodoma,32,0.7416268440723768,5667.34433468681,0.404114760727301,78510.43221282682,0,75.93718541487915,dormant
CUS04027,Dodoma,34,0.19130630188369613,4248.083074332695,0.21055850371807205,63523.96766296195,0,57.216905682781245,dormant
CUS04028,Dodoma,36,5.617126774879802,23889.02905557397,5.445556104923494,1111969.2895016575,1,7.817222665225255,rural_saver
CUS04029,Dar es Salaam,28,14.776673669765216,22852.705673625962,8.393544765724348,8724.888511872414,1,4.503631860520419,loan_active
CUS04030,Dodoma,47,5.203297310747608,8070.22190379532,5.40720698070569,1077759.7898043252,0,16.64587134667675,rural_saver
CUS04031,Dar es Salaam,35,6.522611655283571,12863.234966326989,3.4437600430040045,1091676.1601659404,1,7.502615219279619,rural_saver
CUS04032,Dodoma,33,1.083436917412702,8985.629257966579,0.4451374675168702,64246.053279863,0,73.19421836334828,dormant
CUS04033,Mwanza,34,3.9769766082619014,17408.308779158648,5.230674282752258,856258.4235686073,0,13.843558741225928,rural_saver
CUS04034,Mbeya,30,25.317975655150775,36488.20675724784,22.731072670632887,906978.3808489814,0,2.3594500895546027,urban_digital
CUS04035,Mwanza,32,4.241395629993768,15501.369644535209,2.9658273328612106,1282099.3732619474,0,9.82187716989065,rural_saver
CUS04036,Mbeya,18,6.742128287819045,22454.548819359996,1.9204478660973385,983342.9221396773,0,14.892832973469995,rural_saver
CUS04037,Arusha,26,44.690722328221305,110347.25142731205,26.68294442778236,341743.30107618123,0,0.902620766968553,high_freq_trader
CUS04038,Zanzibar,39,4.0943001057190145,12562.816832804205,5.143940336678302,812224.9052896248,0,9.031040658673767,rural_saver
CUS04039,Zanzibar,29,53.51134980876816,66158.05875706593,47.645221079685605,177991.71910777938,0,1.0155464298275858,high_freq_trader
CUS04040,Zanzibar,29,6.858934320586011,21839.390692893678,5.2510238023351254,938786.9063028536,0,3.302930950104238,rural_saver
CUS04041,Zanzibar,45,77.03188043088595,113570.94362666177,26.26971076227919,234543.73259389278,1,0.9797746595257228,high_freq_trader
CUS04042,Dodoma,54,33.85392278891358,48216.10622748425,21.8748983061812,580920.0659188147,0,4.347303445208726,urban_digital
CUS04043,Dar es Salaam,27,16.220280711503843,43202.53250798061,10.740663821736057,262335.49549133034,1,5.659362868310144,loan_active
CUS04044,Dar es Salaam,29,6.900228231279835,20633.875188628776,4.000428243498016,277775.77481524553,0,10.392201224063705,rural_saver
CUS04045,Dodoma,40,35.938101184545054,16524.386540911517,24.46988653213709,621596.3447594809,0,1.985564521652883,urban_digital
CUS04046,Mwanza,31,28.750075080652582,46133.1386863938,32.814794834108405,377669.2922901444,0,2.754171500638,urban_digital
CUS04047,Morogoro,40,27.576653628332938,55967.09554679926,26.42544845396611,457407.4404133862,0,1.9501974755089833,urban_digital
CUS04048,Arusha,34,5.357844184045171,8958.460405394022,5.344742039341931,1064585.7532525996,0,9.231915575483992,rural_saver
CUS04049,Dodoma,25,57.235197680553114,80094.61266579697,27.671840828778848,140057.30849780428,0,0.7501252801008568,high_freq_trader
CUS04050,Mbeya,18,22.151979287790784,58737.21099100026,9.774279949793213,29825.760229379826,1,5.7928088250339265,loan_active
CUS04051,Tanga,48,0.7068244629094849,2465.063191802312,0.21118984371267369,5491.174510232879,0,76.12519029070918,dormant
CUS04052,Mwanza,31,4.77430262484868,14902.917907837604,2.3683080823742713,676263.2000780596,0,13.143720532390942,rural_saver
CUS04053,Dar es Salaam,24,6.819633752927542,19548.99191531348,4.881214751243014,878209.9625139019,0,13.701265387307764,rural_saver
CUS04054,Zanzibar,38,49.773559116931295,123812.47825560923,42.88209392269947,359340.9693328077,0,0.9525725204744884,high_freq_trader
CUS04055,Arusha,31,59.781188674666616,68523.18536673521,31.28758454912053,293019.42369314487,0,0.9282960016527259,high_freq_trader
CUS04056,Arusha,27,27.28510159557409,49831.87085050964,27.10977272607725,457700.6010791989,0,1.7806292819275897,urban_digital
CUS04057,Morogoro,63,6.943349800068013,43336.420677883325,11.702483655122318,246132.919924393,1,5.619287616381351,loan_active
CUS04058,Mwanza,18,5.622223982991422,20231.50932852809,2.9490852290275678,1047532.9579002009,0,13.330251158299877,rural_saver
CUS04059,Dar es Salaam,28,59.17587293101678,75622.30900306425,36.97691812954817,257488.53378447,0,1.1012896064840203,high_freq_trader
CUS04060,Mbeya,31,7.658676098291722,50330.576602026355,7.410728008856124,139543.48428726214,1,9.277737769411987,loan_active
CUS04061,Dodoma,23,62.78615140590839,49851.337457822265,26.225608795410764,227758.01970925246,0,1.0671131076537268,high_freq_trader
CUS04062,Mwanza,32,30.603882594601966,19119.397007472853,23.648543000059984,672035.2614353636,0,1.8372235102852725,urban_digital
CUS04063,Mbeya,33,1.1169796193353314,5602.1302572023205,0.5934332213036304,84117.33997695235,0,40.28216347483984,dormant
CUS04064,Dar es Salaam,19,22.13354966081795,26977.99374979586,27.960154189972428,694664.5837866778,0,0.9145030782147259,urban_digital
CUS04065,Dar es Salaam,34,60.92714330608202,73461.22902301181,48.40632655065973,245528.25137570134,0,1.116684011977889,high_freq_trader
CUS04066,Arusha,37,28.631992538061944,48645.36288041423,19.51802986158461,680587.8681922725,0,2.3973480434358434,urban_digital
CUS04067,Zanzibar,26,0.31811941384634757,7525.040304915971,0.0,91401.98051596445,0,113.70975075270363,dormant
CUS04068,Morogoro,28,18.93085470315726,49578.68187718011,6.169491723700701,0.0,1,8.033598672080348,loan_active
CUS04069,Arusha,50,28.284036420791907,40571.049905676475,38.79728859046542,493858.4935641357,0,3.292245883154811,urban_digital
CUS04070,Zanzibar,56,8.191975697823992,12871.62120633749,3.6958027151242785,247660.6059300583,0,10.131226843727623,rural_saver
CUS04071,Mbeya,48,0.8556548219998353,12282.580617662365,0.2947601881712162,88528.92690871321,0,75.22264657625232,dormant
CUS04072,Mwanza,40,7.608999219377029,16963.628684981097,0.918541959728588,1228004.1000800524,0,12.810300047505802,rural_saver
CUS04073,Tanga,27,35.80392391566836,39312.91752555554,26.338192831903843,444512.996226036,1,2.2512871307242084,urban_digital
CUS04074,Dar es Salaam,31,28.561983633601788,38175.48818717782,22.1099953507578,670961.3863684332,0,0.07952173140597996,urban_digital
CUS04075,Zanzibar,23,5.171384117888098,9364.225451887934,3.9092173970132187,743094.7182087303,0,3.002275193406306,rural_saver
CUS04076,Tanga,25,0.0,9034.630967226134,0.6519383893434283,65093.65359527539,0,53.10705761353661,dormant
CUS04077,Zanzibar,32,0.7538656619503725,6201.719039143911,0.0,67541.19558182664,0,100.26517067135589,dormant
CUS04078,Mwanza,32,28.72240227003828,26924.385493082336,13.703811747485727,230183.26668577146,0,1.6920580037491795,urban_digital
CUS04079,Morogoro,23,7.975523673479564,19361.332990176183,3.355080150263978,598968.3378128132,0,15.734276212638427,rural_saver
CUS04080,Dar es Salaam,48,3.0071321324450615,15649.287015431302,1.0249173286579554,938655.3871664441,0,13.694715769995572,rural_saver
CUS04081,Dar es Salaam,36,29.237570367049525,34699.9201231977,18.815570810220944,493860.6853564071,1,1.750811935340348,urban_digital
CUS04082,Tanga,29,78.2231488846013,96365.32822204712,34.010789280958925,409523.65122380224,1,1.1445626284706143,high_freq_trader
CUS04083,Morogoro,24,6.372743132219915,23000.231009310774,2.7469305325346385,1295067.774896801,0,17.208275233068743,rural_saver
CUS04084,Arusha,24,5.212288594764842,22541.278874335716,7.104465501732989,1145527.9980305643,0,10.329636951885536,rural_saver
CUS04085,Zanzibar,28,18.484185827261218,27233.069029367543,4.83764245010161,20330.596136981127,1,8.424590569388856,loan_active
CUS04086,Dodoma,42,5.020989556958677,9846.651172687103,6.73584945946887,485924.9294994231,0,8.712687596948241,rural_saver
CUS04087,Morogoro,25,0.16220239819623372,14177.335241561952,0.09936367944201721,19742.571650090933,0,52.92449475409832,dormant
CUS04088,Zanzibar,54,20.988745301848788,54010.85723198872,18.995791320705294,573434.2220285821,0,0.8255389239707605,urban_digital
CUS04089,Mwanza,47,35.61400725161763,27343.96987199595,17.337063614063677,995675.8151838322,1,0.6252047226609516,urban_digital
CUS04090,Dodoma,19,28.404310253133545,51833.96466798871,12.810548312960888,534745.0259592385,0,1.359637901805527,urban_digital
CUS04091,Mwanza,31,58.64903680181111,131123.03707475527,30.79312790148564,340721.57526571536,0,1.0457019228514595,high_freq_trader
CUS04092,Arusha,27,49.484179433428174,94913.65635699939,39.17874539191336,84555.76540237229,1,0.5449746746904887,high_freq_trader
CUS04093,Zanzibar,18,22.643682985651314,41901.10882854198,17.787744328248124,689594.2808540125,0,2.1058649249850614,urban_digital
CUS04094,Dodoma,19,22.520681947415326,47655.36114604577,14.165231615166542,353443.57432956947,0,2.115429259643938,urban_digital
CUS04095,Dodoma,39,7.632659415716582,12180.618160544227,1.3596543272363673,1369238.65048176,0,11.647450089171393,rural_saver
CUS04096,Zanzibar,36,0.5311352975831845,7407.014280544094,0.4020236180886118,70283.55253145043,0,108.26681267299047,dormant
CUS04097,Morogoro,45,0.45577392205131473,12096.248019515477,1.0200242275042855,81756.93350874861,0,90.96487821117779,dormant
CUS04098,Dar es Salaam,41,1.13371134747932,17657.78911631216,0.0,67987.84820129561,0,23.37580710478909,dormant
CUS04099,Dar es Salaam,27,12.26586514572952,8299.693434889192,9.94242091639857,167827.38022109604,1,4.873784314896867,loan_active
CUS04100,Arusha,39,22.61926894035355,44378.575043004355,19.990617170849923,761860.0618398312,0,0.2753340705743046,urban_digital
CUS04101,Morogoro,35,1.3089939372702337,11712.556257966502,0.03039273331507264,92774.79383939161,0,47.27935648429605,dormant
CUS04102,Mbeya,37,0.8770340495942549,13834.781841753302,0.8666703050481324,88241.71394040462,0,72.26770783644912,dormant
CUS04103,Dodoma,30,4.581130232396814,14421.873836817704,7.5956409322811576,1093848.4770817878,0,5.670005690965432,rural_saver
CUS04104,Dodoma,44,17.07629247955676,42423.57859467977,9.532863657110472,214040.06827590475,1,6.585916130162878,loan_active
CUS04105,Zanzibar,46,34.439586268252455,48553.86075971433,14.800193468194433,544632.7418466468,0,1.1342953700662566,urban_digital
CUS04106,Mbeya,35,68.75508282176364,93362.16692208995,40.13952107979878,328932.9561515034,1,0.35725625963267704,high_freq_trader
CUS04107,Morogoro,26,77.02323395343518,107301.09868770398,51.77854376975821,89256.73577902967,0,2.036929061282782,high_freq_trader
CUS04108,Mwanza,18,11.185361475420848,32282.453320819837,18.072446974392044,96278.06518439604,1,6.114968958814744,loan_active
CUS04109,Morogoro,65,5.968645403590071,12235.374034762535,5.3559440265921126,1421721.071608196,0,8.621637253359076,rural_saver
CUS04110,Mbeya,43,4.5769169737123825,8284.991748327877,6.7551438193797715,884809.9382639228,0,18.9260243775648,rural_saver
CUS04111,Dar es Salaam,43,43.16425131399545,85113.43831202442,30.10984925685819,350277.518674642,0,0.41353120604279714,high_freq_trader
CUS04112,Mbeya,43,60.123949396590824,58709.20478735304,30.477096024740703,331171.22975036147,0,1.113742134185972,high_freq_trader
CUS04113,Morogoro,42,4.7533498040548,16371.701357937904,1.496847621619743,940885.156210655,0,5.842594362532195,rural_saver
CUS04114,Zanzibar,35,36.270312828499264,60354.68067193241,31.475350750504933,224278.86652735295,0,1.37712993483633,high_freq_trader
CUS04115,Zanzibar,41,27.929458374445264,61461.89939950143,14.921557527026609,754311.6076575356,1,2.502990318296415,urban_digital
CUS04116,Zanzibar,59,0.8666224709897257,14334.589992437679,0.0,80163.34104826194,0,73.72290259542507,dormant
CUS04117,Tanga,27,18.509556197253566,30827.954387381113,13.829249305785186,146315.321997433,1,4.134230298818046,loan_active
CUS04118,Mwanza,51,6.609126351580578,11930.64007275358,4.310857782766898,1166104.76323621,0,17.90600423661053,rural_saver
CUS04119,Arusha,36,7.9525908349718035,22626.506211065815,7.944208157610207,371598.8994160213,0,9.552525361606879,rural_saver
CUS04120,Mwanza,31,13.01300026913433,29565.43416148167,5.60164879159498,157790.66242055455,1,6.8680308734506,loan_active
CUS04121,Zanzibar,34,51.62312727309478,65141.2351892919,38.11085009724114,351482.4733040071,0,0.4039484202737541,high_freq_trader
CUS04122,Arusha,40,20.890683192381857,23211.620543731122,15.068065797685659,114883.69237532167,1,6.422676911668573,loan_active
CUS04123,Morogoro,32,9.218080251378968,14392.929461014228,5.9930001304581,982391.1422212739,1,9.417651154779845,rural_saver
CUS04124,Tanga,27,7.940954798843036,39590.38266767092,12.631885137670658,214991.26607004655,1,7.859579702364247,loan_active
CUS04125,Zanzibar,41,25.658795602414116,55065.09591664939,25.948539855848846,596434.8229284235,0,1.4692825486428354,urban_digital
CUS04126,Mbeya,18,2.0983053619768475,3300.152730424359,5.386754781691675,739955.8975305461,0,16.306689051519008,rural_saver
CUS04127,Dar es Salaam,47,5.447204700565573,11575.999461281266,3.9492819859372617,1061409.7732991413,0,10.185007363036764,rural_saver
CUS04128,Arusha,30,68.04839533811695,85465.01490468177,45.08198902643832,68157.84957180682,0,1.0110950108983008,high_freq_trader
CUS04129,Arusha,24,20.18770196432972,27323.40709350544,11.64239188538476,220302.1575128662,1,5.0488761023433115,loan_active
CUS04130,Tanga,48,59.23316236736462,54765.1877493299,36.090755447110666,133915.61090286946,1,0.36534364195522984,high_freq_trader
CUS04131,Mbeya,27,1.0978324354478204,3018.228282901573,0.10017079188249539,75582.95807963877,0,89.08087217572368,dormant
CUS04132,Arusha,51,5.027060838664924,15411.323776339457,0.33341489891977893,1057599.170329591,0,8.443553137684065,rural_saver
CUS04133,Tanga,21,6.438858430581872,18544.798103025198,1.3577347760465144,504755.56105380744,0,14.11025963414561,rural_saver
CUS04134,Mbeya,32,5.7963955550953035,7063.885740366822,2.596878354076206,822892.8203954909,0,1.5768973669880957,rural_saver
CUS04135,Mwanza,23,35.7663245026503,53384.368376295155,28.261501605162344,1004059.2558337487,0,2.135443405819405,urban_digital
CUS04136,Zanzibar,28,5.795581451012069,18600.473229000432,6.254672575449577,785322.1122260463,0,10.293224070118217,rural_saver
CUS04137,Arusha,35,18.358663501588353,39856.29652234876,13.336809299320828,123022.5066217663,1,7.017947485035956,loan_active
CUS04138,Arusha,29,56.59013479164011,62529.93529806782,23.280517777158543,65410.84232081566,0,0.5462400442220652,high_freq_trader
CUS04139,Morogoro,32,63.35736043976959,100376.73586371467,39.76903862827051,290870.8168611107,0,1.3169528854194228,high_freq_trader
CUS04140,Dar es Salaam,48,5.847335374609135,20189.22627908115,5.583800191428841,844540.4265965079,0,8.660647620296718,rural_saver
CUS04141,Arusha,27,4.6303854061376075,19273.087946258434,4.083176591493975,1317500.1156819798,0,13.648492467611172,rural_saver
CUS04142,Morogoro,41,20.287544522016724,46770.31206152793,14.414075119004192,506409.4130811157,0,1.1603408090056506,urban_digital
CUS04143,Mbeya,45,5.6760798725883195,16600.042758829335,2.9186215555911934,1627998.3755405042,0,7.638711583960796,rural_saver
CUS04144,Arusha,29,8.48037219538971,11128.905438095982,1.1628795338969078,533863.8345628859,0,9.78292535413388,rural_saver
CUS04145,Mbeya,37,26.752375375897984,48898.31902857769,27.058911377058855,680308.6965986108,0,3.0941233787019775,urban_digital
CUS04146,Zanzibar,47,22.17707416251656,36894.03062086067,16.856672344411265,630668.9610362148,0,2.8929128045448382,urban_digital
CUS04147,Tanga,32,1.0372495142896523,3887.6158837827197,0.14458100189500245,49668.84616158875,0,60.878506394343205,dormant
CUS04148,Morogoro,19,6.602517158469473,14384.618380099946,4.000618630339253,617208.3438237256,0,11.733046768908252,rural_saver
CUS04149,Tanga,32,8.460489464563997,23740.876911740615,4.469419226624058,791494.5183209651,0,11.881400146852531,rural_saver
CUS04150,Mwanza,18,33.80844715069673,35284.40198679942,20.54597475038867,672726.3513525601,0,2.637279022482271,urban_digital
CUS04151,Mwanza,41,6.077903557876785,24505.40205718615,2.806892619424902,685575.6749072366,0,10.406993594464039,rural_saver
CUS04152,Mwanza,25,7.157108446520653,9814.743733091183,3.982572641254898,966463.839418604,0,5.620781999810007,rural_saver
CUS04153,Dodoma,47,2.256185010918061,18406.532306561327,4.280071726147962,1077568.5779933147,0,12.506167926256143,rural_saver
CUS04154,Mwanza,25,1.376994453878616,11255.420719770795,0.41543689419986185,8603.486585687606,0,72.86949541522505,dormant
CUS04155,Dar es Salaam,20,39.73034995200213,32723.597864982752,12.287036977873555,762633.2388852298,0,2.7680074944198942,urban_digital
CUS04156,Dar es Salaam,37,12.870431336287506,46958.814776189814,4.7119190600867435,136458.72145246298,1,5.582608765658959,loan_active
CUS04157,Mwanza,40,28.093886165223903,51414.51365911443,33.210976189792206,1135042.1925981706,0,1.8896058019606112,urban_digital
CUS04158,Morogoro,39,5.5355155102184135,7063.087793884884,3.9068190535834053,1224635.1175654205,0,6.061640466543924,rural_saver
CUS04159,Mbeya,29,42.261995602100754,35288.20607678629,24.45607582094293,601155.733051256,0,1.9522972865829584,urban_digital
CUS04160,Mwanza,31,11.485955106147854,18748.376022118926,3.08771172550287,1255074.578053213,0,10.231789701905212,rural_saver
CUS04161,Dodoma,21,20.680175912455887,24916.056646362238,25.85369902947958,561583.5471810979,1,1.1100977871128732,urban_digital
CUS04162,Mwanza,39,18.880895146809706,32046.615575091702,13.422935221408483,152676.91042728414,1,8.755045783739625,loan_active
CUS04163,Zanzibar,40,7.5998527078814035,13635.510320688556,0.7141712900049373,1008278.4256231795,0,0.8382306430492115,rural_saver
CUS04164,Tanga,48,0.0,7906.781782671456,0.32383782166600145,72405.6111588919,0,79.20325891781403,dormant
CUS04165,Dar es Salaam,31,26.819955315481543,58132.71458076143,22.43609607047136,503028.4864064959,0,3.31196393157214,urban_digital
CUS04166,Zanzibar,54,13.470974612882113,51504.79235552355,21.829915902766185,540277.2173788194,0,1.6634475406504081,urban_digital
CUS04167,Mwanza,36,7.398344171870255,16206.624301811626,6.257522447937292,973098.0006190094,1,12.23288759378095,rural_saver
CUS04168,Dar es Salaam,43,7.880624861980728,12899.127476189382,4.116906608965744,606168.7971171346,0,0.0,rural_saver
CUS04169,Arusha,30,8.170839228719668,9487.867183820443,4.879817845616856,899786.7376974378,0,7.39431832440269,rural_saver
CUS04170,Mbeya,36,7.232500694456565,27830.798549441333,10.012392913092434,163930.06208769156,1,1.6282343311593972,loan_active
CUS04171,Dodoma,22,76.89652093114174,68874.68430610729,43.92051213398165,215765.23479129365,0,0.5612143816560613,high_freq_trader
CUS04172,Mwanza,34,12.626035210361596,45480.11129352796,6.980120459072017,77141.02111067773,1,5.418255554946259,loan_active
CUS04173,Dodoma,49,29.523926033403633,32885.06789335271,19.505488957922296,797250.1158570232,0,2.596441295509859,urban_digital
CUS04174,Morogoro,27,70.14891679732227,55755.30378620063,39.06800958224099,456124.7219768665,0,1.0919706216947473,high_freq_trader
CUS04175,Zanzibar,28,0.534663614523258,2296.403925028687,0.5380907108781461,46471.82844929663,0,35.406971049540054,dormant
CUS04176,Dodoma,31,0.35683702238336684,7480.505183702529,0.7258863506198269,67353.81086040067,0,47.69087444073908,dormant
CUS04177,Morogoro,46,15.631051391122174,44923.844891427834,16.919573257649784,292737.8013975986,1,4.115299930657774,loan_active
CUS04178,Morogoro,26,0.7128143494617947,3636.8538719089547,0.0,54323.24478798866,0,45.096619927797505,dormant
CUS04179,Zanzibar,40,16.09375666209632,47806.212043999556,10.050973833225823,106889.39892779663,1,0.8630661400055173,loan_active
CUS04180,Dar es Salaam,41,60.342738154650284,76257.82715600591,49.328734116317364,121379.40849876747,1,0.877486102583491,high_freq_trader
CUS04181,Morogoro,32,30.78348298294495,57611.640307009715,26.511601851893644,576925.273692997,0,2.4552776557136515,urban_digital
CUS04182,Dar es Salaam,21,0.5236136175084233,10038.733152785446,0.34156675741379144,59257.85502829551,0,59.18156622911239,dormant
CUS04183,Dodoma,32,6.878395463568207,12570.796590161126,6.164692087552077,1165122.2534969593,0,16.218881578466913,rural_saver
CUS04184,Dodoma,45,19.40845944659989,27737.691604423355,11.619895230390235,75403.17405700368,1,5.038942526739226,loan_active
CUS04185,Arusha,28,51.95100071487502,166833.75844194143,28.94330591030276,334942.3752210508,0,1.2690469356336416,high_freq_trader
CUS04186,Zanzibar,18,29.450622923485565,38226.621175978995,33.365701331389396,472978.49249379657,0,1.3366663325632717,urban_digital
CUS04187,Tanga,35,32.03240011710826,36926.18150948586,20.014249286983876,407366.1915303025,1,2.021674509146998,urban_digital
CUS04188,Morogoro,41,23.43183710402393,50222.79337601696,20.68825636026506,614036.2433474809,0,0.31151521986576447,urban_digital
CUS04189,Morogoro,28,6.360412171389888,16690.17946857764,8.10466031221409,1241059.9309931207,1,7.166765937518759,rural_saver
CUS04190,Tanga,44,17.180461734889732,40580.6111576963,27.30919185237634,726725.7796545019,1,1.4846359179915258,urban_digital
CUS04191,Dodoma,18,33.27655513012044,97610.56163128627,56.64840610514899,256280.32099514594,1,0.5936705740128437,high_freq_trader
CUS04192,Dar es Salaam,28,0.18282006593664368,3103.736075392316,0.5792566342262562,73355.44414810254,0,81.8597500195698,dormant
CUS04193,Zanzibar,22,60.88260651894389,144860.29556237563,44.682249887196825,387419.41108755145,0,0.7917128887322293,high_freq_trader
CUS04194,Mwanza,19,38.085475679713134,26301.47222284018,28.570694859644064,716224.2337025915,1,3.1424073125786114,urban_digital
CUS04195,Morogoro,44,6.728964695236421,10887.581847556423,3.5901287345504755,748274.9789674962,0,5.246387478989091,rural_saver
CUS04196,Dar es Salaam,45,29.94925672581926,48127.94471847989,22.17886398778272,610259.3052559558,0,1.2466980533308782,urban_digital
CUS04197,Mbeya,36,12.192738177359992,20038.365863929233,3.1956553308336373,99265.94793993136,1,5.215408705985099,loan_active
CUS04198,Mwanza,38,28.889917425506603,49010.664567181564,18.808191719279634,901550.3015891341,0,2.2948427305310592,urban_digital
CUS04199,Tanga,22,40.46183600651196,33127.978578826674,18.422028852146525,427092.93697934237,0,1.4785989735557294,urban_digital
CUS04200,Mwanza,37,27.702026113760343,63733.69026255765,23.250905955851984,580712.1916607693,1,2.6476647741314894,urban_digital
CUS04201,Morogoro,53,59.96812297401921,65211.68567398243,45.91969035013815,173322.53909359878,1,1.096567104409853,high_freq_trader
CUS04202,Zanzibar,29,32.35874194975437,44549.604761112765,19.092051396220604,904422.6542130508,0,1.7097937949011732,urban_digital
CUS04203,Zanzibar,46,0.123498092105082,5371.62435845011,0.1020712188251397,16178.987862057911,0,50.22154857217743,dormant
CUS04204,Morogoro,57,68.02609356654166,69430.05350789889,47.10721886942452,346396.9159378997,0,0.38708466933934416,high_freq_trader
CUS04205,Tanga,26,60.174858475615984,114966.32441489268,38.30625712243119,438275.24014688074,1,0.0,high_freq_trader
CUS04206,Arusha,26,28.79356465603774,57991.49303348138,23.23250171683162,605963.0707173216,0,3.560926512724463,urban_digital
CUS04207,Morogoro,20,18.90153603547463,23313.623015785666,27.01704263210298,627044.1850068809,0,2.271841708505651,urban_digital
CUS04208,Mbeya,48,7.589846418414999,13088.45059850507,1.837081859577411,789895.590161269,0,11.460233473611659,rural_saver
CUS04209,Mwanza,49,28.95778910603114,42753.712171580395,21.156782161370423,246396.02150661655,0,1.1489885371890873,urban_digital
CUS04210,Mwanza,38,0.3996396011870418,10988.343974110305,0.15524612697452042,29735.526056532868,0,87.09580534943818,dormant
CUS04211,Zanzibar,22,5.81244148930348,18946.950439489596,5.2895457381334925,246953.95760024153,0,14.058963104270438,rural_saver
CUS04212,Mbeya,30,2.615208358278299,14306.090783247857,5.041471717794677,761855.5955067079,0,17.37448820748343,rural_saver
CUS04213,Arusha,18,14.308951468333625,52932.10900036538,20.6007210831779,504838.9027103175,0,0.6716035171168895,urban_digital
CUS04214,Tanga,68,0.0,13082.110105529882,0.6114656872266652,41183.35781414677,0,49.495090652637806,dormant
CUS04215,Zanzibar,31,26.585874255395087,30565.153282430205,30.208463727903542,373502.342772106,0,0.0,urban_digital
CUS04216,Arusha,41,0.0,13035.331410699713,0.007156907994810557,73394.28884524514,0,72.90122463879972,dormant
CUS04217,Dar es Salaam,36,27.679280120251704,37226.34758536564,19.939868716345963,701795.9760058231,0,3.6781643812833407,urban_digital
CUS04218,Dodoma,34,13.313025449055871,37660.8481222741,7.622808884005714,135756.1483161459,1,2.736554201890512,loan_active
CUS04219,Tanga,41,0.5937344836025359,13932.559385655484,0.05873748369466983,46133.487488018276,0,41.97168875311848,dormant
CUS04220,Arusha,21,27.895092151029903,45208.15669004629,23.213194277562415,484362.0313944563,0,2.03821659166664,urban_digital
CUS04221,Mwanza,18,33.3106407868689,43518.41455485084,26.22906725563289,780466.7858970074,0,1.3230059010684836,urban_digital
CUS04222,Mbeya,25,5.225639487943628,11587.965357104345,1.7138934348044113,1335925.7799913385,0,2.680642971858088,rural_saver
CUS04223,Dar es Salaam,32,30.20076366907653,35404.236781918546,21.305015490099727,792607.8782756589,0,3.509480198314607,urban_digital
CUS04224,Morogoro,24,19.266028614119186,56055.52455516857,28.635436595029883,725654.087293728,0,0.9291977227419781,urban_digital
CUS04225,Morogoro,26,13.4601336652854,64065.10069938508,18.515794564402384,213415.21096403207,1,3.6754660970459243,loan_active
CUS04226,Zanzibar,18,0.8578952947753615,13987.961988098878,0.14650941463688194,36295.976351690304,0,76.75423045670787,dormant
CUS04227,Dodoma,40,20.943961149484743,51552.69787673089,25.35997352106828,827390.0149451073,1,0.48308720812423567,urban_digital
CUS04228,Mwanza,32,0.06398508549601023,4802.275534566603,0.6038254413488139,33411.5764086274,0,66.28171885400863,dormant
CUS04229,Tanga,38,32.10961456132247,30479.947232883544,23.059420034128475,832474.3898417967,0,0.643361311616298,urban_digital
CUS04230,Dar es Salaam,19,14.049441914037072,34012.05851096893,6.841672961792028,210464.35497721104,1,6.408988183828964,loan_active
CUS04231,Mbeya,39,17.51254110152785,69656.77623610072,23.740540099889532,508640.420906313,0,0.6051475613314685,urban_digital
CUS04232,Mwanza,28,59.03685636159829,116844.46948415431,46.856104467311866,441049.9403559886,1,1.8021731603507924,high_freq_trader
CUS04233,Tanga,19,50.28930672721757,72586.71427984358,44.710640567892746,100257.0493851125,0,0.5835630817387536,high_freq_trader
CUS04234,Dar es Salaam,46,21.450012883749473,44714.50137921215,27.81887430936269,464812.717090321,0,5.15433394861123,urban_digital
CUS04235,Dodoma,45,37.76727166551924,46108.43815916411,23.324994326227706,871158.2815910388,0,2.6151867726135785,urban_digital
CUS04236,Tanga,40,3.522455539273276,13712.65195712039,7.407629565239214,1141303.275524035,0,7.875589059908689,rural_saver
CUS04237,Tanga,47,15.909446588004732,37119.609980384805,9.665754427406858,108060.56773026819,1,3.3328224439279652,loan_active
CUS04238,Arusha,23,6.47509078604671,18535.26549991042,5.093377957389281,1322614.9395840915,0,13.294438410919518,rural_saver
CUS04239,Zanzibar,37,0.3871915047240103,10359.677196953111,0.5033018203391847,93530.8388970542,0,65.80159218970165,dormant
CUS04240,Zanzibar,19,58.45014095270195,130607.81354796834,43.011588735336304,359339.13195324596,0,0.8874656250546115,high_freq_trader
CUS04241,Dodoma,32,62.14613354260699,91353.72888900837,41.475387368996245,441208.3879282132,0,0.8258442969926039,high_freq_trader
CUS04242,Dodoma,52,6.487813610849551,13099.990053198497,6.128787101230362,896617.8141322733,1,6.733732272540336,rural_saver
CUS04243,Zanzibar,44,3.273705739016706,17004.44540541339,3.784177860622127,985210.7506377079,1,1.0601768067319988,rural_saver
CUS04244,Mwanza,21,73.34877291322434,120620.12346688253,32.44302287634423,295354.0871332185,0,0.04237712475734856,high_freq_trader
CUS04245,Morogoro,38,30.007157996727692,25422.62513550818,19.10225749271318,496107.17262729316,0,4.777774945340455,urban_digital
CUS04246,Arusha,33,9.839445969232886,28209.00197370477,12.632232323026981,42319.641830597335,1,7.1934386026137265,loan_active
CUS04247,Mbeya,32,17.890682961353562,56044.64546451827,20.19187754726874,630738.4460644553,0,0.4162000055366255,urban_digital
CUS04248,Morogoro,27,20.738296144850885,37175.76796123579,26.163897243415462,740491.9961664026,0,1.1160569745554623,urban_digital
CUS04249,Tanga,43,34.35522691094342,91831.50445884145,26.67139826434019,311429.35636132193,1,0.39687278865999154,high_freq_trader
CUS04250,Tanga,35,6.049138786372271,5575.788226957748,2.8824046213359518,978584.5625675425,0,8.627392982085457,rural_saver
CUS04251,Tanga,38,22.04646224230086,45267.627503319556,22.563277621582284,944823.6769951611,0,2.1349726769673305,urban_digital
CUS04252,Dar es Salaam,43,26.066171895804636,36360.925807327614,26.298838475288395,693589.14858777,0,2.742415400660458,urban_digital
CUS04253,Dodoma,32,4.6193551622136235,8710.130826427472,1.9928147197662485,1106391.6399174195,0,12.936011089524444,rural_saver
CUS04254,Tanga,35,80.12009432962265,78908.63924259551,30.81477377861443,337948.7882996819,1,0.5780999359413799,high_freq_trader
CUS04255,Mbeya,18,32.6286213947856,9425.203382196385,28.886841439285973,326640.57348109817,0,0.0032989841797173014,urban_digital
CUS04256,Morogoro,30,31.712310501323408,59589.234253835406,23.954293530647405,1079068.886821124,0,0.9646323710735394,urban_digital
CUS04257,Mbeya,39,6.566964349132268,11285.7237545116,5.135021102303535,1063082.7065196312,1,8.038225341952979,rural_saver
CUS04258,Mbeya,34,18.02921040991032,34927.70566254719,9.153334436444505,0.0,1,5.166786927031718,loan_active
CUS04259,Tanga,29,23.306349514281152,24849.418910526187,26.265289666197514,606626.0556067622,0,0.5506029596649722,urban_digital
CUS04260,Dodoma,40,8.393465604346432,45253.190489211345,14.956146370417567,303806.68564417516,1,6.042849234125633,loan_active
CUS04261,Mbeya,35,17.865528862269905,35490.76555871714,12.47531177429384,321199.44406622334,1,5.437358788950874,loan_active
CUS04262,Tanga,34,29.18844817814312,43210.89745185318,25.232110772663386,563400.4155591289,1,3.0440599707887817,urban_digital
CUS04263,Arusha,58,63.463646018328134,96174.32727959762,41.596743753857595,469499.0327659616,0,1.2303543564524086,high_freq_trader
CUS04264,Dar es Salaam,21,1.181473031585918,12994.267162336819,0.5526183003193921,32126.557636233985,0,60.003144404202324,dormant
CUS04265,Arusha,18,7.893217164671575,22341.81626360007,4.868853344310547,1141435.5912832739,0,12.275037686797203,rural_saver
CUS04266,Mbeya,18,6.629353770576795,12872.300765776166,3.9196797047283654,967729.4137518221,0,5.6975604641063144,rural_saver
CUS04267,Mbeya,30,46.137517627100884,64552.717075711116,28.519332358001726,379316.31926372007,0,0.06841259618858986,high_freq_trader
CUS04268,Dodoma,53,46.64132890842187,126477.06634939808,41.06331511189458,79428.01997456193,1,1.0424878549333452,high_freq_trader
CUS04269,Zanzibar,29,48.29374949993006,115878.65390258573,36.72382558390605,297246.53050664504,1,0.6569626574832236,high_freq_trader
CUS04270,Mwanza,27,5.496177006866029,38466.49187859232,10.459575606554251,30183.452711184,1,6.319906037376082,loan_active
CUS04271,Dodoma,52,4.430459858780139,20567.063480678655,4.8065029288921055,859222.8805455631,0,11.096441376138557,rural_saver
CUS04272,Tanga,54,59.79894719160319,100661.80631415482,48.784491805967484,0.0,1,0.747447103633694,high_freq_trader
CUS04273,Dar es Salaam,34,13.470505085638209,30444.817750551338,9.781028072062728,33816.77361793135,1,9.398247610689882,loan_active
CUS04274,Dodoma,32,37.873542801594546,41001.5100874259,24.170027940411483,788852.8326597682,0,1.89744978163331,urban_digital
CUS04275,Morogoro,29,25.10155556991854,58382.737042910914,31.005577477629448,912026.6481117851,0,1.4206839996712177,urban_digital
CUS04276,Zanzibar,29,7.437041170628474,9016.010955489757,1.719327390889834,685698.5693950587,1,13.537441220498533,rural_saver
CUS04277,Morogoro,21,14.030666438534322,9602.668289030556,8.170289308219395,249516.28076505967,1,3.976360089652169,loan_active
CUS04278,Mwanza,18,36.257350514076464,31626.237705139523,31.730301071081843,1177582.4990793809,0,3.24377821971966,urban_digital
CUS04279,Mbeya,27,50.439270343949474,110560.49738184022,40.013952456603164,272039.7324290191,1,0.9363250365877804,high_freq_trader
CUS04280,Dodoma,37,22.465025450460864,32911.660494172225,24.959696089906405,455934.55628363136,0,0.23098620289682925,urban_digital
CUS04281,Dodoma,36,5.537261487351441,15807.584792676336,5.8683365617147,465356.9922751793,0,4.779442025043797,rural_saver
CUS04282,Tanga,43,0.37057298601402516,7900.3535197303045,0.5545239089084879,74555.29486035953,0,96.73418142960261,dormant
CUS04283,Zanzibar,30,31.039829695247263,40545.48944923131,24.58601395442602,573562.7503670487,0,2.8102163756896523,urban_digital
CUS04284,Mbeya,32,12.972786064526012,44576.1525868622,15.359877290811255,175242.80583749985,1,6.31714453910258,loan_active
CUS04285,Tanga,29,28.50082378328232,50840.739752560155,21.855008299629453,939808.9973370522,0,2.982931867250795,urban_digital
CUS04286,Mwanza,20,15.306431537669308,54163.760918349384,2.5528972392500346,167276.67756772635,1,3.678867916766917,loan_active
CUS04287,Arusha,32,25.77472889686503,45297.32610126464,25.19160030268309,779128.9236426421,0,1.8741305969240076,urban_digital
CUS04288,Dodoma,39,14.678608414647655,35322.755849533336,6.679527759849281,26240.266564402,1,5.43421221117546,loan_active
CUS04289,Zanzibar,30,0.0313992243133181,10770.887932059703,0.2836632761391585,50448.738801781976,0,70.07310302364802,dormant
CUS04290,Dodoma,34,26.60209996642041,59179.803876557766,16.328136160642124,470372.7323786216,0,2.8197733102918807,urban_digital
CUS04291,Arusha,39,20.090253185484777,31705.898554338888,22.50644429444946,752139.337736032,0,1.6683184745082418,urban_digital
CUS04292,Tanga,43,28.1663287945519,39712.942698940846,18.99243526316981,789390.6200478831,0,0.9423131320712685,urban_digital
CUS04293,Morogoro,30,0.0,9460.709835058356,0.20205240417792575,13497.282296922538,0,110.54684506420043,dormant
CUS04294,Tanga,29,66.29168856301948,61970.71150452683,52.41871811711028,592107.9563994063,0,0.9177198070059227,high_freq_trader
CUS04295,Dodoma,18,6.818597832935808,6598.272124348967,2.4233951388605655,991513.1203035313,0,8.557858871354474,rural_saver
CUS04296,Mbeya,28,7.308132692224902,8302.108690641227,7.081386724751064,695192.4824338583,0,12.808817613260572,rural_saver
CUS04297,Morogoro,33,0.2712807711763496,6441.387436390886,0.0,66016.07717957067,0,61.22504487467442,dormant
CUS04298,Dar es Salaam,47,8.012706988978927,17858.985487137186,2.7573882930719,1212279.669567866,0,7.176620994131415,rural_saver
CUS04299,Mbeya,44,0.889338077907713,1989.7389941433185,0.0,70861.37481047015,0,51.51250897836257,dormant
CUS04300,Arusha,25,9.87157411962405,16866.448003845355,2.1540233012433867,952951.7191382238,0,10.395641699342939,rural_saver
CUS04301,Mwanza,47,51.31595832624244,112651.42415819885,34.30350213028086,0.0,0,1.1570980195135205,high_freq_trader
CUS04302,Dodoma,39,23.22887804374821,35846.999416792925,12.63446867640688,159650.1080313488,1,5.708140295487567,loan_active
CUS04303,Dar es Salaam,20,4.540154344498512,24900.427516295902,0.0,1071265.9903529836,0,11.485127099830304,rural_saver
CUS04304,Zanzibar,49,17.931126271640224,52269.30087269941,30.705004925796302,644045.8324727229,0,1.541855409172599,urban_digital
CUS04305,Dodoma,35,26.11871520712742,59228.61722223603,15.827138652988992,477399.39611796854,0,3.9028106771572895,urban_digital
CUS04306,Morogoro,28,0.0,15520.315398916366,0.2621574961131887,69943.36621570417,0,68.31150421361822,dormant
CUS04307,Dodoma,65,10.515287113197012,20956.158864687157,7.536245852769107,663461.4517758008,0,8.82818270947475,rural_saver
CUS04308,Zanzibar,48,13.390634439202378,45517.88074509073,5.90062367690703,83679.44233688492,1,4.840415463478342,loan_active
CUS04309,Tanga,51,0.0,10666.923151629246,0.0,29553.15393914099,0,85.2078081052306,dormant
CUS04310,Zanzibar,38,8.698531216386852,16657.83317178679,4.691234903327999,1303863.6195514405,1,17.309420648681673,rural_saver
CUS04311,Mbeya,53,54.04496359406062,61099.76752676623,43.692723816298646,335480.35408822435,0,0.923667217958185,high_freq_trader
CUS04312,Mbeya,21,41.156818540917016,60034.830859931244,25.387042787640425,272546.6410523214,0,2.6713903526211946,urban_digital
CUS04313,Dar es Salaam,23,70.20076758966685,129039.65481857477,32.1390216070706,402698.59465181746,1,0.9478651625393989,high_freq_trader
CUS04314,Dodoma,21,25.895726130089418,40884.49610065525,26.061374728675986,778071.6661805373,1,1.3480339677436612,urban_digital
CUS04315,Morogoro,36,0.4446559814013989,8170.963412630141,0.023238942991073874,66773.17253815022,0,71.8849076756111,dormant
CUS04316,Arusha,23,21.12254263243961,30723.233072052608,13.40079309268131,265430.255685027,1,7.763207003563088,loan_active
CUS04317,Morogoro,30,51.48082010388232,50332.936668481336,45.4881497155847,412212.86311515095,0,0.3119320589246617,high_freq_trader
CUS04318,Mbeya,21,21.901295767475126,41096.63983596817,13.132192786228742,414644.74601504934,1,5.656149332980976,loan_active
CUS04319,Zanzibar,51,6.611111315659418,15093.695476592706,3.6560246011555546,853670.4875979278,0,11.495257552807914,rural_saver
CUS04320,Dar es Salaam,32,80.78806382313084,132599.58734514943,32.35226663456367,296973.70324606664,1,1.2959865651754778,high_freq_trader
CUS04321,Dodoma,43,1.2272896443111931,8393.513693456898,0.33725508736427995,62397.14537845439,0,88.52387538759153,dormant
CUS04322,Morogoro,50,1.2760686711494014,2857.5359060141473,0.3973387069579207,46928.61609396441,0,68.9824251266472,dormant
CUS04323,Dodoma,35,24.449443865493784,65243.25005351489,16.841761749566384,718052.2876986773,1,1.358228046039609,urban_digital
CUS04324,Morogoro,18,25.60706247001317,10640.680227958277,27.057347807437544,755952.1169520726,0,1.7603614478387002,urban_digital
CUS04325,Mwanza,44,0.0,11214.526845843653,0.6194102108777102,67904.88544872444,0,82.58507361718841,dormant
CUS04326,Tanga,18,32.296661394192135,35578.14281690352,25.11230370883709,540785.4599743778,0,3.1402046547118188,urban_digital
CUS04327,Morogoro,44,56.93910891548554,82314.08219851289,49.29177288017337,82443.67354741215,0,0.5492761921122207,high_freq_trader
CUS04328,Mwanza,33,71.55520723024668,45399.88765245716,39.004786275689185,529527.21077181,1,1.0505258021806958,high_freq_trader
CUS04329,Zanzibar,25,17.539811419512915,20723.684311490822,7.744632611798364,14733.090563505684,1,4.6709365057716035,loan_active
CUS04330,Tanga,23,29.24611422751734,52617.90255200613,30.943144001057767,1066456.1525569502,0,1.6834298464742867,urban_digital
CUS04331,Dar es Salaam,40,17.24077343430994,30051.257447015305,12.072208976424172,75357.87810922672,1,4.067846541234237,loan_active
CUS04332,Morogoro,44,27.250568371436305,21956.142733631055,23.924035907212016,439645.2538423467,0,2.9711111379015476,urban_digital
CUS04333,Dodoma,18,6.778599172517753,7579.785989102445,5.756646905262419,516034.6215278351,1,7.41524654188269,rural_saver
CUS04334,Mbeya,47,85.44897484878746,51341.78747622694,33.55180702329082,208511.93884513294,0,1.3493906877381971,high_freq_trader
CUS04335,Mwanza,42,30.231503062711887,24924.000599937335,26.74928609551435,646761.304492723,1,4.073725332520306,urban_digital
CUS04336,Morogoro,35,33.650360458466835,56718.875550759076,21.899732434526666,726677.0286210045,1,1.4429745820377984,urban_digital
CUS04337,Mbeya,38,31.521576093139203,45194.91520036295,23.088443265175894,605471.5979786853,0,3.5493192818057704,urban_digital
CUS04338,Tanga,18,5.027074676698826,5959.869284057653,3.6055828579764464,726952.8250728331,0,13.77044519481612,rural_saver
CUS04339,Tanga,33,67.42598216153738,50449.08353557692,45.546558562127906,228738.71396232478,0,0.987546689198855,high_freq_trader
CUS04340,Arusha,39,29.25714371140507,45982.610771039435,33.348646816108264,644789.6824028888,0,1.065147981896725,urban_digital
CUS04341,Tanga,29,21.85845363717206,58801.53275551863,16.578257703722063,431268.26144731545,1,2.4196437421739483,urban_digital
CUS04342,Morogoro,36,0.8429636541246308,4097.636858496946,0.4594426492589935,67395.0986556086,0,79.23595576638574,dormant
CUS04343,Dodoma,29,22.535844931011642,32096.765564864552,26.71936300632207,526261.7960565384,0,3.550988460009003,urban_digital
CUS04344,Morogoro,44,52.79891561680465,81892.91977695185,40.31176900248011,392120.8212907645,1,2.039273502075018,high_freq_trader
CUS04345,Mbeya,34,14.815697907729888,45118.31229528796,9.178908214345661,98462.10410165496,1,6.810689641387512,loan_active
CUS04346,Morogoro,34,62.94317635830428,114547.06827057706,41.111867946373145,277612.687539722,0,1.5308404244241784,high_freq_trader
CUS04347,Dodoma,32,16.434538314365437,37827.8520216241,14.054798310918084,144414.46996460718,1,7.75276916924871,loan_active
CUS04348,Tanga,38,6.741523269279946,14081.129670852211,8.186279962554213,794808.9807948151,0,10.458963957868889,rural_saver
CUS04349,Zanzibar,35,74.74905902753957,93682.61006171255,41.47415840334802,265627.5179242531,0,1.048264883686778,high_freq_trader
CUS04350,Tanga,23,35.03957023283366,33491.064889405265,31.272673477247398,570636.9793073824,1,0.9351634875027257,urban_digital
CUS04351,Dar es Salaam,38,30.240341777630178,48308.39289095969,22.371894451086334,186945.14050836035,0,0.9458086041399949,urban_digital
CUS04352,Dar es Salaam,30,0.13509697397334075,12192.013549935658,0.18615409939593103,27440.75679406881,0,86.90313441259767,dormant
CUS04353,Zanzibar,51,32.14147090416681,63082.11133662355,19.18794223190096,477688.22783269215,0,0.002576899428526236,urban_digital
CUS04354,Dodoma,18,10.002514492645773,30625.900723735846,11.043377540565169,154098.9318756851,1,3.0727679747641554,loan_active
CUS04355,Morogoro,53,0.0,5452.900653505124,0.015088627185809167,86586.60678754441,0,41.83312611288831,dormant
CUS04356,Dar es Salaam,29,13.60933148357273,21390.57332800361,1.596384743922803,132789.55289794947,1,3.5960597857644094,loan_active
CUS04357,Mbeya,48,7.911605341482979,14287.544021807224,3.152183116546532,1191976.2875301857,0,13.098526680960916,rural_saver
CUS04358,Tanga,25,5.412399155758631,15191.239391670362,5.687607886368887,164803.19917018164,0,9.10053058658281,rural_saver
CUS04359,Mwanza,56,73.14536837504365,71555.9245575862,36.32786172575587,200338.50541648976,1,0.0,high_freq_trader
CUS04360,Morogoro,18,36.84022325260581,38221.615951132466,29.13461887501457,626017.9671651194,1,2.9506537075482573,urban_digital
CUS04361,Dodoma,41,6.38269070930038,6379.482534188584,2.962572603445966,1574895.8398425397,0,13.9381646798237,rural_saver
CUS04362,Dodoma,37,0.7252308715960348,5910.608299523619,0.08740727996295147,33525.26996023787,0,20.39211892671817,dormant
CUS04363,Tanga,25,11.903899870244556,33693.18230661277,12.100194665760135,220784.18952833145,1,2.60438060545595,loan_active
CUS04364,Mwanza,23,69.03551323165459,104725.18042316259,50.75519000299116,495438.79458829097,1,0.8536170662385767,high_freq_trader
CUS04365,Dar es Salaam,36,42.36431708479782,50456.36279034124,26.710099813802373,797985.1241524051,0,0.9252448823643504,urban_digital
CUS04366,Mwanza,18,6.691439140156505,25412.7696061849,2.101600209571341,1362057.895459688,0,8.881903932833657,rural_saver
CUS04367,Arusha,40,0.34736143033456934,9946.153303943329,0.18151707557526287,7686.28409205543,0,69.64381167521088,dormant
CUS04368,Morogoro,46,19.586031976972478,51981.959953925434,29.9025982051,895986.1639642254,0,0.19534935470839132,urban_digital
CUS04369,Dodoma,38,4.606931656228215,14636.585258057004,4.967198902089731,1436178.1358473438,0,13.565023569779937,rural_saver
CUS04370,Arusha,44,29.196565182123187,60965.633731757276,19.842888565150623,646081.2800591254,0,0.49308004239572933,urban_digital
CUS04371,Arusha,28,28.20327642740903,41863.45206773409,24.001109547711913,741474.3151001895,1,1.3324996568663652,urban_digital
CUS04372,Dar es Salaam,36,5.975751255487359,10337.034235585674,4.666647464204468,662095.1202938702,0,22.772528151206785,rural_saver
CUS04373,Morogoro,50,33.10609760385822,57251.37645025051,23.622780944065934,656551.1506046525,1,3.2556704097349485,urban_digital
CUS04374,Dar es Salaam,19,1.2809594393460875,9063.994279035005,0.9503414904263432,47709.46670726979,0,115.93860966188434,dormant
CUS04375,Tanga,36,40.1668481621263,52924.52546987244,26.595612517940793,527903.0808117734,1,1.249748325388385,urban_digital
CUS04376,Mwanza,46,58.197592026607225,41485.50055345222,53.55007370612581,237043.27953655145,1,0.6471759672471754,high_freq_trader
CUS04377,Zanzibar,27,33.006075536280896,41784.47213077687,26.54646956022429,735189.3337989163,0,0.8862817076615976,urban_digital
CUS04378,Mwanza,34,13.103855379801795,35260.58779255488,16.369521792431662,222598.59479386098,1,3.367872485394652,loan_active
CUS04379,Arusha,40,32.03371397600112,33732.15786350063,21.73881665354429,807587.6901362701,0,2.0551712889784928,urban_digital
CUS04380,Dar es Salaam,52,3.954126399327414,6112.342384850783,5.814768899560226,1759014.7728966684,0,12.602988153110271,rural_saver
CUS04381,Morogoro,38,5.246467829025562,20818.586607601577,5.214595322419473,1089509.0786941973,0,12.245740515166613,rural_saver
CUS04382,Mbeya,45,33.8155783742333,36287.41483880434,22.805898147543093,893617.6793724403,0,1.6740601776244768,urban_digital
CUS04383,Dar es Salaam,18,3.400361256638612,18649.657653976283,4.274675366020744,1113570.4643797856,0,11.857203588204854,rural_saver
CUS04384,Arusha,49,49.26077808104458,108502.52914127203,60.97149078170786,355091.2949247749,1,1.0677051123756147,high_freq_trader
CUS04385,Tanga,35,15.240399024114163,45532.0803426037,9.386180110236536,241356.8434607345,1,1.752809197116032,loan_active
CUS04386,Dar es Salaam,45,7.079177252781391,13658.245620105003,4.719020090451681,1002763.2069516082,0,12.486105547178528,rural_saver
CUS04387,Dar es Salaam,39,19.881689345560474,35971.080981601604,17.073704683704953,709720.3766703244,0,3.3852950703630618,urban_digital
CUS04388,Morogoro,33,52.41958253420686,93350.02029472863,24.996628812517912,238766.0586661875,0,1.1642603195698504,high_freq_trader
CUS04389,Mwanza,25,0.034207902199011875,5324.57384235892,0.5077849172666798,6917.9023143944,0,85.11375379519926,dormant
CUS04390,Zanzibar,27,17.913984527989854,59716.12660938897,30.645903781723923,492106.4196802358,1,1.7491253679744334,urban_digital
CUS04391,Mwanza,34,65.40073146031,141847.34466017003,37.16232161166296,453465.62877412664,1,0.16388237919255033,high_freq_trader
CUS04392,Morogoro,36,5.699895753877999,22322.689948742216,7.010306768359293,1013039.9078240176,0,9.414559733270325,rural_saver
CUS04393,Mbeya,44,1.048837313061872,12797.641417581402,0.514935234248667,27752.36403160237,0,66.58912154995186,dormant
CUS04394,Mbeya,31,7.786920807449294,15791.950702361102,3.375417741919913,957416.6340387651,0,6.29601445370208,rural_saver
CUS04395,Mbeya,34,9.920066932550128,12622.564936847062,5.01557694645118,945877.2803301973,0,4.9559270067469825,rural_saver
CUS04396,Mwanza,28,16.28383137085581,66964.8693210435,22.191926448218634,511361.6858093617,0,1.8592805621343909,urban_digital
CUS04397,Zanzibar,28,60.545201246768585,114211.95392824632,33.10549382958827,379160.2649456651,0,1.6327523861900908,high_freq_trader
CUS04398,Tanga,41,27.48605510828168,43824.55668629719,19.12571598730254,389673.9328475867,0,2.568335483350663,urban_digital
CUS04399,Zanzibar,27,66.69473010087441,80544.5225710899,29.652036513189177,294368.50297984446,0,0.9705674795091913,high_freq_trader
CUS04400,Zanzibar,29,65.60363278464247,121633.1125370459,33.8376250847705,255298.87084514092,0,1.1454338315417798,high_freq_trader
CUS04401,Morogoro,29,50.91695050967376,99509.83046987446,42.46181739505874,204526.92221984366,0,1.0425666628412777,high_freq_trader
CUS04402,Tanga,45,20.673269330980265,34262.814964586076,17.769880900613018,561886.3889756877,1,2.78398399664576,urban_digital
CUS04403,Tanga,39,30.9488039664978,52746.09059212891,28.483745275381477,998664.6891128495,0,2.8459992767356774,urban_digital
CUS04404,Mwanza,35,8.126560934361832,15553.98763024013,6.352022607071753,512519.05983575253,0,7.723159035118185,rural_saver
CUS04405,Tanga,34,0.12998636707928884,4036.5100508684154,0.10341295855152152,0.0,0,69.23730136107483,dormant
CUS04406,Tanga,41,17.205182248495767,36668.71718414623,17.17359260431259,214989.86748809947,1,6.474626705886152,loan_active
CUS04407,Zanzibar,45,5.558520600573827,15498.1078934284,7.843114149234168,878983.6291594983,0,12.787231832231608,rural_saver
CUS04408,Dodoma,18,15.772617154336718,16216.545487949646,15.14642557163096,168392.53810928014,1,4.379483078725984,loan_active
CUS04409,Mbeya,18,28.671167367298327,38510.480116668565,31.460731167182253,648576.5799189107,0,3.1382347191028863,urban_digital
CUS04410,Dar es Salaam,40,7.015803418747515,8683.542090291194,3.0751247146878993,827796.8016168865,0,18.81364538157775,rural_saver
CUS04411,Tanga,30,41.214736761992015,38124.84375948855,20.82500484138751,647189.2490888602,0,2.65759804058411,urban_digital
CUS04412,Mwanza,20,50.36955644594394,122903.24861343687,33.803433922884224,12572.241640737455,0,0.7119300876727119,high_freq_trader
CUS04413,Mbeya,55,37.131508995486,60681.82679356754,25.126155775385772,90181.15035543952,0,1.3664637466152312,urban_digital
CUS04414,Zanzibar,23,24.584992906753428,35724.81395933204,24.941509760500082,318094.86804012355,0,1.2014426577028208,urban_digital
CUS04415,Arusha,35,83.1592159863885,61495.82471828439,42.10220333725113,375047.0999808777,1,1.388832065814054,high_freq_trader
CUS04416,Mbeya,35,7.722913068209067,17086.83975377152,3.6541952682774324,697670.0297835527,0,9.28764804324558,rural_saver
CUS04417,Zanzibar,55,19.54406731494415,32669.05541654772,28.15886881648855,149916.42154693208,0,1.441079304260438,urban_digital
CUS04418,Arusha,21,35.35729327333321,41071.200771550495,22.881418024588193,918652.1691569202,0,2.9727401918429672,urban_digital
CUS04419,Dodoma,28,6.410594600364122,11148.116491824723,1.7735409333872783,949166.3246054886,0,9.335001459174755,rural_saver
CUS04420,Zanzibar,28,3.4910457720331904,23483.96546648405,4.311653054842432,467341.9271894982,0,16.085559189323064,rural_saver
CUS04421,Dodoma,39,25.03175505291788,33515.09324214251,20.2887308126806,467822.77781364275,0,1.5560198907761353,urban_digital
CUS04422,Tanga,33,0.2930015078741466,8869.413575493276,0.786579968136027,105069.9596257582,0,73.64145750443843,dormant
CUS04423,Dodoma,30,25.072756313452224,31598.095193056135,24.4330618628155,816876.4564246649,0,1.7129063604458912,urban_digital
CUS04424,Mbeya,37,0.6234394402749658,9051.06277688764,0.4611706735276625,106909.46708103943,0,57.590083896330725,dormant
CUS04425,Tanga,35,8.905447079004169,7688.1101222742,4.6627447218741915,839598.423667993,0,12.512760446161582,rural_saver
CUS04426,Tanga,44,30.925135858835223,37100.66335643559,28.001121469572638,877304.7062561507,0,1.5920472882004555,urban_digital
CUS04427,Tanga,36,27.748804222468863,30604.278155205757,28.760523914511836,403432.8816228786,0,0.13363811543406645,urban_digital
CUS04428,Tanga,22,27.59022368473924,21395.190128668,25.66407253462279,379727.92867182323,0,1.5882656994866948,urban_digital
CUS04429,Zanzibar,36,22.205838180589105,56788.95388275641,28.179077723046007,1038900.2852704455,0,1.4559340615936227,urban_digital
CUS04430,Dodoma,33,5.289466738414563,12087.18480003633,4.108849697984568,1111082.5853511777,0,7.711196731422827,rural_saver
CUS04431,Dar es Salaam,24,17.163150013225955,46169.418272806644,8.265017568459609,158501.80481512274,1,1.6357505186048296,loan_active
CUS04432,Zanzibar,24,62.485703633340734,56024.63913868439,49.896096530247235,378527.46117583034,0,0.25891806879151114,high_freq_trader
CUS04433,Dodoma,31,3.566004594571259,7965.948463914046,3.5391997955801644,1119678.2370086603,0,11.77953411127439,rural_saver
CUS04434,Arusha,38,0.806158345790511,4854.089641203411,0.3842974402472281,53603.93925039172,0,102.24638877948145,dormant
CUS04435,Morogoro,37,0.0,5899.006662722897,0.059880573622205446,25333.844880351113,0,75.3101340617062,dormant
CUS04436,Mbeya,33,63.35929356992714,121536.09715184443,43.86839411172028,115822.3695302672,0,1.2921887172118003,high_freq_trader
CUS04437,Mwanza,18,27.133194882985766,57946.7587186515,24.892916780327223,280318.3357108631,1,3.840776936130149,urban_digital
CUS04438,Mbeya,26,26.996728655684237,55597.40369306998,15.17696444157507,383687.87657669437,0,3.8011263022861765,urban_digital
CUS04439,Mbeya,37,7.158996513994241,16540.312115292916,3.4384133939726693,411967.0522136273,0,2.735944897512857,rural_saver
CUS04440,Zanzibar,37,24.114413758533015,57096.73584875306,28.229733380859912,404237.3163940601,1,1.679793490313996,urban_digital
CUS04441,Arusha,18,7.421754561506123,12791.679492548828,3.5103915673080817,1472354.0142017684,1,15.391058900956047,rural_saver
CUS04442,Mwanza,25,17.735960203124723,37513.72437300895,4.992058698060633,66488.17159700274,1,4.563128391142761,loan_active
CUS04443,Dar es Salaam,18,12.692034741315329,40735.19246039084,7.172776057712811,114221.00827180388,1,7.048670601848294,loan_active
CUS04444,Morogoro,21,29.363718403327074,49672.844559193276,26.084143579411094,499729.04688031983,1,3.519514782876027,urban_digital
CUS04445,Zanzibar,30,6.040402464261817,11304.388039799926,6.101607823527791,820447.548536076,0,11.795098676632213,rural_saver
CUS04446,Dodoma,34,8.22803347728328,11745.814827325405,3.3597137271943884,1058747.7341745417,0,7.305253746026881,rural_saver
CUS04447,Arusha,43,4.545763550813037,15148.228784763127,3.158052489483344,684729.6504755748,0,9.706302236983145,rural_saver
CUS04448,Arusha,47,0.7115944679557412,16377.692508985374,0.34243078764724755,29812.06972441325,0,71.6740972168287,dormant
CUS04449,Mbeya,49,36.048820362406715,32795.94847162453,30.403369837346183,590795.863145208,0,1.7962220581249475,urban_digital
CUS04450,Tanga,29,65.48730666208289,59698.9129722115,30.363652731505677,115155.69598976866,1,1.038724825193787,high_freq_trader
CUS04451,Arusha,36,22.01017968500801,51178.0819374063,16.201893174355064,6407.698496359604,1,8.347444400186552,loan_active
CUS04452,Dar es Salaam,19,0.5389848461078112,12115.612725932759,0.5110377398711687,0.0,0,62.750676008130384,dormant
CUS04453,Dar es Salaam,36,0.9985784353998602,13755.718431496789,0.2968313903073664,58957.78407055585,0,74.77435029438361,dormant
CUS04454,Mwanza,19,8.235363942483529,6172.5072364310745,4.972206567253143,903556.1088117188,0,7.986589820061129,rural_saver
CUS04455,Zanzibar,34,5.662885518724978,23147.433903727506,1.45974051535786,763150.4069008613,0,11.650641158307547,rural_saver
CUS04456,Dar es Salaam,31,22.6278187649572,50368.83004426671,23.49698604838912,725551.2114110788,1,0.5137604540642617,urban_digital
CUS04457,Mbeya,28,0.9126054019610115,9975.48985996635,0.8562246779524627,50187.622238159194,0,66.93368904378546,dormant
CUS04458,Mbeya,18,21.777435779567583,54697.22359408204,18.492902669130803,759865.6413460681,0,0.23677471847024822,urban_digital
CUS04459,Tanga,51,59.01889452492404,95848.96756558695,21.55161593947667,366188.0630756053,1,0.8757406341562565,high_freq_trader
CUS04460,Tanga,20,6.285440242962343,13247.183593039606,3.6590808185098287,1432831.038242354,1,6.464948998869604,rural_saver
CUS04461,Dar es Salaam,41,5.09657972279066,23039.46774798281,3.6673325951833844,498896.13954910345,0,8.42968784851164,rural_saver
CUS04462,Mbeya,44,5.515202464557511,22226.35162910967,2.178707997208584,550451.3311823037,0,1.9857769064735624,rural_saver
CUS04463,Morogoro,32,4.02801839812164,35646.430764513505,4.016205770464746,2412.4541381136223,1,2.86811774525464,loan_active
CUS04464,Mwanza,26,23.764746756934766,58284.80098065442,24.411931701866564,502208.7795366263,0,2.2241090891734396,urban_digital
CUS04465,Arusha,23,24.48668923345837,32271.424734085183,29.92089679851227,785401.1133406162,1,1.400955816083385,urban_digital
CUS04466,Arusha,37,26.264130123286915,57238.54833734863,24.207625229747812,857529.4606305403,0,0.0,urban_digital
CUS04467,Dar es Salaam,31,0.889263061228948,4849.93875238828,0.0,54642.45171158617,0,35.16619330713457,dormant
CUS04468,Dodoma,33,20.111557285895607,39484.70709493359,11.019608031712378,289499.1503420848,1,5.750683781174351,loan_active
CUS04469,Zanzibar,39,39.551907723927954,41286.75833431712,33.32048013349814,804728.8180901007,0,0.9195036731178006,urban_digital
CUS04470,Zanzibar,41,21.352500106654777,19213.61530337247,10.481549947166924,0.0,1,4.320818012332012,loan_active
CUS04471,Mbeya,40,23.866012141456185,58896.43526790153,21.297541381765576,473685.5515166404,0,2.391050006784352,urban_digital
CUS04472,Dodoma,18,0.9698721796996004,10620.805316200782,0.4203809198893487,67875.53479408062,0,88.93662399871516,dormant
CUS04473,Zanzibar,41,25.229091620559025,25523.311629198935,25.66066870705959,925991.9000646241,0,1.3929474647419142,urban_digital
CUS04474,Morogoro,30,6.697880355511246,16165.648280813064,1.3933083493567215,1294540.677904584,0,8.533025874271184,rural_saver
CUS04475,Tanga,35,0.5396507798395371,8478.424308586718,0.3197740208571326,53451.65815429279,0,79.27837409106678,dormant
CUS04476,Arusha,18,4.209024021013522,7249.788996714044,5.996257872377427,1213133.6252553794,0,11.31649136796712,rural_saver
CUS04477,Mbeya,22,26.507869145120996,22231.773772258206,24.921998481430784,860847.835543468,0,1.4413046001547485,urban_digital
CUS04478,Mwanza,33,60.53102448729222,89169.24190735476,31.84695554400326,436886.1802376129,1,1.594929425802473,high_freq_trader
CUS04479,Mwanza,39,12.432203934769756,29658.27067230093,13.83262657051269,230136.55600150608,1,2.6609409794381627,loan_active
CUS04480,Mbeya,39,8.222250821800468,13249.089900526633,3.576932370867736,1108794.8029942927,1,11.716233318368376,rural_saver
CUS04481,Tanga,40,0.3611413545743078,3529.1359388521296,0.0,67866.84290026639,0,77.16394170517006,dormant
CUS04482,Arusha,26,50.053448501417414,92564.64859379442,40.629120208545736,491851.09780918946,1,0.6300197625042915,high_freq_trader
CUS04483,Zanzibar,28,12.322120770670347,65711.4127444528,22.12535123288489,807892.623531091,0,1.1926515673840283,urban_digital
CUS04484,Dar es Salaam,52,16.263246622587012,36761.465673425526,11.990786781283196,110290.48588618229,1,5.080854144757612,loan_active
CUS04485,Mwanza,44,20.115996155824092,35136.3523980278,21.88287890439867,1077786.371893975,0,1.1464205883734442,urban_digital
CUS04486,Mwanza,29,66.18995897676521,96843.61207486047,45.566512555077765,308710.7283243337,0,0.22353627697925005,high_freq_trader
CUS04487,Dodoma,18,20.576645440736367,38948.116506849314,21.679728201602156,439752.92038902116,0,2.9741931203327394,urban_digital
CUS04488,Mwanza,53,24.911344540785898,39682.743567752106,23.139273202153408,941263.4021164833,0,3.5624121386871144,urban_digital
CUS04489,Dar es Salaam,42,5.378086092711494,12859.591493099333,3.9547253309130084,1287675.2148870805,0,10.837009949165793,rural_saver
CUS04490,Mbeya,43,4.240553406081082,16683.440542484946,2.743703858858612,1341379.6031236984,0,12.770905916610372,rural_saver
CUS04491,Dar es Salaam,52,14.112296332746228,20628.419104566958,10.379917370651823,28536.975167951256,1,6.222057160594408,loan_active
CUS04492,Dar es Salaam,59,6.047154264407077,34700.183212461496,9.340437073200443,0.0,1,6.8330080113946225,loan_active
CUS04493,Mbeya,18,30.977004532488564,34452.00309140584,26.571679695678377,856961.4198369769,0,2.8524140035400842,urban_digital
CUS04494,Dar es Salaam,33,36.85040204994816,54604.65595019415,11.278152669860845,676531.2098921258,0,1.3889149937298715,urban_digital
CUS04495,Arusha,36,8.513225595136557,15318.673080384964,3.925100634472068,1229548.4348933026,1,9.899334795359726,rural_saver
CUS04496,Mwanza,24,5.8649973502012696,20801.089749871036,2.6663964490813514,650908.1000767133,0,1.432671713672617,rural_saver
CUS04497,Tanga,33,5.522809481944182,22789.930488552334,3.7162259285022134,1054321.3269024007,0,15.593417906290735,rural_saver
CUS04498,Zanzibar,35,9.908528249742151,24809.760133484164,16.75990347788084,103105.83416243515,1,3.006811047418692,loan_active
CUS04499,Tanga,29,61.821833295815765,101108.93996922755,41.87808831444914,397070.80726961454,1,2.0360897465002736,high_freq_trader
CUS04500,Dar es Salaam,24,36.11436262984938,37811.8515166278,16.861163527421766,266582.269950849,0,3.1619589916409847,urban_digital
CUS04501,Tanga,40,6.772256421849465,14987.290024982805,2.8287054252807127,516221.3096243903,0,12.611725807995938,rural_saver
CUS04502,Dar es Salaam,39,0.5132567960019131,3777.180624474362,0.3943663863124146,57194.84462691115,0,48.735697006599544,dormant
CUS04503,Mwanza,36,5.843519271800668,5197.328571888542,2.719292369776351,687937.0192528265,0,20.393533623336953,rural_saver
CUS04504,Dodoma,34,20.812195694089215,43073.9276900957,24.053173287255092,751319.0794809731,1,3.3910178362849788,urban_digital
CUS04505,Dodoma,43,8.966804011318334,13262.489003918872,4.1089591331769215,826968.868630741,0,15.08702877393879,rural_saver
CUS04506,Dodoma,24,1.2599808595391444,20008.770416134288,3.3931253906109706,1196563.8107237648,0,4.57064300730891,rural_saver
CUS04507,Dodoma,42,20.662689855122505,55404.3480099468,25.9577279989401,899513.7554699418,0,1.0370966031556743,urban_digital
CUS04508,Arusha,30,49.995816436048585,82245.1286399726,44.20076348100714,281108.15485497506,1,0.2986689351326519,high_freq_trader
CUS04509,Mwanza,28,7.236185906685973,17429.962900808496,6.182574092524693,829329.4957613859,0,5.566926071361945,rural_saver
CUS04510,Arusha,30,0.6705817304354748,4731.782177122462,0.3947360936622313,94018.76074441095,0,66.09575517613459,dormant
CUS04511,Dodoma,47,3.1546800309633336,21671.117680018302,4.1697026715110495,681463.8798754065,0,5.271547704757416,rural_saver
CUS04512,Mbeya,37,24.185981050387998,20059.071971669237,14.173043823770357,130331.94103997144,1,7.534980708275894,loan_active
CUS04513,Tanga,32,25.55260313730017,52909.06854923618,24.30570938611001,604451.202617037,0,3.56229887274847,urban_digital
CUS04514,Morogoro,32,33.18569948417862,52542.16006773186,28.44404553438404,397049.910729161,0,2.3368694362051943,urban_digital
CUS04515,Mwanza,29,10.588559149188862,13040.967801243605,3.264700469082338,1035213.0297743384,0,10.561812706049581,rural_saver
CUS04516,Mwanza,55,6.804772222624194,14690.564072523204,7.903985591229049,913802.0878508231,0,14.117745000603858,rural_saver
CUS04517,Mwanza,42,22.069115579238762,59309.37143777201,31.28304871505155,494838.7435839636,0,1.8908219859618436,urban_digital
CUS04518,Zanzibar,25,48.02330233125691,87269.3458369803,37.49260184934479,127303.135901512,1,1.0641234639071848,high_freq_trader
CUS04519,Arusha,38,28.475452169442754,37236.5668720868,30.535455055810893,579403.6233491518,1,0.307310383102279,urban_digital
CUS04520,Dar es Salaam,38,31.576472546617254,43345.39956699442,21.305732707674824,569223.1097674033,0,0.7894667297109104,urban_digital
CUS04521,Morogoro,29,5.478415076600159,13909.686721602347,4.123720344767753,1397585.8714964627,0,6.229231382228516,rural_saver
CUS04522,Dodoma,25,46.26506204731601,42755.29283811246,30.70289778740328,318011.45442490774,0,1.4978866993866906,high_freq_trader
CUS04523,Dar es Salaam,19,10.306580633850679,9183.905544466732,9.329436189837063,214260.39638887232,1,4.495219225966775,loan_active
CUS04524,Mbeya,23,49.85822101035484,81778.83001044962,46.161760127593695,272577.30571640056,1,0.9593293308333847,high_freq_trader
CUS04525,Arusha,40,0.15707759814056693,2976.761336433692,0.48049662401113535,41264.44610518635,0,3.0473856660237146,dormant
CUS04526,Arusha,37,71.68969531080327,69707.23641992506,43.84227972567889,268540.84282335447,1,1.9764837998742155,high_freq_trader
CUS04527,Mbeya,45,0.187704495622471,6817.879315415827,0.3484987208006461,18723.810459061056,0,108.87929426066682,dormant
CUS04528,Zanzibar,18,31.100971236397456,43298.612117256096,20.193906407622016,806017.9226491386,0,1.600577587866702,urban_digital
CUS04529,Dar es Salaam,34,0.5142861069880234,7004.303433387087,0.6556873612630125,79766.13577147234,0,75.77788611764916,dormant
CUS04530,Tanga,64,46.17495291342516,116524.43770270672,39.546160859559066,390792.1471003815,0,0.7171962088988664,high_freq_trader
CUS04531,Mbeya,34,7.188937562150989,13607.007702512115,6.479791507204782,807522.9163745351,0,7.7270669376066685,rural_saver
CUS04532,Arusha,18,0.36296493437398547,4992.476327455229,0.3728587472685409,30842.14455711939,0,86.51974082690461,dormant
CUS04533,Mwanza,47,7.241696181814218,18187.98748004465,8.50710401177039,905316.5509069103,0,11.914359965991837,rural_saver
CUS04534,Mwanza,31,7.914398679779151,16593.926914361342,3.9340493947624675,1152798.546288268,0,4.843327798299766,rural_saver
CUS04535,Mwanza,38,28.719814211969602,74664.3508832614,23.39987238186311,609320.1091137329,0,2.618805942645916,urban_digital
CUS04536,Dodoma,28,0.18083171939135856,3954.1579450881886,0.17928994043397617,24698.86776675851,0,70.37678059372837,dormant
CUS04537,Tanga,33,22.27249442039659,46593.94795534767,9.081769408599847,72866.70106489238,1,4.940412489333104,loan_active
CUS04538,Mwanza,34,27.62330526619328,40223.69842309753,18.753019199751677,606977.9023562577,0,1.7380646476983928,urban_digital
CUS04539,Mbeya,26,6.144439905534814,13014.081849536997,4.720289582590636,684660.2451704458,0,6.440083752103316,rural_saver
CUS04540,Morogoro,37,20.27319064054118,24687.519316213216,26.517304528680278,854848.6404981627,0,1.516903101316351,urban_digital
CUS04541,Arusha,30,18.356159082773715,43960.08786512045,20.00210211516062,143881.06724703196,0,0.7441961022648125,urban_digital
CUS04542,Tanga,18,14.355146893857377,30295.493310127273,11.858320702320277,90722.36838643954,1,5.7638164848431375,loan_active
CUS04543,Dar es Salaam,39,6.471681056991792,9730.138248454947,1.6687184664073182,987168.7757106634,0,11.491750696613662,rural_saver
CUS04544,Dar es Salaam,60,3.1439892623274592,18703.089448021005,4.5700327858402465,724008.668665951,0,13.0765706775286,rural_saver
CUS04545,Morogoro,43,36.944157978825245,46401.40227004453,22.8600625478995,563065.3041299544,1,2.1252216972747684,urban_digital
CUS04546,Dar es Salaam,50,8.252609483251875,41427.790814895016,13.734204292753924,195774.14895612386,1,4.740110379105378,loan_active
CUS04547,Morogoro,39,27.65083484660385,45283.32221695735,34.66272451582808,661448.7569673074,1,2.872971249684695,urban_digital
CUS04548,Dar es Salaam,34,52.13499568264607,62401.19514641461,41.90878287130473,290984.8545773397,0,0.9557631201398363,high_freq_trader
CUS04549,Zanzibar,35,30.94953805959243,23857.27744449888,18.43935685505165,502610.9335148282,0,4.367781835848399,urban_digital
CUS04550,Morogoro,53,28.273269891638936,15679.616947286282,28.52231181780092,689928.7906741081,0,0.7537867641363891,urban_digital
CUS04551,Dar es Salaam,18,0.6471768257499578,11967.979024762037,0.31533298708751417,74632.3116733951,0,48.85496384454876,dormant
CUS04552,Dodoma,19,20.383050870068708,35322.20890348774,20.78218733114541,689622.556757024,1,1.971335823645036,urban_digital
CUS04553,Arusha,34,0.5205516868171572,5831.579845952016,0.30136961342108437,66331.98095556574,0,107.78972243511032,dormant
CUS04554,Dodoma,30,38.880063401598136,49875.29789053172,27.447516556874817,810617.020386974,0,1.1982931781412414,urban_digital
CUS04555,Mwanza,45,63.62026463606924,93321.28021586256,49.15277092528606,358960.0325293889,0,2.045828379031958,high_freq_trader
CUS04556,Tanga,26,53.39408873383984,61567.52017700567,47.59415558040135,147140.05303787187,0,1.5345414290134705,high_freq_trader
CUS04557,Arusha,45,54.35739137061398,65277.99687353154,41.83654845754392,355841.8937252576,1,0.5833379536519672,high_freq_trader
CUS04558,Dar es Salaam,19,22.07394370486306,55072.70793858321,16.566703252109757,913547.9828047003,0,2.599088860221722,urban_digital
CUS04559,Dar es Salaam,40,70.02159797111838,76231.3017692225,37.55141103719212,199466.6609210805,0,0.4150126246041843,high_freq_trader
CUS04560,Mbeya,47,11.881693887601891,45910.7214601571,19.285417825083403,99572.37912790499,1,5.280117615825115,loan_active
CUS04561,Mwanza,34,26.507789348850846,55866.2686367296,22.011345360819544,1048747.4997527155,0,2.3768656014710046,urban_digital
CUS04562,Dar es Salaam,57,27.719591388166606,48424.73070642646,24.292169637899327,643807.6937250018,1,3.7489810214783077,urban_digital
CUS04563,Dar es Salaam,39,90.71757622021943,46223.015396334216,40.3828511815922,505693.8904190199,0,1.8381047603377234,high_freq_trader
CUS04564,Morogoro,50,15.803239912051803,60655.55374503812,27.177378509912494,893268.7074112685,1,0.7840103205150617,urban_digital
CUS04565,Morogoro,43,1.3057945769580617,5097.016090347299,0.17806839000372582,136158.8309479818,0,63.94441405207202,dormant
CUS04566,Arusha,41,54.57787802599078,101868.98565477197,33.06933487426159,174324.62744362548,0,0.7273913525084048,high_freq_trader
CUS04567,Dodoma,47,39.34227080030276,37913.939502504014,19.05767072665932,601901.8535697785,1,0.36486671078138255,urban_digital
CUS04568,Morogoro,47,0.540253169270053,8713.973785409138,0.0,32457.132972216845,0,46.682464635471504,dormant
CUS04569,Tanga,32,0.48976505142368765,8537.29967557266,0.3400797848205212,29991.621658692795,0,57.940586395039816,dormant
CUS04570,Tanga,29,6.714024832303974,12103.926842035411,2.125187075142213,631586.1838830379,1,8.189402343855667,rural_saver
CUS04571,Mwanza,48,21.180671180729398,32054.937565701966,5.044601127726115,0.0,1,8.672773434449487,loan_active
CUS04572,Morogoro,30,29.70762793831936,58952.43875463857,26.637978615255477,584865.9643385183,0,3.908633522232747,urban_digital
CUS04573,Morogoro,41,6.074913568831197,15273.106767970554,5.149414029162663,1037876.2679575315,0,10.10354670703516,rural_saver
CUS04574,Mbeya,27,52.05611011742053,126166.37145685469,39.83798454814171,539771.3703992222,0,1.3273144520827722,high_freq_trader
CUS04575,Dodoma,32,33.42910671724646,42258.27288470819,36.98705920716303,703605.5771295795,0,2.5198006759887073,urban_digital
CUS04576,Dodoma,36,69.98461406612998,82595.33295863692,43.2534123422991,329764.8664602668,1,1.5208991296404253,high_freq_trader
CUS04577,Mwanza,41,23.792955050442472,28816.189035687486,19.810962504758017,476049.2177005514,0,2.3373293495857714,urban_digital
CUS04578,Arusha,49,5.181863488737573,22923.116524775658,3.257339951468325,316063.0218954715,1,10.188641371208584,rural_saver
CUS04579,Arusha,18,27.4055400069029,31171.249956896194,19.199352466901683,752344.9998778079,0,1.3512340333759707,urban_digital
CUS04580,Morogoro,46,0.5654402705642267,9257.639053226623,0.4695807988072468,33106.17929142755,0,72.55802285099006,dormant
CUS04581,Mbeya,47,75.95164339673637,130017.26241709865,50.41984412356989,572019.1761404376,0,1.2036711827371571,high_freq_trader
CUS04582,Mbeya,40,52.92776541855899,128337.71461116656,28.988636415475852,654669.7241213676,0,1.4438240493817749,high_freq_trader
CUS04583,Mbeya,35,4.74824237922013,25520.560687744797,11.427254307733353,200849.66893890355,1,4.642416778825295,loan_active
CUS04584,Dar es Salaam,36,0.0,15097.409203661155,0.1866199005767945,73662.7617939296,0,103.07124161523525,dormant
CUS04585,Arusha,62,63.33590076364403,83548.73430454764,47.41884138051289,199913.357702822,0,0.8145525563899908,high_freq_trader
CUS04586,Morogoro,25,4.674400653106307,18724.72959040503,7.593281114124672,624490.4219904302,0,6.054348283772915,rural_saver
CUS04587,Dodoma,39,12.148183363686101,29890.716847524578,8.801427326378949,150490.19261761828,1,2.6063967780049944,loan_active
CUS04588,Mbeya,39,1.106666052589849,13322.58088514123,0.22194771702982102,76816.63706443644,0,61.37999653011761,dormant
CUS04589,Tanga,47,13.326439923799946,22360.936857176057,13.33302062862134,83711.68907860882,1,3.960047515140574,loan_active
CUS04590,Mwanza,29,31.222751843064785,47113.33363726039,16.653463114627915,367339.9402140904,0,2.6300317127095116,urban_digital
CUS04591,Tanga,37,4.9867892112921455,16079.155284901612,1.4964558131527115,927506.7051605653,0,5.78948621588944,rural_saver
CUS04592,Morogoro,22,66.99878414673289,98544.99499409042,31.083747320637894,19347.313329833036,1,0.05031069584563219,high_freq_trader
CUS04593,Zanzibar,45,41.405134271679685,33456.09981901721,26.31476803397033,452678.4920591888,0,2.1839735506352445,urban_digital
CUS04594,Dar es Salaam,36,34.117091680653026,53727.829968781356,29.18815577451063,476777.2018758868,0,1.6591059026696695,urban_digital
CUS04595,Mwanza,46,18.101312493135865,37914.75582097247,13.041512962946808,85387.8232174663,1,1.856171014061665,loan_active
CUS04596,Morogoro,18,8.689988678122589,14420.51037318572,5.622201633678904,411206.82639430766,0,10.327818563832073,rural_saver
CUS04597,Mwanza,34,28.94771047844494,37731.821056348635,22.26662119518145,518739.51884314115,1,1.782477161473126,urban_digital
CUS04598,Dodoma,46,4.834579292280169,12492.623182650656,3.592053453664354,1145928.3625259146,0,2.2946884214409895,rural_saver
CUS04599,Dodoma,36,4.628789958030499,14557.566476273683,7.8497820839089325,1089544.7456754516,0,15.779631410530456,rural_saver
CUS04600,Dodoma,18,0.6846501584025126,9216.680530488631,0.5740068935564547,47607.75689988137,0,45.368631326066634,dormant
CUS04601,Mwanza,40,24.08294058906812,31378.59045709625,9.793037926076682,95917.94021881091,1,5.678334725619932,loan_active
CUS04602,Arusha,49,11.606486226419532,39530.638311920964,10.270904887210536,142330.48364129214,1,3.496924925845896,loan_active
CUS04603,Arusha,20,0.8641814920593957,12505.93572074169,0.389972530158338,39520.034030674404,0,22.13869589102778,dormant
CUS04604,Tanga,43,1.5825127469542826,12640.804339957796,0.36069560082489416,2673.904359949287,0,87.69551352158751,dormant
CUS04605,Mwanza,47,3.7761647464227353,12550.254161000415,5.770225747717444,1478343.7654059385,1,6.00155187869618,rural_saver
CUS04606,Mwanza,36,8.700407384268404,23119.73627483609,11.063742170183055,316854.8356519926,1,3.3024272311048115,loan_active
CUS04607,Mbeya,53,25.163697927790054,23797.98587072297,28.009785867540124,637265.0068606072,1,1.8582961377527707,urban_digital
CUS04608,Arusha,18,24.972767646128226,32075.396563063776,32.31853462940088,160276.102977829,0,1.9244924101816454,urban_digital
CUS04609,Mwanza,18,9.07477517876243,44579.90368245325,15.541360788992954,116615.1867343644,1,3.1386725623464864,loan_active
CUS04610,Dodoma,29,19.702848830019068,44996.467960065354,0.0,0.0,1,5.27363512845194,loan_active
CUS04611,Mwanza,25,5.93410189287379,13763.804626768935,4.052856239753016,629727.1558926344,0,7.302532445523617,rural_saver
CUS04612,Mbeya,47,0.0,7297.836062285061,0.5408920700373816,40232.45319162757,0,67.93033722392461,dormant
CUS04613,Mwanza,52,9.469165441633852,26285.426124127618,4.11897436058997,552849.7299310062,0,12.292008204746566,rural_saver
CUS04614,Mwanza,40,3.9022746001512068,16276.391172793383,2.4142764530466416,856003.7173330935,0,11.524744716224077,rural_saver
CUS04615,Mbeya,32,25.420999587270185,37861.54876116146,23.045788060484064,425662.09366229567,0,0.0,urban_digital
CUS04616,Morogoro,18,27.207948096106584,31072.189806709677,22.089286049106487,823983.1032343481,0,1.466861615299691,urban_digital
CUS04617,Mbeya,51,5.407682694256256,16154.02829244423,7.053855425762308,1257840.9239401154,0,6.353913040609623,rural_saver
CUS04618,Mwanza,41,5.319423579502253,17242.445953733342,3.7549450053747058,1497672.6403620709,1,13.665016114087818,rural_saver
CUS04619,Dar es Salaam,29,9.240024435953275,4977.136149275868,3.869221021379527,631780.5319688586,0,12.765322683966996,rural_saver
CUS04620,Tanga,28,24.86768943192817,47445.68407431689,17.633977369927468,666643.5496314745,0,2.733648230226174,urban_digital
CUS04621,Dar es Salaam,29,11.24431371703391,32018.419340238037,15.505360249382518,217677.40055392688,1,4.040631446775987,loan_active
CUS04622,Arusha,26,0.9426567249000738,3344.1721943684615,0.3067145690298781,31827.09838144321,0,71.56622384353791,dormant
CUS04623,Dar es Salaam,21,19.87074021215403,56995.86918232011,12.416036668062594,143273.11517386232,1,7.314270302864309,loan_active
CUS04624,Mwanza,22,37.12643805573077,35963.199340711915,34.84047018636479,456575.8683402627,0,0.4404254680145365,urban_digital
CUS04625,Zanzibar,48,0.0,12822.076834625239,0.0,27947.822821519127,0,57.967826403062574,dormant
CUS04626,Zanzibar,27,72.20998834537892,121757.37717815633,33.70829444754348,502440.1084150578,0,0.6226560484447791,high_freq_trader
CUS04627,Tanga,26,5.818426196315982,10806.53185700438,4.462822909604035,117180.48258051532,0,5.641281160877439,rural_saver
CUS04628,Mbeya,34,24.128434703594003,56318.06696443539,26.523005332577775,566891.5919985271,0,2.782877800372292,urban_digital
CUS04629,Dodoma,36,18.410087533848937,36565.2470474402,26.796080736084804,511457.3903446684,0,1.0978168859842474,urban_digital
CUS04630,Tanga,37,18.797031838683317,44584.11831965623,24.442330291885124,510095.6640433384,0,3.018403587779144,urban_digital
CUS04631,Mbeya,74,7.455506291047847,15797.311712637129,6.4623631828328225,559381.2361404647,0,8.155064638138105,rural_saver
CUS04632,Mwanza,40,7.0156074644428585,18475.082689650397,5.306699351420379,923646.0717274272,0,2.518783807804409,rural_saver
CUS04633,Dar es Salaam,23,34.111891748437,31131.818323811,18.58955921902163,396224.2730742652,0,2.5365847973568654,urban_digital
CUS04634,Zanzibar,57,1.4571381839151587,9145.485790436675,0.3372617503994157,43771.190844719764,0,93.6098734904142,dormant
CUS04635,Mbeya,30,20.71660288877948,26453.234608187824,20.299707996367285,710670.0916874039,0,3.2710276918001187,urban_digital
CUS04636,Mbeya,41,8.16381670422426,10846.192972930512,6.366106016944427,1310745.9585256672,0,11.95824686299181,rural_saver
CUS04637,Dar es Salaam,34,1.1422184321216935,11892.846184502198,0.4542338307633501,69891.56902360836,0,49.61463075705224,dormant
CUS04638,Tanga,28,21.39097585199625,44782.08647221277,29.584044362932715,598589.2169566334,0,0.953200126223976,urban_digital
CUS04639,Dar es Salaam,44,32.70306255914641,30513.484113709637,25.908592995650938,686388.6643890338,0,1.344790177499654,urban_digital
CUS04640,Dar es Salaam,39,37.03935407398653,17727.668268926333,24.258514163675628,238730.00229314854,0,1.2214255635380533,urban_digital
CUS04641,Mbeya,53,33.429900074936086,48168.256116838245,27.36813779380351,384300.2282070707,1,0.0,urban_digital
CUS04642,Tanga,21,8.694399988586392,18750.270404338793,8.457931715178043,358854.4520074064,0,10.540424522954291,rural_saver
CUS04643,Dar es Salaam,46,30.368845022556897,49173.880776081154,20.552024291099123,586261.3136614064,0,1.6046011813603773,urban_digital
CUS04644,Morogoro,18,33.884840933801556,54224.41947964032,28.801936730558396,794693.0106957508,0,2.3395467797037415,urban_digital
CUS04645,Mbeya,53,8.073402794451049,20593.508677568378,2.857839499673366,65935.50077420873,1,3.949062657879381,loan_active
CUS04646,Arusha,47,12.812628750351113,19836.29713171871,10.664753585986226,134882.90060666978,1,3.4357361496180845,loan_active
CUS04647,Zanzibar,33,19.54069208561453,25010.76613474124,26.334178022079207,477205.90107944707,1,0.7502356363202858,urban_digital
CUS04648,Dodoma,37,5.799254860587651,18932.759353720878,0.6556795875331489,1001275.8036962794,0,14.107226636435268,rural_saver
CUS04649,Mbeya,39,5.282071568899732,17064.497568413935,3.497707641415827,978693.1161606365,0,8.856053101009152,rural_saver
CUS04650,Zanzibar,47,87.43761512371003,99746.36301972193,20.526578477118345,200060.55113158558,1,1.4609815558837709,high_freq_trader
CUS04651,Dodoma,31,67.33868153444266,105181.01202744774,30.213542187027336,375734.1930579352,0,0.27645173439332715,high_freq_trader
CUS04652,Dodoma,35,30.126513092645574,46176.191138951355,31.182935548867114,745701.48050455,1,2.8176015459243358,urban_digital
CUS04653,Dar es Salaam,49,25.871078827067873,56883.71583815223,20.284605502626345,585544.2777741139,1,2.731675651010697,urban_digital
CUS04654,Tanga,48,4.128903618702933,14230.353136577696,3.0398684739550488,1222597.8928288685,0,8.083626024026243,rural_saver
CUS04655,Zanzibar,30,15.225474549348256,35489.5347839538,13.854855170838125,120878.57808514174,1,3.7394485486921694,loan_active
CUS04656,Dar es Salaam,23,17.445432028019805,43789.67256501323,16.532614862530423,182271.39518598368,1,4.710748488043002,loan_active
CUS04657,Morogoro,33,36.51632934834645,47536.52327480226,22.85654865940064,406394.9778037267,0,1.719383485563033,urban_digital
CUS04658,Mwanza,30,0.0,6261.282902309176,0.12945083000161273,62556.88426963496,0,69.64707282245361,dormant
CUS04659,Mwanza,26,19.273099396510435,32485.86094671311,29.0194228933403,262203.25403699256,0,1.4927797413439539,urban_digital
CUS04660,Morogoro,39,0.01033808176382639,9278.093248629255,0.4295414916345145,0.0,0,98.0104826907111,dormant
CUS04661,Dodoma,21,9.095164049919768,30409.378274021707,4.884793134403612,107700.75053131572,1,4.59805063479138,loan_active
CUS04662,Mbeya,31,6.6288826733453785,17227.16043535422,9.412059067795322,1178608.7448661723,0,2.9239382926855537,rural_saver
CUS04663,Mwanza,32,38.72089780426819,74692.35407029613,20.562321320212753,482755.440180874,1,1.8028410443591287,urban_digital
CUS04664,Tanga,23,0.8174495602052301,18862.071983374102,0.6913720075006357,106073.79642970278,0,38.117301438369815,dormant
CUS04665,Morogoro,44,9.352896949508361,21786.632662590946,5.207629651904116,677132.0054074686,0,8.388371696947651,rural_saver
CUS04666,Mwanza,46,64.84665319736789,125500.8083585162,52.88655915228544,173196.35369786486,0,1.2315180908299643,high_freq_trader
CUS04667,Tanga,19,6.981946779901605,12127.21089991233,3.715765699362042,795233.6768871914,0,9.658712504272328,rural_saver
CUS04668,Dar es Salaam,59,17.369413233711853,49041.18377402458,10.201884854260996,225714.22371710849,1,5.310659103024133,loan_active
CUS04669,Dodoma,35,13.465424213126017,45123.68882927603,20.157235299975007,916338.6122620259,1,4.555476770739824,urban_digital
CUS04670,Morogoro,27,23.43495051217149,24476.772145534094,29.533227025922496,433053.9378873261,0,3.2281070389619506,urban_digital
CUS04671,Tanga,37,5.091983172878519,6219.657896135182,0.0,1129109.4154924913,0,11.428839223854277,rural_saver
CUS04672,Mbeya,28,23.763000507117525,62617.592368067926,15.079894065406554,506301.2780317958,0,1.9995876117599571,urban_digital
CUS04673,Mbeya,37,31.245444697286068,30415.29163581483,23.27997293507835,686380.2003368109,0,2.0047869783288133,urban_digital
CUS04674,Dodoma,45,0.0,1330.7990331300498,0.34017862867771775,31748.537648135985,0,64.03956402043664,dormant
CUS04675,Arusha,34,22.066971361138428,16041.114098255919,32.285143918339514,841968.6959378531,0,0.8792524241792397,urban_digital
CUS04676,Arusha,36,20.389488492699655,44280.485625120105,22.25994522680367,384388.7678333544,0,1.741257127773721,urban_digital
CUS04677,Dar es Salaam,51,12.712626039958138,23254.481896405807,34.47819133028992,528192.6018404168,0,2.0097291527916408,urban_digital
CUS04678,Zanzibar,41,16.55853764760801,60951.02504568908,30.30185896144308,601231.8456124464,0,1.629403202649974,urban_digital
CUS04679,Tanga,35,16.23289778986752,37673.59392606276,11.929175115669421,101653.351935049,1,7.9865331383477205,loan_active
CUS04680,Dar es Salaam,18,17.708554189889494,32278.74691266497,14.20088998417921,158319.42744181858,1,4.829761992432146,loan_active
CUS04681,Mbeya,34,26.31989712237628,37648.25225634817,25.869399066244515,663160.4496884531,1,1.2859978610356588,urban_digital
CUS04682,Morogoro,42,63.880423314587894,85539.13940902003,48.86037527629549,391802.19264215144,0,0.0,high_freq_trader
CUS04683,Arusha,19,56.64767839242078,97581.37172842176,38.20338719805798,334873.9838575256,1,1.393372458026724,high_freq_trader
CUS04684,Dar es Salaam,31,6.709881106551341,39425.57932787838,14.67141316905618,17148.06921334262,1,4.580384922196159,loan_active
CUS04685,Zanzibar,32,11.05171495895529,10881.996355128085,2.706194880611758,689114.3634777924,0,3.2347664081028373,rural_saver
CUS04686,Tanga,18,28.869189428201288,36398.644424315586,21.61890421707826,889215.0514543499,0,1.741323761741275,urban_digital
CUS04687,Morogoro,55,6.539253799214604,14687.953398982823,3.251668552584256,909842.9999662305,0,4.745442707375472,rural_saver
CUS04688,Tanga,44,19.754087650601598,31122.04257095975,2.9577296280052137,0.0,1,9.00940766780965,loan_active
CUS04689,Dodoma,23,48.61525244235053,82315.71443691617,37.949337461673124,336219.2062100326,1,0.5388670462930201,high_freq_trader
CUS04690,Morogoro,35,5.836906605909363,6228.43734344421,2.353848126844513,853758.5436613318,0,16.013740864358095,rural_saver
CUS04691,Zanzibar,18,16.795817804523693,49017.763764036645,19.453212344343804,538353.0290045775,0,2.5176835176946453,urban_digital
CUS04692,Dodoma,18,69.62340156016293,89028.14285609568,50.13742983556417,519244.57540289976,1,0.28779024746649895,high_freq_trader
CUS04693,Mwanza,28,21.507252606079874,49437.709513464586,13.91220451303703,116032.06553853856,1,6.0884939463724415,loan_active
CUS04694,Dodoma,34,6.0275398161032845,14538.957245749589,0.003314504454404954,657148.2940909412,0,9.653233427824553,rural_saver
CUS04695,Mwanza,54,0.2947380045229302,8144.428800296096,0.1778971092067293,0.0,0,90.72455070475011,dormant
CUS04696,Mbeya,35,3.671643891383161,12935.754770135818,6.999908491932885,668579.0692050849,1,27.307682962440524,rural_saver
CUS04697,Mbeya,31,7.763420879597942,18883.734357852445,2.6754741770913384,379067.0634409497,0,12.975429617174754,rural_saver
CUS04698,Morogoro,18,9.290391899791924,22223.679690530626,5.549035728150661,816413.5663893301,0,9.302581115157142,rural_saver
CUS04699,Arusha,18,67.76590290456333,119307.68135589559,24.39522910697276,261518.16482899545,0,0.8537976808677565,high_freq_trader
CUS04700,Dar es Salaam,25,21.655184781948222,21491.102310643102,2.203208309364973,40044.187690074585,1,5.9626845342456605,loan_active
CUS04701,Morogoro,32,7.0552984588790855,16663.1402026364,0.0,1055270.2403741262,0,9.507272914295807,rural_saver
CUS04702,Mwanza,53,9.787749578387952,11450.905679691426,3.6686787631247437,999293.9875021067,0,8.91086277432441,rural_saver
CUS04703,Dar es Salaam,63,7.615315291076868,14626.410975095594,2.2721197231058516,680698.7261553511,0,3.626711055426618,rural_saver
CUS04704,Mwanza,18,27.809291895517173,28457.422496198116,24.909879459567005,439858.8007227533,0,0.4892282062095974,urban_digital
CUS04705,Dodoma,39,24.40080345028655,35072.31760434462,21.488408184065335,447160.13312726165,0,2.888005254989031,urban_digital
CUS04706,Dodoma,24,35.795571920451415,39017.652113666176,25.623574277163243,672822.9178756495,0,1.2695548537372314,urban_digital
CUS04707,Mwanza,35,4.860159462855515,13206.719006328318,4.906346962038531,573897.7077584767,0,7.419745845638139,rural_saver
CUS04708,Zanzibar,20,22.382509659581864,48167.66050746249,22.210839357809615,731581.1430456022,0,3.7521344949006865,urban_digital
CUS04709,Tanga,37,5.574465312748783,15105.700470265218,2.182651872631489,1355129.6241384805,0,7.421325491410872,rural_saver
CUS04710,Mwanza,31,49.125511642067295,114158.67028590497,46.12281964662116,319593.6788993767,0,0.7501646870424974,high_freq_trader
CUS04711,Dodoma,41,24.990909737117555,20561.570033055777,18.710737133649765,353925.0123044824,0,3.33330959116578,urban_digital
CUS04712,Tanga,34,0.9824862528225273,10038.353399112386,0.6249031969897605,50807.8497280043,0,105.31343627679189,dormant
CUS04713,Arusha,27,9.875568812516107,47417.01562184559,11.67917313010131,244935.61015017546,1,2.19306569094004,loan_active
CUS04714,Tanga,18,0.0,9445.108319721405,0.17155925813248452,72667.60587238692,0,75.63309396027105,dormant
CUS04715,Zanzibar,27,28.494483602684397,50588.663890012846,12.918574669042778,583304.4297625882,0,0.8897858692755778,urban_digital
CUS04716,Dodoma,30,6.247038117014679,11467.273732020469,0.027712636865909968,934689.8682832232,0,6.246857740225401,rural_saver
CUS04717,Mbeya,54,0.5220064107876878,7008.440440079355,0.3496227782285821,48541.785989771284,0,91.39388172853802,dormant
CUS04718,Tanga,32,5.969731346430928,11891.934388546673,1.126317395777781,1093904.4974206816,0,19.39018715912117,rural_saver
CUS04719,Arusha,18,18.009991968378493,52845.40831361315,34.4939475550738,337544.8515392238,1,0.15099721434778957,urban_digital
CUS04720,Arusha,24,6.617927270485313,20083.543205794158,3.8671211709454285,1034825.8390250503,0,14.880742953746825,rural_saver
CUS04721,Mwanza,37,8.107151991331428,17271.068580978354,5.177466215120971,701644.8899884158,0,5.622055852263629,rural_saver
CUS04722,Dodoma,19,28.67062496913753,46424.14534527346,27.905987995443866,395959.27611936466,1,2.020650949636033,urban_digital
CUS04723,Tanga,47,1.4443378076139068,7722.198024148754,0.19350973111742814,15689.772866086605,0,96.77308276244229,dormant
CUS04724,Mwanza,34,32.91100107120646,44267.602211009296,27.756289698625395,435235.5755226867,1,1.4573381252289526,urban_digital
CUS04725,Dodoma,18,6.534094138012343,5934.196745412148,7.73937666715451,1385559.3406011197,0,12.309446661909147,rural_saver
CUS04726,Morogoro,48,61.006366509943355,35106.8220593892,37.66268476237554,226836.1594296022,0,1.8342386194873481,high_freq_trader
CUS04727,Tanga,43,28.49450581542599,49659.57069072895,25.917186371584865,363936.3173720774,0,2.6900575972165592,urban_digital
CUS04728,Zanzibar,18,0.0,9810.995907519442,0.6016923591411585,49542.70233221404,0,64.98517149749227,dormant
CUS04729,Tanga,55,6.308665384914717,13826.231818958646,3.502449988579835,1358677.2019980927,0,8.617192131824947,rural_saver
CUS04730,Mwanza,23,5.375815550786925,15331.438572000741,3.649814281110119,1111735.3607603116,0,9.186581157891906,rural_saver
CUS04731,Dodoma,40,16.717958734208615,42863.7857449068,11.807750161305409,292342.28225905297,1,4.133280513125413,loan_active
CUS04732,Morogoro,31,6.952088049666278,13821.919245968584,6.266797899242264,986471.0057395089,0,13.002382512455418,rural_saver
CUS04733,Zanzibar,26,26.507855435037815,53823.49613101199,29.39492935669782,568102.5386346165,1,0.0,urban_digital
CUS04734,Mwanza,18,10.266173003707806,38111.935851441405,9.571726092745664,77293.1021433149,1,5.3054065945524105,loan_active
CUS04735,Mbeya,60,73.29504634431906,115272.26807528101,38.09664227910459,352889.624942227,0,0.19777590343973295,high_freq_trader
CUS04736,Dar es Salaam,43,0.8748826091714272,11762.411735655383,0.21463666675332543,83779.30256011696,0,47.59542765348459,dormant
CUS04737,Dodoma,58,24.239156957925406,55928.54760275279,25.518762375158577,641923.476587912,0,2.4043763245521754,urban_digital
CUS04738,Mbeya,44,29.051718431191617,51671.5861103128,27.51761179926707,371117.0654075864,0,1.8369768209636566,urban_digital
CUS04739,Dodoma,58,0.03408818208024794,10718.532489849911,0.07259176599687084,111263.39416979838,0,69.42886347665669,dormant
CUS04740,Morogoro,35,26.963738809870314,44358.36166987363,31.83295295754657,416486.4869324138,0,2.539536764803432,urban_digital
CUS04741,Mbeya,48,27.43404694620616,55157.30968110067,24.883933205281103,793275.7081151387,0,2.6502050619467634,urban_digital
CUS04742,Dodoma,31,56.27901761372788,117661.23411745389,38.74548211342985,89900.87963918294,1,0.6386488118268584,high_freq_trader
CUS04743,Morogoro,18,28.767232429092743,57170.62115631415,31.42886981593237,658540.2717771601,0,1.8228555053845639,urban_digital
CUS04744,Dar es Salaam,60,20.924065208371218,42651.49311357444,27.97797048776545,561425.7627736323,1,3.8316482067264994,urban_digital
CUS04745,Zanzibar,53,18.19153468130438,67186.01232151593,23.83237903267627,553431.2412828946,0,1.2000305153511843,urban_digital
CUS04746,Mwanza,21,4.615992598742562,12177.44252318086,1.2414977239633815,680800.9632789535,1,6.930547640045086,rural_saver
CUS04747,Morogoro,45,1.2972598449698443,7388.797445798462,0.4122102545158457,75853.73759269441,0,115.49874942796771,dormant
CUS04748,Morogoro,37,13.760845104894871,24272.633157385535,11.352378546538487,234983.72904312474,1,5.283863513476553,loan_active
CUS04749,Arusha,28,16.781284313529966,46757.62256848637,27.661375048206388,590863.3848424881,0,3.1568861062177684,urban_digital
CUS04750,Zanzibar,32,30.65073594566657,45513.07641693168,13.857336626887944,562562.6671072297,0,2.1339895272877465,urban_digital
CUS04751,Morogoro,29,4.199930712836222,16169.831333531332,8.887410892278291,248312.03850498772,0,7.824862197997213,rural_saver
CUS04752,Mbeya,27,5.790619707958095,13279.716861035218,5.203607776547305,827462.9321471609,0,15.118677317847686,rural_saver
CUS04753,Mbeya,51,6.099543869993524,21087.945386418683,6.066327693061596,1307210.758403538,0,13.0781342640986,rural_saver
CUS04754,Zanzibar,30,13.283571383300972,39406.216810167,1.4136394676935353,23612.728360494482,1,5.999966931063499,loan_active
CUS04755,Zanzibar,37,4.787174126688899,13222.161314555395,4.383738853378857,205882.17996587662,0,10.129632879296949,rural_saver
CUS04756,Zanzibar,34,5.75254113096295,8084.56492043458,1.8036095527129588,1357045.7155364072,0,13.231259557689876,rural_saver
CUS04757,Mwanza,37,12.796584823024544,32125.01976792703,8.639988116459648,265513.7356725759,1,8.85497269766428,loan_active
CUS04758,Dodoma,18,25.523809740159912,29049.270417241063,17.009650944137377,889871.2729060906,0,1.5596629129122506,urban_digital
CUS04759,Arusha,27,8.747027520382288,21615.737467589766,7.3371782082589725,170694.62989970265,1,7.055553938764239,loan_active
CUS04760,Dodoma,36,5.076680493623441,14402.094625948863,2.388926479900368,1025342.9585048542,0,0.0,rural_saver
CUS04761,Arusha,32,6.517537225127528,20897.974651113163,0.42740981973803516,523352.64804583,0,0.7144965666435183,rural_saver
CUS04762,Tanga,37,19.23032656621057,38966.38823659406,10.315976335125294,131382.0936071673,1,4.144259162324145,loan_active
CUS04763,Arusha,50,2.8982147891963628,22315.577235876364,2.524721590303187,1067303.6562913326,0,5.385442334398916,rural_saver
CUS04764,Mbeya,19,8.162926332231574,7146.687012121792,3.8528591638617407,962209.9107158912,0,1.5178212794156067,rural_saver
CUS04765,Dodoma,44,21.738861417990833,29243.349100916188,23.388031187705426,421544.7756643386,0,2.1802702733178827,urban_digital
CUS04766,Mwanza,30,0.0,5487.105343237985,0.34086483445634147,63589.35557958729,0,62.04608069051598,dormant
CUS04767,Dodoma,20,0.3510682266841741,16656.789226028457,0.3939728962863086,51196.26000401231,0,49.819830569941736,dormant
CUS04768,Dar es Salaam,31,26.720750965434135,58564.50208784721,23.00430051967138,568737.7305055532,1,0.25832706318446363,urban_digital
CUS04769,Arusha,34,65.35237167857184,93865.79834549455,32.2871985832336,333811.4804242316,1,1.1087710786085951,high_freq_trader
CUS04770,Dar es Salaam,45,1.2702996075248774,4532.439457455821,0.0,37605.118678385996,0,87.18171966447373,dormant
CUS04771,Dar es Salaam,43,5.582768811860725,9290.449599101143,3.264308858369055,677678.0869201743,0,2.2455829618506016,rural_saver
CUS04772,Dodoma,41,24.64311824783967,40302.29882432061,28.223888757226035,611172.8712567118,1,2.6727969037391635,urban_digital
CUS04773,Dodoma,27,4.269976857519305,7636.085127796204,2.1972145307422792,930909.8810687278,0,6.96256995320123,rural_saver
CUS04774,Mbeya,32,34.12866511504172,39791.85543506579,32.56989736483296,570379.4463548895,0,2.3827821927778086,urban_digital
CUS04775,Dodoma,27,27.33002562517712,50027.03773064655,27.990698262364596,705212.3175569695,0,2.257682352927515,urban_digital
CUS04776,Mwanza,40,4.908240296711859,17287.513781045524,7.395837847252915,830384.6715604467,0,5.612004982187453,rural_saver
CUS04777,Morogoro,19,29.2513399111647,61597.94849537527,20.817335706757632,855513.8415260236,0,1.3578933946310872,urban_digital
CUS04778,Dar es Salaam,27,37.51212363126144,58695.13135856935,21.609683371701603,709083.7334417063,0,1.647087312808934,urban_digital
CUS04779,Tanga,18,0.0,9039.349205975115,0.3200298295812411,32201.85545820342,0,57.151592844095624,dormant
CUS04780,Dodoma,31,5.274556586888355,10623.838989498989,5.928791867034825,1054950.7860205777,0,12.09087849471035,rural_saver
CUS04781,Zanzibar,45,14.725951086707799,52713.09694197685,12.576073959547498,126121.42358619525,1,6.787725906739184,loan_active
CUS04782,Dar es Salaam,29,16.29858651335674,31714.30194521108,8.421561525787713,63988.269003777415,1,5.360984609246732,loan_active
CUS04783,Dar es Salaam,48,0.8120089434160431,14748.730055192693,0.4122603692832041,46845.60933014223,0,74.62472822386204,dormant
CUS04784,Mbeya,39,16.938512988052494,36937.36046729539,11.058281512681392,35710.600138430644,1,5.780952820418376,loan_active
CUS04785,Dar es Salaam,61,11.324051828673175,40911.69570629036,9.387709831783194,58371.11709187056,1,4.418638106984122,loan_active
CUS04786,Dar es Salaam,37,1.4538896672419765,15831.708459588155,1.9788689804816864,1313062.942239643,0,10.743639979757075,rural_saver
CUS04787,Dar es Salaam,47,60.07343254233623,75028.52392778825,37.11268331778345,230390.82802676008,1,0.05394933988050865,high_freq_trader
CUS04788,Dar es Salaam,26,39.681230089505526,39813.40950413215,29.874759774418674,573179.4179912866,0,1.6182159864075165,urban_digital
CUS04789,Tanga,31,0.8030911536946711,5922.880160905554,0.0,49402.50805746218,0,61.12129290152301,dormant
CUS04790,Tanga,37,5.891381470501396,8301.46594237422,6.917730597014639,1143793.2637217753,0,9.923491558760137,rural_saver
CUS04791,Mwanza,29,39.279110409970286,42136.04265127802,29.944896970584015,333072.51480238396,0,3.6844720456406934,urban_digital
CUS04792,Tanga,46,20.995314275697368,44427.306566903324,30.319883704197895,447295.06198397756,0,0.14551080846629372,urban_digital
CUS04793,Tanga,39,11.078288389104502,22280.94441849937,6.895546511007713,101225.50801345808,1,6.529427709574015,loan_active
CUS04794,Tanga,22,7.145881951679145,15142.16055695971,2.7602770942008767,667090.3926917764,0,16.356011458562833,rural_saver
CUS04795,Mwanza,31,21.185033840086405,54978.335878545055,23.789284955041797,711079.3673285202,0,2.6182358508484804,urban_digital
CUS04796,Dodoma,27,18.730446675291617,56074.77884899247,23.81887366894655,537940.2091117534,0,0.5558335697357293,urban_digital
CUS04797,Zanzibar,25,5.687789688451947,20696.46866933905,5.284389292630841,847085.5169368242,0,0.0,rural_saver
CUS04798,Dar es Salaam,43,62.00552606082926,70895.87460454664,29.388539233940115,372022.45795771485,0,0.63930131820813,high_freq_trader
CUS04799,Morogoro,28,48.27818321015406,71807.81869757437,54.42482137373847,132446.59382938477,0,1.9828744606249626,high_freq_trader
CUS04800,Dodoma,36,8.70598181388046,9889.917156062467,4.276535032135968,1225776.1237094582,0,9.66356197618852,rural_saver
CUS04801,Mwanza,57,32.46661769206917,34176.08223833423,35.20177499133246,807544.8841535944,1,1.7651771734596122,urban_digital
CUS04802,Mbeya,18,25.871112601069072,39334.098090352534,29.730826997130634,319888.4610221264,1,2.084159241372947,urban_digital
CUS04803,Zanzibar,30,6.1382008875290435,18440.90367343084,2.6418890377514224,546057.8207137779,0,12.112511482305795,rural_saver
CUS04804,Dar es Salaam,38,71.05025481316152,96043.49252859413,54.31371960441518,399625.41609492333,1,0.6706303925785155,high_freq_trader
CUS04805,Dar es Salaam,23,56.35812846403968,61817.82462692991,44.71311934187181,450017.5795953376,1,1.1047291994496091,high_freq_trader
CUS04806,Dar es Salaam,54,4.9549252187130595,12591.834852033955,5.117173003541189,976807.9085836033,0,8.522470632402595,rural_saver
CUS04807,Morogoro,27,0.0,9687.521931722225,0.3113129118927117,42029.53087920644,0,74.83614683053412,dormant
CUS04808,Dodoma,41,7.305630764605051,8432.160342895411,4.655629282577672,696670.9604766376,0,8.400372706102049,rural_saver
CUS04809,Zanzibar,59,0.4821022598668679,11731.917865498528,0.6134689975229324,59263.03699368694,0,88.6518044371924,dormant
CUS04810,Zanzibar,31,3.1733420176588463,20380.682282485464,7.089692403206085,1030101.2587758885,0,17.095021953267235,rural_saver
CUS04811,Zanzibar,18,0.765303630948149,5503.542846328172,1.1133662516814131,73665.05997949783,0,75.93076155367135,dormant
CUS04812,Dodoma,34,6.503837379571372,9071.75243411363,5.51983473211579,149341.09508173564,0,8.30342005765941,rural_saver
CUS04813,Dar es Salaam,32,15.084114749790666,34356.82279305268,15.51890711744101,180470.32460304792,1,6.592176962414488,loan_active
CUS04814,Mbeya,38,6.853997972595644,8457.56015649629,4.516205669883178,672537.370801477,0,10.302020688812892,rural_saver
CUS04815,Zanzibar,49,38.83780880979283,26275.649235908324,23.431015788491674,407982.5823191706,0,0.974970780635515,urban_digital
CUS04816,Dodoma,29,27.818948071644755,42362.74660362121,27.867505801271193,623086.4870491596,0,2.3228440999815767,urban_digital
CUS04817,Zanzibar,29,8.094174817453897,8939.339325981848,3.828040501742516,1229076.4470148517,0,0.0,rural_saver
CUS04818,Arusha,39,10.576881666861034,22092.958999734576,4.283265814112263,608856.7070217044,0,12.834646732346824,rural_saver
CUS04819,Mbeya,44,0.0,8641.276674358238,0.15394478819203963,54849.69488381056,0,113.8685529424782,dormant
CUS04820,Mbeya,44,66.91289559189256,88866.38883841259,43.31579670006298,191547.2652783256,0,0.9033157618443447,high_freq_trader
CUS04821,Dar es Salaam,34,14.610675114790805,38464.508649555006,27.066601960569383,844916.9350426286,1,1.3279131005873304,urban_digital
CUS04822,Morogoro,18,0.6456372715107068,14242.137603305539,0.5761793981129231,77837.88549158718,0,76.30838569754604,dormant
CUS04823,Mbeya,51,56.38480873260636,107485.76663878694,35.98491140049812,385826.19796265877,0,0.6797895564719848,high_freq_trader
CUS04824,Mbeya,21,7.533744438103736,13467.556390430407,2.3388978252965504,1184674.4742586017,0,12.556789242315677,rural_saver
CUS04825,Arusha,33,5.970328115097739,22037.999361096376,2.181922250198856,914236.0281637823,0,8.7830683248803,rural_saver
CUS04826,Tanga,18,19.897584963325226,52478.40764459084,20.297010204157406,289079.3048615035,0,2.208446197271834,urban_digital
CUS04827,Arusha,33,7.118568305203901,14638.078224711562,2.172021244423724,803619.8108286896,0,15.126926931740654,rural_saver
CUS04828,Morogoro,28,69.79418732104035,93025.07721147506,25.80644581189467,7026.598120672628,1,0.2121234113740914,high_freq_trader
CUS04829,Tanga,23,17.12664522499815,39406.960113421796,12.760109830612604,75550.32537470538,1,6.031343416876503,loan_active
CUS04830,Mwanza,18,0.8556699657635921,12890.616638665424,0.5169460721369137,44687.67371135352,0,86.33536507112608,dormant
CUS04831,Tanga,30,30.800776496124495,60692.81329017397,17.84275644614239,603036.9209803562,1,1.3854481563732397,urban_digital
CUS04832,Tanga,30,0.8066216424226003,8432.745693964162,0.33376716679714424,20531.047871577128,0,74.37701299349634,dormant
CUS04833,Mwanza,18,53.50315113197614,89317.99550546437,33.05377771357224,301813.46661399107,0,0.5339531447837829,high_freq_trader
CUS04834,Mwanza,31,7.894931895747154,18731.548936781597,2.3902917785852793,1104500.4170238846,0,8.77148358106246,rural_saver
CUS04835,Tanga,37,67.75415933707839,79953.14748666054,37.28288433107701,411484.082348523,0,0.7041060027704524,high_freq_trader
CUS04836,Mwanza,26,33.95597199171224,57670.99836083969,17.376857597233144,345091.19215160445,0,1.7124805509466645,urban_digital
CUS04837,Dodoma,19,25.36574821702305,41249.16699287347,27.82464216756237,414166.43571611564,0,2.285132474666097,urban_digital
CUS04838,Mwanza,65,26.08315787733559,50936.00501073067,24.197810939847304,675794.6600377815,0,2.5547680770599808,urban_digital
CUS04839,Zanzibar,42,20.083288237090983,77375.41103335557,19.244258781607364,854244.924110842,0,1.0904348163294362,urban_digital
CUS04840,Mwanza,24,12.52095129951595,37748.49579494659,10.591469172393019,122055.21139446167,1,4.13514004221234,loan_active
CUS04841,Mbeya,45,4.267810077317403,19774.88076161647,4.856772418344965,507999.8410016143,0,1.453956605257078,rural_saver
CUS04842,Dar es Salaam,46,32.13145635134729,31934.914936057874,27.248254636007886,997100.2425701735,1,1.384899235377512,urban_digital
CUS04843,Mbeya,27,5.807884704281559,13009.475457715158,4.454836110710019,732919.8270751206,0,11.09904986238115,rural_saver
CUS04844,Tanga,35,5.06202898910247,14217.399504746634,4.18268040217542,1080493.3036086273,0,4.001643844317422,rural_saver
CUS04845,Dodoma,39,5.336678165229896,10482.29649031115,7.978334207739119,1607958.954701362,0,10.485662768757239,rural_saver
CUS04846,Dar es Salaam,53,36.94621763215762,42110.989587148295,26.70651288722701,645443.8462163657,0,3.436327788515242,urban_digital
CUS04847,Zanzibar,28,0.4980786387107105,5816.888759825099,0.21439902900064225,54422.33831416878,0,59.29899778528155,dormant
CUS04848,Dar es Salaam,24,19.33969967527362,35130.208975634814,25.172734494104997,808427.6525757144,1,2.4298398439507785,urban_digital
CUS04849,Dodoma,21,57.630687019013436,114070.82763648147,35.545165809920626,117036.63522650281,1,0.6325335027240555,high_freq_trader
CUS04850,Dodoma,18,29.3640120045794,44399.10430532681,21.499368715217898,600073.5792232604,1,1.4884191876506043,urban_digital
CUS04851,Morogoro,18,71.46078646716774,55677.39554862653,32.489150158086716,450023.0217442467,1,1.0436615589159979,high_freq_trader
CUS04852,Mbeya,49,52.731830463134614,84596.07877680914,38.851859487823575,471212.81219080405,1,1.307426772839455,high_freq_trader
CUS04853,Morogoro,18,24.462582450053834,13515.66954074505,17.75233340146498,125615.53382279247,0,1.8217162530676767,urban_digital
CUS04854,Dar es Salaam,29,22.87531038179548,27883.718819979058,23.364985039685802,429302.87168248487,0,2.169684566285133,urban_digital
CUS04855,Zanzibar,28,25.721831431484503,35025.19950582904,7.886140391856966,342698.8679731968,1,1.3429878774002155,loan_active
CUS04856,Morogoro,40,2.6699020711408514,5808.623134111984,0.0,1085027.1441221894,1,8.98089750320125,rural_saver
CUS04857,Zanzibar,31,0.7069599558381543,12855.285434806401,0.7828289839304057,12447.943598691527,0,84.66405468418918,dormant
CUS04858,Mbeya,34,27.11994878821952,26862.29904567348,21.34025832049957,515450.97794366354,0,0.8446965243414593,urban_digital
CUS04859,Mwanza,45,20.459406435347596,43325.08204909294,27.303778544225317,580036.8827792349,0,1.843439097869262,urban_digital
CUS04860,Tanga,46,3.690666226000686,18642.409569392432,1.9911180554521097,1080621.150308976,0,12.170041460631216,rural_saver
CUS04861,Tanga,31,15.482771321481048,44589.43450004248,6.715622881144288,147995.90504284264,1,5.606601331422874,loan_active
CUS04862,Mbeya,32,32.30073623531564,48957.853451092604,21.100356945126205,852146.3651457619,0,1.1574326334536627,urban_digital
CUS04863,Mwanza,36,65.36973858839394,34663.9876311977,33.595925212448606,213378.30306075077,1,0.4891163827403463,high_freq_trader
CUS04864,Dar es Salaam,55,0.2555438763493535,6358.694687527809,0.0,43594.498811255056,0,44.91871706521421,dormant
CUS04865,Mwanza,18,25.161005817440245,31530.71854070972,28.273012136818064,718472.7567588765,1,4.141077707210243,urban_digital
CUS04866,Zanzibar,23,34.951956764935765,42329.90462333234,26.745441895658708,755569.6677328228,1,3.0003696530416315,urban_digital
CUS04867,Zanzibar,18,35.12147876790507,34539.26420905455,33.30699355076808,447124.940301361,0,1.8095897089767572,urban_digital
CUS04868,Morogoro,18,2.923648783714657,19560.172445127104,0.5599223955569608,1655898.8486140328,0,5.882622989633241,rural_saver
CUS04869,Dodoma,37,0.33321605512544267,7178.634556033455,0.0,31046.568176152075,0,105.52046223152105,dormant
CUS04870,Zanzibar,18,6.798934674573996,11065.869510553475,1.3532012601817565,827681.9500191704,0,5.612746641080811,rural_saver
CUS04871,Mbeya,48,31.895304704027936,43433.92561526169,20.901649185482505,734203.2667756152,0,0.6564210448960002,urban_digital
CUS04872,Dodoma,51,1.6407035033636024,10736.906220740315,0.44147153505175174,32544.24356595222,0,63.822717217213594,dormant
CUS04873,Mbeya,36,0.7132715347398099,11831.832091327582,0.02513145101804809,68507.75879793719,0,61.57311632897066,dormant
CUS04874,Dar es Salaam,50,7.231641741182292,12343.834581121142,1.9658444195309719,1008778.7594161518,0,10.544521003948857,rural_saver
CUS04875,Mbeya,30,0.8316326489290997,10127.761785623024,0.14988686389380143,39594.792397305704,0,84.09006493032022,dormant
CUS04876,Tanga,19,30.702158759819103,35212.593252934836,33.64674801836178,638735.6235957922,0,1.5173945679600682,urban_digital
CUS04877,Zanzibar,31,0.14849157797643686,11414.366842884465,0.37189693408215024,32696.964201301387,0,64.03824788149817,dormant
CUS04878,Tanga,37,6.204279326334368,22768.155157073976,5.210323689340853,1207000.5623823556,0,12.062918405741058,rural_saver
CUS04879,Tanga,31,6.235920774170784,24107.08395348258,7.1151700886095,822468.0302281615,0,6.841232341492288,rural_saver
CUS04880,Arusha,25,35.81044593040127,49978.88978649631,26.590042444351713,762241.3693313978,0,1.2909408625823893,urban_digital
CUS04881,Mbeya,22,0.0,3669.670920832753,0.6163083518063754,38777.570770899096,0,79.51701366665296,dormant
CUS04882,Tanga,34,0.689701676215157,6921.631567705989,0.4338594063653277,35663.559758130184,0,85.08568013731812,dormant
CUS04883,Mbeya,41,5.4566399475304745,15131.188048479631,4.558129092529035,751528.9491330213,0,10.74594621632622,rural_saver
CUS04884,Arusha,27,14.619573337471708,26129.472057679355,10.345816780837742,203627.51819088316,1,2.3337366188496786,loan_active
CUS04885,Dar es Salaam,31,57.692038192253555,35077.136765390416,44.592720979825074,272620.20690579613,0,0.443415753409357,high_freq_trader
CUS04886,Mbeya,32,17.36477594892073,56645.53434304073,24.93416545014098,735637.8996251433,0,2.411372782611793,urban_digital
CUS04887,Zanzibar,45,0.6764150233930373,7719.739210367454,0.5425258981113191,54172.33152837612,0,65.73747118265558,dormant
CUS04888,Mwanza,31,8.10730592756175,15437.981901562622,6.672214751975265,829367.5193216981,0,10.017515533874324,rural_saver
CUS04889,Dodoma,39,11.425707763128338,25058.783045160686,10.443044355066622,245867.24786767294,1,6.6284030936555,loan_active
CUS04890,Zanzibar,46,35.49501357347902,45230.968503203454,19.055935087495055,530110.7595169023,0,1.4875774007555986,urban_digital
CUS04891,Mbeya,52,17.607257980237275,43254.47749679563,9.48438786989,581685.2918593474,0,3.7762098265038357,urban_digital
CUS04892,Morogoro,24,7.864700979983727,10201.30609744317,1.9649844531372196,571183.8357894272,0,6.358231807508876,rural_saver
CUS04893,Arusha,34,20.45096505222289,48991.39552325263,24.76671641410666,155088.24022784526,0,2.255188151601705,urban_digital
CUS04894,Zanzibar,38,0.29953414099813147,10422.712269640735,0.0,32150.249015367124,0,85.3607430373249,dormant
CUS04895,Tanga,33,3.707540666230187,10880.752730082033,0.43560437530115914,282862.03056286904,1,11.800096115178064,rural_saver
CUS04896,Morogoro,31,34.96170933307643,40286.40678254773,13.399304375770585,668838.8633091745,0,2.1258806492489315,urban_digital
CUS04897,Dodoma,42,7.4053837603185615,17902.399901448687,3.4985161995699263,884600.5045100292,0,8.806804230154778,rural_saver
CUS04898,Arusha,44,11.250559578220486,28481.017467866375,3.6818036834009398,201735.8124785291,1,4.360276582250524,loan_active
CUS04899,Tanga,24,58.78747243385129,70080.05343810526,46.704902320428104,240608.3700769694,0,1.4520024109486982,high_freq_trader
CUS04900,Mwanza,18,11.931401152045241,12499.135495064307,0.0,1409973.690845754,0,10.805944847048913,rural_saver
CUS04901,Mwanza,28,14.673513946307217,67792.49133301509,15.91133683904988,916731.7683602355,0,2.1208718584897444,urban_digital
CUS04902,Tanga,42,41.527660500007144,36036.064865399916,20.40470879127837,723768.8553600186,0,0.9344855552429268,urban_digital
CUS04903,Dodoma,23,24.132404558361067,55304.424421608055,2.625323374826519,229181.06797448068,1,2.926588505757613,loan_active
CUS04904,Morogoro,22,52.89570354763261,73607.36059958393,31.02308769959586,0.0,1,1.423429964672365,high_freq_trader
CUS04905,Arusha,30,1.091984003674006,7541.369045204838,0.11211961502315407,0.0,0,84.74380987585813,dormant
CUS04906,Mbeya,45,16.050904767611073,36176.73853763057,12.33906071215747,163330.18186649735,1,4.288917088645859,loan_active
CUS04907,Mwanza,44,36.97589071050395,30949.22945414464,29.30928597976971,272366.48583299894,0,1.3593410827595178,urban_digital
CUS04908,Dodoma,33,1.2213180802881554,8717.244640031438,0.28579685657211384,47048.03285361543,0,65.58832710674105,dormant
CUS04909,Mbeya,25,14.948507237373065,55609.97801257262,28.158204369943107,608623.864337305,0,0.8397871500337417,urban_digital
CUS04910,Morogoro,18,29.192885968706307,22877.508770880868,26.122077276790804,614512.436585989,0,2.701246785952126,urban_digital
CUS04911,Arusha,18,4.357547750639066,21906.178059251626,4.588725836425157,1079201.4765144808,0,11.93905300937326,rural_saver
CUS04912,Tanga,42,7.870405318922011,9222.866302247212,0.05117202212432881,1578699.481687508,0,10.428832500015025,rural_saver
CUS04913,Dar es Salaam,18,19.43009860784974,33007.050377192696,13.559631373643253,243640.71105756733,1,6.05144518983644,loan_active
CUS04914,Tanga,52,3.6967802905365548,23434.47922223487,4.164768856751862,926064.1429741723,1,7.450102769613378,rural_saver
CUS04915,Mwanza,50,69.5665078911834,103789.29402472924,45.01297418490301,289443.98350497946,0,0.29010122221152546,high_freq_trader
CUS04916,Dodoma,49,59.60490649551705,101926.73918945763,41.68605665315078,339223.623336019,0,1.3487010455076982,high_freq_trader
CUS04917,Mwanza,35,0.13113343858738424,8957.850317667278,0.0,45001.074046681744,0,61.80338114817644,dormant
CUS04918,Tanga,39,18.677005223465713,35760.52902907675,17.843434903784228,213673.55684796197,1,4.543093364193288,loan_active
CUS04919,Dar es Salaam,38,7.40864715432117,8829.739679874321,5.273308080615548,537572.5408490491,0,14.400388261887112,rural_saver
CUS04920,Mwanza,32,1.348509510789035,6088.227628187768,5.125434121579389,163871.5720617912,0,13.939304748923036,rural_saver
CUS04921,Dodoma,28,30.631033064881493,47506.70176333338,16.63583953975463,749003.7464931193,0,2.689400615114796,urban_digital
CUS04922,Zanzibar,47,32.43969792492006,60571.57741064372,29.831187796058174,805374.2946104192,0,2.3982146596349754,urban_digital
CUS04923,Dar es Salaam,45,17.57811969543858,50519.5137145102,2.688621280175008,194667.99018247207,1,5.9579942170569575,loan_active
CUS04924,Arusha,38,9.084247887218384,10558.593982077135,7.01708048372892,1144468.8115791087,0,6.36482256025614,rural_saver
CUS04925,Morogoro,25,6.682374779981307,11865.252326182133,5.218677542715604,778338.0722580921,0,16.840826593724273,rural_saver
CUS04926,Zanzibar,23,28.359340230477187,56665.96400362157,25.379397782428313,329495.0923151104,0,1.3942276723933629,urban_digital
CUS04927,Mwanza,22,7.589192949126842,12894.790504933224,5.800854693494163,835535.5617378256,0,11.64894296109219,rural_saver
CUS04928,Dodoma,30,81.57879795097935,94640.47394487615,35.46991669781711,240098.90802186952,0,1.4979138241196182,high_freq_trader
CUS04929,Mwanza,50,27.70293705144849,63509.66122741184,28.995719728431517,918034.2706434906,1,3.4327547355153127,urban_digital
CUS04930,Mbeya,18,68.36114133326554,109424.97121528431,35.24341364427051,574245.6020121148,1,1.2798504844773917,high_freq_trader
CUS04931,Morogoro,25,0.4744511497480272,8813.499861443126,0.265984627781144,48822.96324571049,0,104.85369412491309,dormant
CUS04932,Dar es Salaam,28,44.77491634542206,75337.71768613174,45.95397533922531,426251.56824080995,0,1.4559057530508133,high_freq_trader
CUS04933,Mwanza,22,22.329060413698425,29854.581280520608,22.86414353577069,757668.7306804367,0,2.022946986541007,urban_digital
CUS04934,Mbeya,44,1.7896341304821737,4698.16445447739,0.3361837407335918,80090.52208014575,0,75.84662940648367,dormant
CUS04935,Mwanza,34,19.96266734125967,65904.57700295898,25.411171986816758,549318.0655591068,1,0.8480216393210838,urban_digital
CUS04936,Tanga,30,9.785494854652644,16164.878432351226,4.694119172528353,1015832.0399578193,0,8.234438414041215,rural_saver
CUS04937,Morogoro,27,51.55664474069195,88009.72970981036,39.32365173618056,384302.0170945069,0,1.0739299855842948,high_freq_trader
CUS04938,Dodoma,36,0.13802361591144774,2816.8902179695624,0.19055882883894915,34501.78799165629,0,66.46738355723956,dormant
CUS04939,Mbeya,18,23.250227450739,25379.57504673242,21.259189808724145,445184.90222494875,0,1.43848954208148,urban_digital
CUS04940,Morogoro,50,10.55823153411557,17733.484054418175,14.548511927542837,253828.9196221626,1,7.837829172669881,loan_active
CUS04941,Dar es Salaam,34,30.44198727490527,35134.13389499141,20.85740579048868,565603.8565787607,0,2.362904638817921,urban_digital
CUS04942,Tanga,18,0.32573967190268815,13408.362863136565,0.2658652322108991,44869.15832955194,0,70.65458210148051,dormant
CUS04943,Tanga,47,9.984512681513126,59459.86887678491,3.3983238884219125,171742.1327733356,1,5.685049094544724,loan_active
CUS04944,Morogoro,39,6.733561340326939,24454.33324350175,4.479291699204985,1304356.4045046703,0,16.16796097946539,rural_saver
CUS04945,Arusha,18,55.569881547126656,93993.83977940261,41.71989925486546,0.0,0,1.4449363624805982,high_freq_trader
CUS04946,Zanzibar,49,0.006829174301991536,12622.589211365199,0.7029384242635428,31376.94065851575,0,78.4796944956597,dormant
CUS04947,Morogoro,53,53.59984267062815,80533.8443035305,50.72613772023782,149500.4126053022,0,1.0664491815816795,high_freq_trader
CUS04948,Arusha,36,0.0,5157.651020239419,0.4777652464988271,72408.49906153415,0,79.23111354035996,dormant
CUS04949,Dar es Salaam,30,0.0,8405.688124226688,0.7446368712800345,10395.551895768796,0,59.31898067629375,dormant
CUS04950,Mwanza,32,25.996441919021787,67096.37928640231,19.34046241856624,373657.7049322785,1,1.3531434384855863,urban_digital
CUS04951,Tanga,37,65.50823845074021,50803.07438039616,43.64525126330932,332669.4684603676,1,0.3836307974143738,high_freq_trader
CUS04952,Morogoro,32,32.34427624589761,38626.15562170465,21.44254869611522,758777.7622558624,0,2.9396191183575784,urban_digital
CUS04953,Arusha,27,14.86249521628331,21745.086054835905,9.382457642395579,239590.7632766535,1,5.079269715352758,loan_active
CUS04954,Zanzibar,38,23.692009092313988,44618.805553453436,17.826815788336596,418289.0616395854,1,0.9638995253053406,urban_digital
CUS04955,Dar es Salaam,31,25.349414457598623,46063.60726655109,28.314378678527824,290583.95713508147,1,1.4176102623138007,urban_digital
CUS04956,Dodoma,30,24.61045944691921,20973.76336491233,12.36281084893048,240242.3525440148,1,3.6329386015053013,loan_active
CUS04957,Mbeya,40,23.863264419573387,45797.65194904855,28.463030375671085,527353.2562427963,0,3.4010105862592512,urban_digital
CUS04958,Morogoro,28,7.050967122887564,12030.227143443217,0.0,1075711.4014415492,0,10.969777289880563,rural_saver
CUS04959,Dodoma,43,66.22218655743495,126803.59670231717,45.325343277529555,501413.36580429785,1,0.38930779555802086,high_freq_trader
CUS04960,Dodoma,40,24.208272705037466,31710.199213269985,22.571728458638816,950831.8083859847,0,0.24178357532900052,urban_digital
CUS04961,Mwanza,42,23.447048330248865,20481.767530439774,16.97443702076293,633383.6565031802,1,1.5542843953288985,urban_digital
CUS04962,Zanzibar,35,7.829859325793524,11081.447663767705,3.757561546520464,719855.4366811931,1,7.551064356603126,rural_saver
CUS04963,Tanga,24,34.66206977053165,51126.87306356694,29.03417629780243,783804.2820227109,0,1.4025118399675,urban_digital
CUS04964,Tanga,31,18.480352303435875,59274.59465137622,22.3469745799038,259045.904750756,0,2.0942669520938995,urban_digital
CUS04965,Arusha,41,23.2403575503281,50348.98602881724,26.643175081191046,544019.8442773931,1,2.945469200848874,urban_digital
CUS04966,Tanga,34,3.780055700229656,8745.70487277256,6.398035169882942,243496.62387192284,0,10.586577392060306,rural_saver
CUS04967,Tanga,33,6.8405941716246845,12063.896316891674,5.762820620824525,1074742.6603869004,0,6.69427474593349,rural_saver
CUS04968,Mbeya,35,40.664021368939515,35910.85538069822,31.65390362610581,248963.69066153618,0,1.4573702985046904,urban_digital
CUS04969,Mwanza,21,1.1550357602957986,6669.431068524363,0.2838420664369658,40139.55920598594,0,115.52802562273831,dormant
CUS04970,Morogoro,39,0.24590152949428945,4088.150797491515,0.4719937413140878,15769.707288352198,0,111.4429292751659,dormant
CUS04971,Dodoma,23,30.778614990988817,44759.2889921685,24.608321823389797,616946.2549376105,0,1.1776309335927069,urban_digital
CUS04972,Tanga,18,7.641936158235813,14990.41104962793,0.0,757442.9821851795,0,9.358491561849222,rural_saver
CUS04973,Dar es Salaam,25,12.160844946848947,23362.46549928625,11.716818310950872,153943.4192940888,1,4.27307415363947,loan_active
CUS04974,Mbeya,46,1.26322024577628,5178.733848538107,0.08952038504203932,42710.95878285648,0,72.9376218714454,dormant
CUS04975,Dar es Salaam,37,7.711146378863584,27149.471755641433,0.6142520265794644,969255.3988033414,1,18.039039474537518,rural_saver
CUS04976,Arusha,26,1.9406557009914476,17171.068889057457,4.533664878507968,1127323.7448811228,1,11.311309072023816,rural_saver
CUS04977,Mbeya,51,30.05634312078225,46833.41631881362,29.25026596518709,605397.7906341424,0,0.7925664577568428,urban_digital
CUS04978,Mbeya,43,50.67359193536129,112573.26264605718,42.10495001647571,320448.55967736966,0,0.0,high_freq_trader
CUS04979,Morogoro,48,24.610465611931787,34756.41781679677,0.24948320966913862,124622.48194581599,1,4.879700285068596,loan_active
CUS04980,Morogoro,28,15.241715159547097,22232.74880501841,13.85398619324884,195465.34567418357,1,3.601812653210197,loan_active
CUS04981,Zanzibar,37,26.210751739208426,38643.74000132203,22.45029427427782,781352.0525522961,1,3.1041293437031268,urban_digital
CUS04982,Mwanza,18,5.219829301740509,15103.81543294607,2.182048073327085,410482.9521494066,0,2.418042762065155,rural_saver
CUS04983,Dar es Salaam,31,35.342913005840224,29589.466233195213,23.79376823231914,823347.3337520913,0,1.7048639418142155,urban_digital
CUS04984,Dar es Salaam,40,6.36030150450663,25561.141189353642,4.826094447560383,1100465.9747441385,0,11.111305465483865,rural_saver
CUS04985,Mwanza,50,6.9263151576043045,10183.305414114344,1.7416958261730042,746305.0628709426,0,13.337864620657221,rural_saver
CUS04986,Mbeya,33,0.4944481576062453,10150.967660756844,0.46259867764783485,46775.173625704934,0,68.56930651605306,dormant
CUS04987,Mwanza,47,27.37599688665924,58612.64807465079,30.164959267471076,629142.6661275101,1,2.1899869842661017,urban_digital
CUS04988,Tanga,34,14.499629365695744,23598.492102107706,8.29912280924544,267924.07808448956,1,4.471595905615991,loan_active
CUS04989,Mwanza,36,25.663017471731692,59325.10878475662,33.427273492905,601186.9791094691,0,2.9718751151806324,urban_digital
CUS04990,Mbeya,45,22.732527474444595,40086.68873377429,26.060114763978916,678762.435226209,1,1.563378988293887,urban_digital
CUS04991,Dar es Salaam,40,11.508795332709962,30388.53369522099,8.015634140562305,213306.5355009691,1,6.93768866334276,loan_active
CUS04992,Zanzibar,43,73.27691319986478,120885.37920829383,25.51753087775885,388786.7025369188,0,0.37162579731427003,high_freq_trader
CUS04993,Mwanza,61,8.910494573786233,8274.500736614063,5.236831590426398,1489688.686872859,1,0.0,rural_saver
CUS04994,Tanga,35,0.9805205518053393,500.0,0.07030170840268038,87732.92236284047,0,82.20571035756426,dormant
CUS04995,Dar es Salaam,27,31.27551351139128,38048.77249105065,23.364412970890047,779383.4212622043,0,0.6430118051904685,urban_digital
CUS04996,Mwanza,32,22.66652582510545,37741.594167914736,15.362706741513572,647124.1980179079,0,1.1882724084926313,urban_digital
CUS04997,Arusha,32,4.1773894009923485,19918.91286527446,2.2226775796555462,742230.160311338,0,14.029908472384196,rural_saver
CUS04998,Tanga,18,9.986218573487614,16768.823371925468,6.316862564518708,802718.3310757506,0,9.867356545668159,rural_saver
CUS04999,Tanga,51,1.006759905997174,8130.972035844634,0.08990926668316748,61288.1490983407,0,75.93865252126511,dormant
